session	policy	kind	cap_min	min_hold	target	arm	additional	drawdown	split	n	triggered	armed	mean_net_model_pct	median_net_model_pct	p10_net_model_pct	negative_count	actual_profit_mean_pct	date_first	date_last
PREMARKET	time:	time	10						train	13	13	0	0.2974	0.2481	-1.1123	3	1.48	2026-07-01	2026-07-23
PREMARKET	time:	time	10						holdout	18	18	0	1.7316	0.411	-0.7717	4	0.88	2026-07-28	2026-09-23
PREMARKET	time:	time	10						all	31	31	0	1.1301	0.2481	-0.91	7	1.1316	2026-07-01	2026-09-23
PREMARKET	threshold:min_hold=1,target=0.5	threshold	10	1	0.5				train	13	9	0	0.7899	0.8786	-1.1123	3	1.48	2026-07-01	2026-07-23
PREMARKET	threshold:min_hold=1,target=0.5	threshold	10	1	0.5				holdout	18	12	0	1.0134	0.671	-0.7717	3	0.88	2026-07-28	2026-09-23
PREMARKET	threshold:min_hold=1,target=0.5	threshold	10	1	0.5				all	31	21	0	0.9197	0.6853	-0.91	6	1.1316	2026-07-01	2026-09-23
PREMARKET	threshold:min_hold=1,target=1	threshold	10	1	1.0				train	13	7	0	0.8019	1.0657	-1.1123	3	1.48	2026-07-01	2026-07-23
PREMARKET	threshold:min_hold=1,target=1	threshold	10	1	1.0				holdout	18	10	0	1.0584	1.0543	-0.7717	3	0.88	2026-07-28	2026-09-23
PREMARKET	threshold:min_hold=1,target=1	threshold	10	1	1.0				all	31	17	0	0.9508	1.0657	-0.91	6	1.1316	2026-07-01	2026-09-23
PREMARKET	threshold:min_hold=1,target=1.5	threshold	10	1	1.5				train	13	5	0	0.7632	0.6294	-1.1123	3	1.48	2026-07-01	2026-07-23
PREMARKET	threshold:min_hold=1,target=1.5	threshold	10	1	1.5				holdout	18	9	0	1.1974	1.2229	-0.7717	3	0.88	2026-07-28	2026-09-23
PREMARKET	threshold:min_hold=1,target=1.5	threshold	10	1	1.5				all	31	14	0	1.0153	0.6853	-0.91	6	1.1316	2026-07-01	2026-09-23
PREMARKET	threshold:min_hold=1,target=2	threshold	10	1	2.0				train	13	3	0	0.617	0.4701	-1.1123	3	1.48	2026-07-01	2026-07-23
PREMARKET	threshold:min_hold=1,target=2	threshold	10	1	2.0				holdout	18	9	0	1.2389	1.4237	-0.7717	3	0.88	2026-07-28	2026-09-23
PREMARKET	threshold:min_hold=1,target=2	threshold	10	1	2.0				all	31	12	0	0.9781	0.6294	-0.91	6	1.1316	2026-07-01	2026-09-23
PREMARKET	threshold:min_hold=3,target=0.5	threshold	10	3	0.5				train	13	9	0	0.6534	0.7857	-1.1123	3	1.48	2026-07-01	2026-07-23
PREMARKET	threshold:min_hold=3,target=0.5	threshold	10	3	0.5				holdout	18	11	0	1.0104	0.6521	-0.7717	3	0.88	2026-07-28	2026-09-23
PREMARKET	threshold:min_hold=3,target=0.5	threshold	10	3	0.5				all	31	20	0	0.8607	0.7525	-0.91	6	1.1316	2026-07-01	2026-09-23
PREMARKET	threshold:min_hold=3,target=1	threshold	10	3	1.0				train	13	4	0	0.6011	0.4701	-1.1123	3	1.48	2026-07-01	2026-07-23
PREMARKET	threshold:min_hold=3,target=1	threshold	10	3	1.0				holdout	18	10	0	1.1271	1.0852	-0.7717	3	0.88	2026-07-28	2026-09-23
PREMARKET	threshold:min_hold=3,target=1	threshold	10	3	1.0				all	31	14	0	0.9065	0.6294	-0.91	6	1.1316	2026-07-01	2026-09-23
PREMARKET	threshold:min_hold=3,target=1.5	threshold	10	3	1.5				train	13	4	0	0.651	0.4701	-1.1123	3	1.48	2026-07-01	2026-07-23
PREMARKET	threshold:min_hold=3,target=1.5	threshold	10	3	1.5				holdout	18	8	0	1.2007	0.9879	-0.7717	3	0.88	2026-07-28	2026-09-23
PREMARKET	threshold:min_hold=3,target=1.5	threshold	10	3	1.5				all	31	12	0	0.9702	0.6294	-0.91	6	1.1316	2026-07-01	2026-09-23
PREMARKET	threshold:min_hold=3,target=2	threshold	10	3	2.0				train	13	2	0	0.4513	0.2481	-1.1123	3	1.48	2026-07-01	2026-07-23
PREMARKET	threshold:min_hold=3,target=2	threshold	10	3	2.0				holdout	18	8	0	1.2422	0.9879	-0.7717	3	0.88	2026-07-28	2026-09-23
PREMARKET	threshold:min_hold=3,target=2	threshold	10	3	2.0				all	31	10	0	0.9105	0.4701	-0.91	6	1.1316	2026-07-01	2026-09-23
PREMARKET	threshold:min_hold=5,target=0.5	threshold	10	5	0.5				train	13	9	0	0.7169	0.5975	-1.1123	3	1.48	2026-07-01	2026-07-23
PREMARKET	threshold:min_hold=5,target=0.5	threshold	10	5	0.5				holdout	18	10	0	1.3651	0.6075	-0.7717	3	0.88	2026-07-28	2026-09-23
PREMARKET	threshold:min_hold=5,target=0.5	threshold	10	5	0.5				all	31	19	0	1.0933	0.5975	-0.91	6	1.1316	2026-07-01	2026-09-23
PREMARKET	threshold:min_hold=5,target=1	threshold	10	5	1.0				train	13	4	0	0.6443	0.4701	-1.1123	3	1.48	2026-07-01	2026-07-23
PREMARKET	threshold:min_hold=5,target=1	threshold	10	5	1.0				holdout	18	10	0	1.4504	1.1766	-0.7717	3	0.88	2026-07-28	2026-09-23
PREMARKET	threshold:min_hold=5,target=1	threshold	10	5	1.0				all	31	14	0	1.1124	0.6294	-0.91	6	1.1316	2026-07-01	2026-09-23
PREMARKET	threshold:min_hold=5,target=1.5	threshold	10	5	1.5				train	13	3	0	0.6318	0.4701	-1.1123	3	1.48	2026-07-01	2026-07-23
PREMARKET	threshold:min_hold=5,target=1.5	threshold	10	5	1.5				holdout	18	8	0	1.4295	0.9879	-0.7717	3	0.88	2026-07-28	2026-09-23
PREMARKET	threshold:min_hold=5,target=1.5	threshold	10	5	1.5				all	31	11	0	1.095	0.6294	-0.91	6	1.1316	2026-07-01	2026-09-23
PREMARKET	threshold:min_hold=5,target=2	threshold	10	5	2.0				train	13	2	0	0.4944	0.2481	-1.1123	3	1.48	2026-07-01	2026-07-23
PREMARKET	threshold:min_hold=5,target=2	threshold	10	5	2.0				holdout	18	7	0	1.36	0.411	-0.7717	4	0.88	2026-07-28	2026-09-23
PREMARKET	threshold:min_hold=5,target=2	threshold	10	5	2.0				all	31	9	0	0.997	0.2481	-0.91	7	1.1316	2026-07-01	2026-09-23
PREMARKET	time:	time	20						train	10	10	0	0.0359	-0.4073	-1.8025	6	1.762	2026-07-02	2026-07-22
PREMARKET	time:	time	20						holdout	16	16	0	2.3118	-0.0996	-1.1527	8	0.6669	2026-07-28	2026-09-23
PREMARKET	time:	time	20						all	26	26	0	1.4365	-0.2747	-1.6978	14	1.0881	2026-07-02	2026-09-23
PREMARKET	threshold:min_hold=1,target=0.5	threshold	20	1	0.5				train	10	9	0	1.6493	1.0835	0.4466	1	1.762	2026-07-02	2026-07-22
PREMARKET	threshold:min_hold=1,target=0.5	threshold	20	1	0.5				holdout	16	13	0	1.1912	0.7404	-0.5861	3	0.6669	2026-07-28	2026-09-23
PREMARKET	threshold:min_hold=1,target=0.5	threshold	20	1	0.5				all	26	22	0	1.3674	0.8219	-0.5084	4	1.0881	2026-07-02	2026-09-23
PREMARKET	threshold:min_hold=1,target=1	threshold	20	1	1.0				train	10	7	0	1.299	1.516	-1.8025	3	1.762	2026-07-02	2026-07-22
PREMARKET	threshold:min_hold=1,target=1	threshold	20	1	1.0				holdout	16	10	0	1.078	1.1491	-1.0427	5	0.6669	2026-07-28	2026-09-23
PREMARKET	threshold:min_hold=1,target=1	threshold	20	1	1.0				all	26	17	0	1.163	1.3886	-1.5908	8	1.0881	2026-07-02	2026-09-23
PREMARKET	threshold:min_hold=1,target=1.5	threshold	20	1	1.5				train	10	5	0	0.9709	1.3441	-1.8025	4	1.762	2026-07-02	2026-07-22
PREMARKET	threshold:min_hold=1,target=1.5	threshold	20	1	1.5				holdout	16	9	0	1.1581	1.9613	-1.0427	6	0.6669	2026-07-28	2026-09-23
PREMARKET	threshold:min_hold=1,target=1.5	threshold	20	1	1.5				all	26	14	0	1.0861	1.7924	-1.6978	10	1.0881	2026-07-02	2026-09-23
PREMARKET	threshold:min_hold=1,target=2	threshold	20	1	2.0				train	10	4	0	0.8607	0.2722	-1.8025	5	1.762	2026-07-02	2026-07-22
PREMARKET	threshold:min_hold=1,target=2	threshold	20	1	2.0				holdout	16	9	0	1.2048	2.2644	-1.0427	6	0.6669	2026-07-28	2026-09-23
PREMARKET	threshold:min_hold=1,target=2	threshold	20	1	2.0				all	26	13	0	1.0724	1.513	-1.6978	11	1.0881	2026-07-02	2026-09-23
PREMARKET	threshold:min_hold=3,target=0.5	threshold	20	3	0.5				train	10	9	0	1.4719	0.7993	0.5229	1	1.762	2026-07-02	2026-07-22
PREMARKET	threshold:min_hold=3,target=0.5	threshold	20	3	0.5				holdout	16	12	0	1.1813	0.7404	-0.5861	3	0.6669	2026-07-28	2026-09-23
PREMARKET	threshold:min_hold=3,target=0.5	threshold	20	3	0.5				all	26	21	0	1.293	0.7754	-0.5084	4	1.0881	2026-07-02	2026-09-23
PREMARKET	threshold:min_hold=3,target=1	threshold	20	3	1.0				train	10	5	0	0.6937	0.2233	-1.8025	5	1.762	2026-07-02	2026-07-22
PREMARKET	threshold:min_hold=3,target=1	threshold	20	3	1.0				holdout	16	10	0	1.1553	1.199	-1.0427	5	0.6669	2026-07-28	2026-09-23
PREMARKET	threshold:min_hold=3,target=1	threshold	20	3	1.0				all	26	15	0	0.9778	1.0852	-1.6978	10	1.0881	2026-07-02	2026-09-23
PREMARKET	threshold:min_hold=3,target=1.5	threshold	20	3	1.5				train	10	4	0	0.6859	0.1842	-1.8025	5	1.762	2026-07-02	2026-07-22
PREMARKET	threshold:min_hold=3,target=1.5	threshold	20	3	1.5				holdout	16	9	0	1.3881	1.9613	-1.0427	6	0.6669	2026-07-28	2026-09-23
PREMARKET	threshold:min_hold=3,target=1.5	threshold	20	3	1.5				all	26	13	0	1.118	1.3121	-1.6978	11	1.0881	2026-07-02	2026-09-23
PREMARKET	threshold:min_hold=3,target=2	threshold	20	3	2.0				train	10	3	0	0.5062	-0.4073	-1.8025	6	1.762	2026-07-02	2026-07-22
PREMARKET	threshold:min_hold=3,target=2	threshold	20	3	2.0				holdout	16	9	0	1.4348	2.2644	-1.0427	6	0.6669	2026-07-28	2026-09-23
PREMARKET	threshold:min_hold=3,target=2	threshold	20	3	2.0				all	26	12	0	1.0776	0.4473	-1.6978	12	1.0881	2026-07-02	2026-09-23
PREMARKET	threshold:min_hold=5,target=0.5	threshold	20	5	0.5				train	10	9	0	1.5707	0.6827	0.4466	1	1.762	2026-07-02	2026-07-22
PREMARKET	threshold:min_hold=5,target=0.5	threshold	20	5	0.5				holdout	16	11	0	1.4822	1.0393	-1.0427	4	0.6669	2026-07-28	2026-09-23
PREMARKET	threshold:min_hold=5,target=0.5	threshold	20	5	0.5				all	26	20	0	1.5162	0.721	-0.5861	5	1.0881	2026-07-02	2026-09-23
PREMARKET	threshold:min_hold=5,target=1	threshold	20	5	1.0				train	10	5	0	0.7498	0.2233	-1.8025	5	1.762	2026-07-02	2026-07-22
PREMARKET	threshold:min_hold=5,target=1	threshold	20	5	1.0				holdout	16	10	0	1.519	1.5616	-1.0427	5	0.6669	2026-07-28	2026-09-23
PREMARKET	threshold:min_hold=5,target=1	threshold	20	5	1.0				all	26	15	0	1.2232	1.1766	-1.6978	10	1.0881	2026-07-02	2026-09-23
PREMARKET	threshold:min_hold=5,target=1.5	threshold	20	5	1.5				train	10	4	0	0.742	0.1842	-1.8025	5	1.762	2026-07-02	2026-07-22
PREMARKET	threshold:min_hold=5,target=1.5	threshold	20	5	1.5				holdout	16	9	0	1.6454	1.8138	-1.0427	6	0.6669	2026-07-28	2026-09-23
PREMARKET	threshold:min_hold=5,target=1.5	threshold	20	5	1.5				all	26	13	0	1.298	1.3121	-1.6978	11	1.0881	2026-07-02	2026-09-23
PREMARKET	threshold:min_hold=5,target=2	threshold	20	5	2.0				train	10	3	0	0.5623	-0.4073	-1.8025	6	1.762	2026-07-02	2026-07-22
PREMARKET	threshold:min_hold=5,target=2	threshold	20	5	2.0				holdout	16	8	0	1.5485	1.2177	-1.0427	7	0.6669	2026-07-28	2026-09-23
PREMARKET	threshold:min_hold=5,target=2	threshold	20	5	2.0				all	26	11	0	1.1692	-0.0996	-1.6978	13	1.0881	2026-07-02	2026-09-23
PREMARKET	two_stage_rise:arm=0.5,additional=0.3	two_stage_rise	20			0.5	0.3		train	10	6	9	1.4048	1.6566	-1.8025	4	1.762	2026-07-02	2026-07-22
PREMARKET	two_stage_rise:arm=0.5,additional=0.3	two_stage_rise	20			0.5	0.3		holdout	16	10	14	1.5379	1.3832	-1.0427	5	0.6669	2026-07-28	2026-09-23
PREMARKET	two_stage_rise:arm=0.5,additional=0.3	two_stage_rise	20			0.5	0.3		all	26	16	23	1.4867	1.5377	-1.6978	9	1.0881	2026-07-02	2026-09-23
PREMARKET	two_stage_rise:arm=0.5,additional=0.5	two_stage_rise	20			0.5	0.5		train	10	6	9	1.4048	1.6566	-1.8025	4	1.762	2026-07-02	2026-07-22
PREMARKET	two_stage_rise:arm=0.5,additional=0.5	two_stage_rise	20			0.5	0.5		holdout	16	9	14	1.4788	1.6735	-1.0427	6	0.6669	2026-07-28	2026-09-23
PREMARKET	two_stage_rise:arm=0.5,additional=0.5	two_stage_rise	20			0.5	0.5		all	26	15	23	1.4503	1.6735	-1.6978	10	1.0881	2026-07-02	2026-09-23
PREMARKET	two_stage_rise:arm=0.5,additional=1	two_stage_rise	20			0.5	1.0		train	10	3	9	0.7455	-0.4073	-1.8025	6	1.762	2026-07-02	2026-07-22
PREMARKET	two_stage_rise:arm=0.5,additional=1	two_stage_rise	20			0.5	1.0		holdout	16	9	14	1.6384	2.0635	-1.0427	6	0.6669	2026-07-28	2026-09-23
PREMARKET	two_stage_rise:arm=0.5,additional=1	two_stage_rise	20			0.5	1.0		all	26	12	23	1.295	0.4473	-1.6978	12	1.0881	2026-07-02	2026-09-23
PREMARKET	trailing_drawdown:arm=0.5,drawdown=0.3	trailing_drawdown	20			0.5		0.3	train	10	9	9	1.661	0.6943	-0.5485	2	1.762	2026-07-02	2026-07-22
PREMARKET	trailing_drawdown:arm=0.5,drawdown=0.3	trailing_drawdown	20			0.5		0.3	holdout	16	14	14	1.0755	0.5758	-0.3757	4	0.6669	2026-07-28	2026-09-23
PREMARKET	trailing_drawdown:arm=0.5,drawdown=0.3	trailing_drawdown	20			0.5		0.3	all	26	23	23	1.3007	0.6275	-0.5084	6	1.0881	2026-07-02	2026-09-23
PREMARKET	trailing_drawdown:arm=0.5,drawdown=0.4	trailing_drawdown	20			0.5		0.4	train	10	9	9	1.661	0.6943	-0.5485	2	1.762	2026-07-02	2026-07-22
PREMARKET	trailing_drawdown:arm=0.5,drawdown=0.4	trailing_drawdown	20			0.5		0.4	holdout	16	14	14	1.0516	0.404	-0.3757	4	0.6669	2026-07-28	2026-09-23
PREMARKET	trailing_drawdown:arm=0.5,drawdown=0.4	trailing_drawdown	20			0.5		0.4	all	26	23	23	1.286	0.6275	-0.5084	6	1.0881	2026-07-02	2026-09-23
PREMARKET	trailing_drawdown:arm=0.5,drawdown=0.5	trailing_drawdown	20			0.5		0.5	train	10	9	9	1.6669	0.6943	-0.5485	2	1.762	2026-07-02	2026-07-22
PREMARKET	trailing_drawdown:arm=0.5,drawdown=0.5	trailing_drawdown	20			0.5		0.5	holdout	16	14	14	1.0832	0.404	-0.4546	5	0.6669	2026-07-28	2026-09-23
PREMARKET	trailing_drawdown:arm=0.5,drawdown=0.5	trailing_drawdown	20			0.5		0.5	all	26	23	23	1.3077	0.6275	-0.5084	7	1.0881	2026-07-02	2026-09-23
PREMARKET	trailing_drawdown:arm=0.5,drawdown=0.8	trailing_drawdown	20			0.5		0.8	train	10	9	9	1.5682	0.6159	-0.5485	2	1.762	2026-07-02	2026-07-22
PREMARKET	trailing_drawdown:arm=0.5,drawdown=0.8	trailing_drawdown	20			0.5		0.8	holdout	16	14	14	1.53	1.1424	-0.7161	7	0.6669	2026-07-28	2026-09-23
PREMARKET	trailing_drawdown:arm=0.5,drawdown=0.8	trailing_drawdown	20			0.5		0.8	all	26	23	23	1.5447	0.7691	-0.7161	9	1.0881	2026-07-02	2026-09-23
PREMARKET	trailing_drawdown:arm=0.5,drawdown=1	trailing_drawdown	20			0.5		1.0	train	10	9	9	1.4014	0.32	-0.5485	2	1.762	2026-07-02	2026-07-22
PREMARKET	trailing_drawdown:arm=0.5,drawdown=1	trailing_drawdown	20			0.5		1.0	holdout	16	13	14	1.4586	0.833	-0.7545	6	0.6669	2026-07-28	2026-09-23
PREMARKET	trailing_drawdown:arm=0.5,drawdown=1	trailing_drawdown	20			0.5		1.0	all	26	22	23	1.4366	0.6159	-0.7545	8	1.0881	2026-07-02	2026-09-23
PREMARKET	two_stage_rise:arm=0.6,additional=0.3	two_stage_rise	20			0.6	0.3		train	10	5	9	1.3422	1.3441	-1.8025	4	1.762	2026-07-02	2026-07-22
PREMARKET	two_stage_rise:arm=0.6,additional=0.3	two_stage_rise	20			0.6	0.3		holdout	16	10	13	1.5379	1.3832	-1.0427	5	0.6669	2026-07-28	2026-09-23
PREMARKET	two_stage_rise:arm=0.6,additional=0.3	two_stage_rise	20			0.6	0.3		all	26	15	22	1.4626	1.3832	-1.6978	9	1.0881	2026-07-02	2026-09-23
PREMARKET	two_stage_rise:arm=0.6,additional=0.5	two_stage_rise	20			0.6	0.5		train	10	5	9	1.3422	1.3441	-1.8025	4	1.762	2026-07-02	2026-07-22
PREMARKET	two_stage_rise:arm=0.6,additional=0.5	two_stage_rise	20			0.6	0.5		holdout	16	9	13	1.4788	1.6735	-1.0427	6	0.6669	2026-07-28	2026-09-23
PREMARKET	two_stage_rise:arm=0.6,additional=0.5	two_stage_rise	20			0.6	0.5		all	26	14	22	1.4263	1.6735	-1.6978	10	1.0881	2026-07-02	2026-09-23
PREMARKET	two_stage_rise:arm=0.6,additional=1	two_stage_rise	20			0.6	1.0		train	10	3	9	0.7455	-0.4073	-1.8025	6	1.762	2026-07-02	2026-07-22
PREMARKET	two_stage_rise:arm=0.6,additional=1	two_stage_rise	20			0.6	1.0		holdout	16	9	13	1.6384	2.0635	-1.0427	6	0.6669	2026-07-28	2026-09-23
PREMARKET	two_stage_rise:arm=0.6,additional=1	two_stage_rise	20			0.6	1.0		all	26	12	22	1.295	0.4473	-1.6978	12	1.0881	2026-07-02	2026-09-23
PREMARKET	trailing_drawdown:arm=0.6,drawdown=0.3	trailing_drawdown	20			0.6		0.3	train	10	9	9	1.661	0.6943	-0.5485	2	1.762	2026-07-02	2026-07-22
PREMARKET	trailing_drawdown:arm=0.6,drawdown=0.3	trailing_drawdown	20			0.6		0.3	holdout	16	13	13	0.9936	0.5758	-0.978	4	0.6669	2026-07-28	2026-09-23
PREMARKET	trailing_drawdown:arm=0.6,drawdown=0.3	trailing_drawdown	20			0.6		0.3	all	26	22	22	1.2503	0.6275	-0.7742	6	1.0881	2026-07-02	2026-09-23
PREMARKET	trailing_drawdown:arm=0.6,drawdown=0.4	trailing_drawdown	20			0.6		0.4	train	10	9	9	1.661	0.6943	-0.5485	2	1.762	2026-07-02	2026-07-22
PREMARKET	trailing_drawdown:arm=0.6,drawdown=0.4	trailing_drawdown	20			0.6		0.4	holdout	16	13	13	0.9698	0.404	-0.978	4	0.6669	2026-07-28	2026-09-23
PREMARKET	trailing_drawdown:arm=0.6,drawdown=0.4	trailing_drawdown	20			0.6		0.4	all	26	22	22	1.2356	0.6275	-0.7742	6	1.0881	2026-07-02	2026-09-23
PREMARKET	trailing_drawdown:arm=0.6,drawdown=0.5	trailing_drawdown	20			0.6		0.5	train	10	9	9	1.6669	0.6943	-0.5485	2	1.762	2026-07-02	2026-07-22
PREMARKET	trailing_drawdown:arm=0.6,drawdown=0.5	trailing_drawdown	20			0.6		0.5	holdout	16	13	13	1.0014	0.404	-0.978	5	0.6669	2026-07-28	2026-09-23
PREMARKET	trailing_drawdown:arm=0.6,drawdown=0.5	trailing_drawdown	20			0.6		0.5	all	26	22	22	1.2573	0.6275	-0.7742	7	1.0881	2026-07-02	2026-09-23
PREMARKET	trailing_drawdown:arm=0.6,drawdown=0.8	trailing_drawdown	20			0.6		0.8	train	10	9	9	1.5604	0.5934	-0.5485	2	1.762	2026-07-02	2026-07-22
PREMARKET	trailing_drawdown:arm=0.6,drawdown=0.8	trailing_drawdown	20			0.6		0.8	holdout	16	13	13	1.4972	1.1424	-0.978	7	0.6669	2026-07-28	2026-09-23
PREMARKET	trailing_drawdown:arm=0.6,drawdown=0.8	trailing_drawdown	20			0.6		0.8	all	26	22	22	1.5215	0.73	-0.7742	9	1.0881	2026-07-02	2026-09-23
PREMARKET	trailing_drawdown:arm=0.6,drawdown=1	trailing_drawdown	20			0.6		1.0	train	10	9	9	1.4014	0.32	-0.5485	2	1.762	2026-07-02	2026-07-22
PREMARKET	trailing_drawdown:arm=0.6,drawdown=1	trailing_drawdown	20			0.6		1.0	holdout	16	12	13	1.4258	0.833	-1.0164	6	0.6669	2026-07-28	2026-09-23
PREMARKET	trailing_drawdown:arm=0.6,drawdown=1	trailing_drawdown	20			0.6		1.0	all	26	21	22	1.4165	0.6159	-0.8125	8	1.0881	2026-07-02	2026-09-23
PREMARKET	two_stage_rise:arm=1,additional=0.3	two_stage_rise	20			1.0	0.3		train	10	5	8	1.3769	1.3441	-1.8025	4	1.762	2026-07-02	2026-07-22
PREMARKET	two_stage_rise:arm=1,additional=0.3	two_stage_rise	20			1.0	0.3		holdout	16	9	10	1.6576	2.0635	-1.0427	6	0.6669	2026-07-28	2026-09-23
PREMARKET	two_stage_rise:arm=1,additional=0.3	two_stage_rise	20			1.0	0.3		all	26	14	18	1.5496	1.7924	-1.6978	10	1.0881	2026-07-02	2026-09-23
PREMARKET	two_stage_rise:arm=1,additional=0.5	two_stage_rise	20			1.0	0.5		train	10	5	8	1.3769	1.3441	-1.8025	4	1.762	2026-07-02	2026-07-22
PREMARKET	two_stage_rise:arm=1,additional=0.5	two_stage_rise	20			1.0	0.5		holdout	16	9	10	1.6576	2.0635	-1.0427	6	0.6669	2026-07-28	2026-09-23
PREMARKET	two_stage_rise:arm=1,additional=0.5	two_stage_rise	20			1.0	0.5		all	26	14	18	1.5496	1.7924	-1.6978	10	1.0881	2026-07-02	2026-09-23
PREMARKET	two_stage_rise:arm=1,additional=1	two_stage_rise	20			1.0	1.0		train	10	2	8	0.6935	-0.4073	-1.8025	6	1.762	2026-07-02	2026-07-22
PREMARKET	two_stage_rise:arm=1,additional=1	two_stage_rise	20			1.0	1.0		holdout	16	9	10	1.8027	2.4367	-1.0427	6	0.6669	2026-07-28	2026-09-23
PREMARKET	two_stage_rise:arm=1,additional=1	two_stage_rise	20			1.0	1.0		all	26	11	18	1.3761	0.4473	-1.6978	12	1.0881	2026-07-02	2026-09-23
PREMARKET	trailing_drawdown:arm=1,drawdown=0.3	trailing_drawdown	20			1.0		0.3	train	10	8	8	1.601	0.7691	-1.0989	3	1.762	2026-07-02	2026-07-22
PREMARKET	trailing_drawdown:arm=1,drawdown=0.3	trailing_drawdown	20			1.0		0.3	holdout	16	10	10	1.015	0.6838	-1.0427	5	0.6669	2026-07-28	2026-09-23
PREMARKET	trailing_drawdown:arm=1,drawdown=0.3	trailing_drawdown	20			1.0		0.3	all	26	18	18	1.2404	0.7189	-1.2307	8	1.0881	2026-07-02	2026-09-23
PREMARKET	trailing_drawdown:arm=1,drawdown=0.4	trailing_drawdown	20			1.0		0.4	train	10	8	8	1.601	0.7691	-1.0989	3	1.762	2026-07-02	2026-07-22
PREMARKET	trailing_drawdown:arm=1,drawdown=0.4	trailing_drawdown	20			1.0		0.4	holdout	16	10	10	0.9626	0.6506	-1.0427	6	0.6669	2026-07-28	2026-09-23
PREMARKET	trailing_drawdown:arm=1,drawdown=0.4	trailing_drawdown	20			1.0		0.4	all	26	18	18	1.2082	0.7174	-1.2307	9	1.0881	2026-07-02	2026-09-23
PREMARKET	trailing_drawdown:arm=1,drawdown=0.5	trailing_drawdown	20			1.0		0.5	train	10	8	8	1.601	0.7691	-1.0989	3	1.762	2026-07-02	2026-07-22
PREMARKET	trailing_drawdown:arm=1,drawdown=0.5	trailing_drawdown	20			1.0		0.5	holdout	16	10	10	1.1595	0.6506	-1.0427	6	0.6669	2026-07-28	2026-09-23
PREMARKET	trailing_drawdown:arm=1,drawdown=0.5	trailing_drawdown	20			1.0		0.5	all	26	18	18	1.3293	0.7174	-1.2307	9	1.0881	2026-07-02	2026-09-23
PREMARKET	trailing_drawdown:arm=1,drawdown=0.8	trailing_drawdown	20			1.0		0.8	train	10	8	8	1.5932	0.73	-1.0989	3	1.762	2026-07-02	2026-07-22
PREMARKET	trailing_drawdown:arm=1,drawdown=0.8	trailing_drawdown	20			1.0		0.8	holdout	16	10	10	1.4971	1.1424	-1.0427	6	0.6669	2026-07-28	2026-09-23
PREMARKET	trailing_drawdown:arm=1,drawdown=0.8	trailing_drawdown	20			1.0		0.8	all	26	18	18	1.5341	0.8043	-1.2307	9	1.0881	2026-07-02	2026-09-23
PREMARKET	trailing_drawdown:arm=1,drawdown=1	trailing_drawdown	20			1.0		1.0	train	10	8	8	1.3476	0.6159	-1.0989	3	1.762	2026-07-02	2026-07-22
PREMARKET	trailing_drawdown:arm=1,drawdown=1	trailing_drawdown	20			1.0		1.0	holdout	16	10	10	1.4225	0.833	-1.0427	6	0.6669	2026-07-28	2026-09-23
PREMARKET	trailing_drawdown:arm=1,drawdown=1	trailing_drawdown	20			1.0		1.0	all	26	18	18	1.3937	0.7813	-1.2307	9	1.0881	2026-07-02	2026-09-23
PREMARKET	two_stage_rise:arm=1.5,additional=0.3	two_stage_rise	20			1.5	0.3		train	10	4	5	1.1625	0.2722	-1.8025	5	1.762	2026-07-02	2026-07-22
PREMARKET	two_stage_rise:arm=1.5,additional=0.3	two_stage_rise	20			1.5	0.3		holdout	16	8	9	1.5731	1.2688	-1.0427	7	0.6669	2026-07-28	2026-09-23
PREMARKET	two_stage_rise:arm=1.5,additional=0.3	two_stage_rise	20			1.5	0.3		all	26	12	14	1.4152	0.4473	-1.6978	12	1.0881	2026-07-02	2026-09-23
PREMARKET	two_stage_rise:arm=1.5,additional=0.5	two_stage_rise	20			1.5	0.5		train	10	4	5	1.1625	0.2722	-1.8025	5	1.762	2026-07-02	2026-07-22
PREMARKET	two_stage_rise:arm=1.5,additional=0.5	two_stage_rise	20			1.5	0.5		holdout	16	8	9	1.5731	1.2688	-1.0427	7	0.6669	2026-07-28	2026-09-23
PREMARKET	two_stage_rise:arm=1.5,additional=0.5	two_stage_rise	20			1.5	0.5		all	26	12	14	1.4152	0.4473	-1.6978	12	1.0881	2026-07-02	2026-09-23
PREMARKET	two_stage_rise:arm=1.5,additional=1	two_stage_rise	20			1.5	1.0		train	10	2	5	0.6935	-0.4073	-1.8025	6	1.762	2026-07-02	2026-07-22
PREMARKET	two_stage_rise:arm=1.5,additional=1	two_stage_rise	20			1.5	1.0		holdout	16	7	9	1.676	0.6053	-1.0427	7	0.6669	2026-07-28	2026-09-23
PREMARKET	two_stage_rise:arm=1.5,additional=1	two_stage_rise	20			1.5	1.0		all	26	9	14	1.2981	-0.0996	-1.6978	13	1.0881	2026-07-02	2026-09-23
PREMARKET	trailing_drawdown:arm=1.5,drawdown=0.3	trailing_drawdown	20			1.5		0.3	train	10	5	5	1.3311	1.1208	-1.8025	4	1.762	2026-07-02	2026-07-22
PREMARKET	trailing_drawdown:arm=1.5,drawdown=0.3	trailing_drawdown	20			1.5		0.3	holdout	16	9	9	1.0997	1.1007	-1.0427	6	0.6669	2026-07-28	2026-09-23
PREMARKET	trailing_drawdown:arm=1.5,drawdown=0.3	trailing_drawdown	20			1.5		0.3	all	26	14	14	1.1887	1.1046	-1.6978	10	1.0881	2026-07-02	2026-09-23
PREMARKET	trailing_drawdown:arm=1.5,drawdown=0.4	trailing_drawdown	20			1.5		0.4	train	10	5	5	1.3311	1.1208	-1.8025	4	1.762	2026-07-02	2026-07-22
PREMARKET	trailing_drawdown:arm=1.5,drawdown=0.4	trailing_drawdown	20			1.5		0.4	holdout	16	9	9	1.0997	1.1007	-1.0427	6	0.6669	2026-07-28	2026-09-23
PREMARKET	trailing_drawdown:arm=1.5,drawdown=0.4	trailing_drawdown	20			1.5		0.4	all	26	14	14	1.1887	1.1046	-1.6978	10	1.0881	2026-07-02	2026-09-23
PREMARKET	trailing_drawdown:arm=1.5,drawdown=0.5	trailing_drawdown	20			1.5		0.5	train	10	5	5	1.3311	1.1208	-1.8025	4	1.762	2026-07-02	2026-07-22
PREMARKET	trailing_drawdown:arm=1.5,drawdown=0.5	trailing_drawdown	20			1.5		0.5	holdout	16	9	9	1.2604	1.1424	-1.0427	6	0.6669	2026-07-28	2026-09-23
PREMARKET	trailing_drawdown:arm=1.5,drawdown=0.5	trailing_drawdown	20			1.5		0.5	all	26	14	14	1.2876	1.1208	-1.6978	10	1.0881	2026-07-02	2026-09-23
PREMARKET	trailing_drawdown:arm=1.5,drawdown=0.8	trailing_drawdown	20			1.5		0.8	train	10	5	5	1.1882	0.4062	-1.8025	5	1.762	2026-07-02	2026-07-22
PREMARKET	trailing_drawdown:arm=1.5,drawdown=0.8	trailing_drawdown	20			1.5		0.8	holdout	16	9	9	1.442	1.1424	-1.0427	6	0.6669	2026-07-28	2026-09-23
PREMARKET	trailing_drawdown:arm=1.5,drawdown=0.8	trailing_drawdown	20			1.5		0.8	all	26	14	14	1.3444	0.8599	-1.6978	11	1.0881	2026-07-02	2026-09-23
PREMARKET	trailing_drawdown:arm=1.5,drawdown=1	trailing_drawdown	20			1.5		1.0	train	10	5	5	0.9973	0.3808	-1.8025	5	1.762	2026-07-02	2026-07-22
PREMARKET	trailing_drawdown:arm=1.5,drawdown=1	trailing_drawdown	20			1.5		1.0	holdout	16	9	9	1.3987	0.833	-1.0427	6	0.6669	2026-07-28	2026-09-23
PREMARKET	trailing_drawdown:arm=1.5,drawdown=1	trailing_drawdown	20			1.5		1.0	all	26	14	14	1.2443	0.8114	-1.6978	11	1.0881	2026-07-02	2026-09-23
PREMARKET	time:	time	2						train	13	13	0	0.6685	0.0353	-0.6325	6	1.48	2026-07-01	2026-07-23
PREMARKET	time:	time	2						holdout	18	18	0	0.1439	-0.1253	-1.2852	10	0.88	2026-07-28	2026-09-23
PREMARKET	time:	time	2						all	31	31	0	0.3639	-0.0205	-1.2007	16	1.1316	2026-07-01	2026-09-23
PREMARKET	time:	time	3						train	13	13	0	0.7722	0.2559	-1.0715	6	1.48	2026-07-01	2026-07-23
PREMARKET	time:	time	3						holdout	18	18	0	0.3136	-0.0198	-1.1314	9	0.88	2026-07-28	2026-09-23
PREMARKET	time:	time	3						all	31	31	0	0.5059	0.0856	-1.152	15	1.1316	2026-07-01	2026-09-23
PREMARKET	time:	time	5						train	13	13	0	0.642	0.5159	-2.1057	4	1.48	2026-07-01	2026-07-23
PREMARKET	time:	time	5						holdout	18	18	0	0.8173	0.5943	-1.143	8	0.88	2026-07-28	2026-09-23
PREMARKET	time:	time	5						all	31	31	0	0.7438	0.5159	-1.4937	12	1.1316	2026-07-01	2026-09-23
PREMARKET	time:	time	30						train	8	8	0	-0.0113	-0.4218	-2.1223	5	1.3613	2026-07-02	2026-07-22
PREMARKET	time:	time	30						holdout	11	11	0	1.8636	0.7836	-0.5982	5	0.8227	2026-07-28	2026-09-23
PREMARKET	time:	time	30						all	19	19	0	1.0742	-0.0214	-1.0052	10	1.0495	2026-07-02	2026-09-23
REGULAR	time:	time	10						train	90	90	0	0.6855	0.5021	-1.817	33	1.1641	2026-07-01	2026-08-18
REGULAR	time:	time	10						holdout	62	62	0	-0.0073	-0.2561	-1.9801	35	0.5716	2026-08-19	2026-09-23
REGULAR	time:	time	10						all	152	152	0	0.4029	0.1751	-1.8988	68	0.9224	2026-07-01	2026-09-23
REGULAR	threshold:min_hold=1,target=0.5	threshold	10	1	0.5				train	90	62	0	0.5393	0.5955	-1.2313	24	1.1641	2026-07-01	2026-08-18
REGULAR	threshold:min_hold=1,target=0.5	threshold	10	1	0.5				holdout	62	35	0	0.0778	0.5398	-1.5724	27	0.5716	2026-08-19	2026-09-23
REGULAR	threshold:min_hold=1,target=0.5	threshold	10	1	0.5				all	152	97	0	0.3511	0.5749	-1.5557	51	0.9224	2026-07-01	2026-09-23
REGULAR	threshold:min_hold=1,target=1	threshold	10	1	1.0				train	90	45	0	0.5961	0.8403	-1.2852	28	1.1641	2026-07-01	2026-08-18
REGULAR	threshold:min_hold=1,target=1	threshold	10	1	1.0				holdout	62	25	0	0.064	-0.1147	-1.5724	32	0.5716	2026-08-19	2026-09-23
REGULAR	threshold:min_hold=1,target=1	threshold	10	1	1.0				all	152	70	0	0.3791	0.5263	-1.5724	60	0.9224	2026-07-01	2026-09-23
REGULAR	threshold:min_hold=1,target=1.5	threshold	10	1	1.5				train	90	39	0	0.7347	0.7143	-1.2852	28	1.1641	2026-07-01	2026-08-18
REGULAR	threshold:min_hold=1,target=1.5	threshold	10	1	1.5				holdout	62	16	0	-0.0029	-0.23	-1.8698	34	0.5716	2026-08-19	2026-09-23
REGULAR	threshold:min_hold=1,target=1.5	threshold	10	1	1.5				all	152	55	0	0.4338	0.4561	-1.6572	62	0.9224	2026-07-01	2026-09-23
REGULAR	threshold:min_hold=1,target=2	threshold	10	1	2.0				train	90	27	0	0.7098	0.5417	-1.4057	31	1.1641	2026-07-01	2026-08-18
REGULAR	threshold:min_hold=1,target=2	threshold	10	1	2.0				holdout	62	11	0	0.0079	-0.23	-1.8698	34	0.5716	2026-08-19	2026-09-23
REGULAR	threshold:min_hold=1,target=2	threshold	10	1	2.0				all	152	38	0	0.4235	0.2752	-1.6572	65	0.9224	2026-07-01	2026-09-23
REGULAR	threshold:min_hold=3,target=0.5	threshold	10	3	0.5				train	90	59	0	0.463	0.5827	-1.6801	28	1.1641	2026-07-01	2026-08-18
REGULAR	threshold:min_hold=3,target=0.5	threshold	10	3	0.5				holdout	62	32	0	0.0914	0.3488	-1.5817	30	0.5716	2026-08-19	2026-09-23
REGULAR	threshold:min_hold=3,target=0.5	threshold	10	3	0.5				all	152	91	0	0.3114	0.5726	-1.6572	58	0.9224	2026-07-01	2026-09-23
REGULAR	threshold:min_hold=3,target=1	threshold	10	3	1.0				train	90	44	0	0.5176	0.6443	-1.6801	30	1.1641	2026-07-01	2026-08-18
REGULAR	threshold:min_hold=3,target=1	threshold	10	3	1.0				holdout	62	24	0	0.0405	-0.2027	-1.5817	33	0.5716	2026-08-19	2026-09-23
REGULAR	threshold:min_hold=3,target=1	threshold	10	3	1.0				all	152	68	0	0.323	0.4804	-1.6572	63	0.9224	2026-07-01	2026-09-23
REGULAR	threshold:min_hold=3,target=1.5	threshold	10	3	1.5				train	90	35	0	0.6164	0.603	-1.6801	29	1.1641	2026-07-01	2026-08-18
REGULAR	threshold:min_hold=3,target=1.5	threshold	10	3	1.5				holdout	62	16	0	0.008	-0.23	-1.8698	34	0.5716	2026-08-19	2026-09-23
REGULAR	threshold:min_hold=3,target=1.5	threshold	10	3	1.5				all	152	51	0	0.3683	0.3874	-1.7963	63	0.9224	2026-07-01	2026-09-23
REGULAR	threshold:min_hold=3,target=2	threshold	10	3	2.0				train	90	21	0	0.5543	0.5126	-1.6801	32	1.1641	2026-07-01	2026-08-18
REGULAR	threshold:min_hold=3,target=2	threshold	10	3	2.0				holdout	62	11	0	-0.0055	-0.23	-1.8698	34	0.5716	2026-08-19	2026-09-23
REGULAR	threshold:min_hold=3,target=2	threshold	10	3	2.0				all	152	32	0	0.326	0.2225	-1.7963	66	0.9224	2026-07-01	2026-09-23
REGULAR	threshold:min_hold=5,target=0.5	threshold	10	5	0.5				train	90	56	0	0.5666	0.6443	-1.6801	27	1.1641	2026-07-01	2026-08-18
REGULAR	threshold:min_hold=5,target=0.5	threshold	10	5	0.5				holdout	62	27	0	0.0357	-0.2027	-1.8698	33	0.5716	2026-08-19	2026-09-23
REGULAR	threshold:min_hold=5,target=0.5	threshold	10	5	0.5				all	152	83	0	0.35	0.5645	-1.7963	60	0.9224	2026-07-01	2026-09-23
REGULAR	threshold:min_hold=5,target=1	threshold	10	5	1.0				train	90	43	0	0.5903	0.6443	-1.6801	30	1.1641	2026-07-01	2026-08-18
REGULAR	threshold:min_hold=5,target=1	threshold	10	5	1.0				holdout	62	19	0	-0.0305	-0.2561	-1.9801	34	0.5716	2026-08-19	2026-09-23
REGULAR	threshold:min_hold=5,target=1	threshold	10	5	1.0				all	152	62	0	0.3371	0.4432	-1.8663	64	0.9224	2026-07-01	2026-09-23
REGULAR	threshold:min_hold=5,target=1.5	threshold	10	5	1.5				train	90	32	0	0.6262	0.5417	-1.6801	30	1.1641	2026-07-01	2026-08-18
REGULAR	threshold:min_hold=5,target=1.5	threshold	10	5	1.5				holdout	62	15	0	-0.0423	-0.2561	-1.9801	35	0.5716	2026-08-19	2026-09-23
REGULAR	threshold:min_hold=5,target=1.5	threshold	10	5	1.5				all	152	47	0	0.3535	0.2752	-1.8663	65	0.9224	2026-07-01	2026-09-23
REGULAR	threshold:min_hold=5,target=2	threshold	10	5	2.0				train	90	21	0	0.5786	0.5126	-1.6801	32	1.1641	2026-07-01	2026-08-18
REGULAR	threshold:min_hold=5,target=2	threshold	10	5	2.0				holdout	62	10	0	-0.0534	-0.2561	-1.9801	35	0.5716	2026-08-19	2026-09-23
REGULAR	threshold:min_hold=5,target=2	threshold	10	5	2.0				all	152	31	0	0.3208	0.1892	-1.8663	67	0.9224	2026-07-01	2026-09-23
REGULAR	time:	time	20						train	90	90	0	0.5092	0.3382	-1.661	41	1.1641	2026-07-01	2026-08-18
REGULAR	time:	time	20						holdout	62	62	0	-0.0807	-0.1613	-2.3603	35	0.5716	2026-08-19	2026-09-23
REGULAR	time:	time	20						all	152	152	0	0.2686	0.0071	-1.9761	76	0.9224	2026-07-01	2026-09-23
REGULAR	threshold:min_hold=1,target=0.5	threshold	20	1	0.5				train	90	73	0	0.6945	0.6539	-1.2146	17	1.1641	2026-07-01	2026-08-18
REGULAR	threshold:min_hold=1,target=0.5	threshold	20	1	0.5				holdout	62	41	0	0.2938	0.6131	-1.7062	17	0.5716	2026-08-19	2026-09-23
REGULAR	threshold:min_hold=1,target=0.5	threshold	20	1	0.5				all	152	114	0	0.531	0.6383	-1.3032	34	0.9224	2026-07-01	2026-09-23
REGULAR	threshold:min_hold=1,target=1	threshold	20	1	1.0				train	90	59	0	0.818	1.1791	-1.5624	24	1.1641	2026-07-01	2026-08-18
REGULAR	threshold:min_hold=1,target=1	threshold	20	1	1.0				holdout	62	29	0	0.1963	0.1342	-1.8386	26	0.5716	2026-08-19	2026-09-23
REGULAR	threshold:min_hold=1,target=1	threshold	20	1	1.0				all	152	88	0	0.5644	1.02	-1.6849	50	0.9224	2026-07-01	2026-09-23
REGULAR	threshold:min_hold=1,target=1.5	threshold	20	1	1.5				train	90	53	0	0.9502	1.5289	-1.5624	26	1.1641	2026-07-01	2026-08-18
REGULAR	threshold:min_hold=1,target=1.5	threshold	20	1	1.5				holdout	62	23	0	0.1488	0.0998	-2.0149	29	0.5716	2026-08-19	2026-09-23
REGULAR	threshold:min_hold=1,target=1.5	threshold	20	1	1.5				all	152	76	0	0.6234	1.0536	-1.7765	55	0.9224	2026-07-01	2026-09-23
REGULAR	threshold:min_hold=1,target=2	threshold	20	1	2.0				train	90	41	0	0.9194	1.0037	-1.5624	32	1.1641	2026-07-01	2026-08-18
REGULAR	threshold:min_hold=1,target=2	threshold	20	1	2.0				holdout	62	16	0	-0.0021	-0.0455	-2.165	33	0.5716	2026-08-19	2026-09-23
REGULAR	threshold:min_hold=1,target=2	threshold	20	1	2.0				all	152	57	0	0.5435	0.5117	-1.7996	65	0.9224	2026-07-01	2026-09-23
REGULAR	threshold:min_hold=3,target=0.5	threshold	20	3	0.5				train	90	71	0	0.6086	0.6738	-1.3316	20	1.1641	2026-07-01	2026-08-18
REGULAR	threshold:min_hold=3,target=0.5	threshold	20	3	0.5				holdout	62	38	0	0.2844	0.6413	-1.8386	20	0.5716	2026-08-19	2026-09-23
REGULAR	threshold:min_hold=3,target=0.5	threshold	20	3	0.5				all	152	109	0	0.4764	0.6545	-1.6818	40	0.9224	2026-07-01	2026-09-23
REGULAR	threshold:min_hold=3,target=1	threshold	20	3	1.0				train	90	58	0	0.7276	1.1663	-1.6205	26	1.1641	2026-07-01	2026-08-18
REGULAR	threshold:min_hold=3,target=1	threshold	20	3	1.0				holdout	62	28	0	0.1624	0.1222	-1.9886	27	0.5716	2026-08-19	2026-09-23
REGULAR	threshold:min_hold=3,target=1	threshold	20	3	1.0				all	152	86	0	0.497	1.0067	-1.7668	53	0.9224	2026-07-01	2026-09-23
REGULAR	threshold:min_hold=3,target=1.5	threshold	20	3	1.5				train	90	52	0	0.8573	1.5419	-1.6205	27	1.1641	2026-07-01	2026-08-18
REGULAR	threshold:min_hold=3,target=1.5	threshold	20	3	1.5				holdout	62	23	0	0.1598	0.0998	-2.0149	29	0.5716	2026-08-19	2026-09-23
REGULAR	threshold:min_hold=3,target=1.5	threshold	20	3	1.5				all	152	75	0	0.5728	1.0037	-1.7996	56	0.9224	2026-07-01	2026-09-23
REGULAR	threshold:min_hold=3,target=2	threshold	20	3	2.0				train	90	37	0	0.7165	0.6014	-1.661	35	1.1641	2026-07-01	2026-08-18
REGULAR	threshold:min_hold=3,target=2	threshold	20	3	2.0				holdout	62	16	0	-0.0155	-0.0455	-2.165	33	0.5716	2026-08-19	2026-09-23
REGULAR	threshold:min_hold=3,target=2	threshold	20	3	2.0				all	152	53	0	0.4179	0.3159	-1.8797	68	0.9224	2026-07-01	2026-09-23
REGULAR	threshold:min_hold=5,target=0.5	threshold	20	5	0.5				train	90	70	0	0.7165	0.8093	-1.3316	19	1.1641	2026-07-01	2026-08-18
REGULAR	threshold:min_hold=5,target=0.5	threshold	20	5	0.5				holdout	62	34	0	0.2145	0.5541	-1.9886	23	0.5716	2026-08-19	2026-09-23
REGULAR	threshold:min_hold=5,target=0.5	threshold	20	5	0.5				all	152	104	0	0.5117	0.6804	-1.7062	42	0.9224	2026-07-01	2026-09-23
REGULAR	threshold:min_hold=5,target=1	threshold	20	5	1.0				train	90	57	0	0.801	1.193	-1.6205	26	1.1641	2026-07-01	2026-08-18
REGULAR	threshold:min_hold=5,target=1	threshold	20	5	1.0				holdout	62	26	0	0.0987	0.1129	-2.165	28	0.5716	2026-08-19	2026-09-23
REGULAR	threshold:min_hold=5,target=1	threshold	20	5	1.0				all	152	83	0	0.5145	1.0226	-1.8455	54	0.9224	2026-07-01	2026-09-23
REGULAR	threshold:min_hold=5,target=1.5	threshold	20	5	1.5				train	90	50	0	0.8619	1.5419	-1.6205	29	1.1641	2026-07-01	2026-08-18
REGULAR	threshold:min_hold=5,target=1.5	threshold	20	5	1.5				holdout	62	22	0	0.1024	0.0608	-2.165	30	0.5716	2026-08-19	2026-09-23
REGULAR	threshold:min_hold=5,target=1.5	threshold	20	5	1.5				all	152	72	0	0.5521	0.8162	-1.8481	59	0.9224	2026-07-01	2026-09-23
REGULAR	threshold:min_hold=5,target=2	threshold	20	5	2.0				train	90	37	0	0.7408	0.6014	-1.661	35	1.1641	2026-07-01	2026-08-18
REGULAR	threshold:min_hold=5,target=2	threshold	20	5	2.0				holdout	62	15	0	-0.0705	-0.0729	-2.3603	34	0.5716	2026-08-19	2026-09-23
REGULAR	threshold:min_hold=5,target=2	threshold	20	5	2.0				all	152	52	0	0.4099	0.1991	-1.9761	69	0.9224	2026-07-01	2026-09-23
REGULAR	two_stage_rise:arm=0.5,additional=0.3	two_stage_rise	20			0.5	0.3		train	90	55	73	0.8743	1.1643	-1.5624	29	1.1641	2026-07-01	2026-08-18
REGULAR	two_stage_rise:arm=0.5,additional=0.3	two_stage_rise	20			0.5	0.3		holdout	62	28	41	0.0782	0.1129	-2.0149	28	0.5716	2026-08-19	2026-09-23
REGULAR	two_stage_rise:arm=0.5,additional=0.3	two_stage_rise	20			0.5	0.3		all	152	83	114	0.5496	0.9535	-1.7765	57	0.9224	2026-07-01	2026-09-23
REGULAR	two_stage_rise:arm=0.5,additional=0.5	two_stage_rise	20			0.5	0.5		train	90	50	73	0.9123	1.3304	-1.5624	30	1.1641	2026-07-01	2026-08-18
REGULAR	two_stage_rise:arm=0.5,additional=0.5	two_stage_rise	20			0.5	0.5		holdout	62	22	41	0.0981	0.0998	-2.0149	29	0.5716	2026-08-19	2026-09-23
REGULAR	two_stage_rise:arm=0.5,additional=0.5	two_stage_rise	20			0.5	0.5		all	152	72	114	0.5802	0.9862	-1.7765	59	0.9224	2026-07-01	2026-09-23
REGULAR	two_stage_rise:arm=0.5,additional=1	two_stage_rise	20			0.5	1.0		train	90	40	73	0.7932	0.7487	-1.661	35	1.1641	2026-07-01	2026-08-18
REGULAR	two_stage_rise:arm=0.5,additional=1	two_stage_rise	20			0.5	1.0		holdout	62	14	41	-0.0701	-0.0455	-2.165	33	0.5716	2026-08-19	2026-09-23
REGULAR	two_stage_rise:arm=0.5,additional=1	two_stage_rise	20			0.5	1.0		all	152	54	114	0.4411	0.1991	-1.8797	68	0.9224	2026-07-01	2026-09-23
REGULAR	trailing_drawdown:arm=0.5,drawdown=0.3	trailing_drawdown	20			0.5		0.3	train	90	70	73	0.7007	0.5882	-1.2146	23	1.1641	2026-07-01	2026-08-18
REGULAR	trailing_drawdown:arm=0.5,drawdown=0.3	trailing_drawdown	20			0.5		0.3	holdout	62	38	41	0.2136	0.2774	-1.7062	23	0.5716	2026-08-19	2026-09-23
REGULAR	trailing_drawdown:arm=0.5,drawdown=0.3	trailing_drawdown	20			0.5		0.3	all	152	108	114	0.502	0.52	-1.3032	46	0.9224	2026-07-01	2026-09-23
REGULAR	trailing_drawdown:arm=0.5,drawdown=0.4	trailing_drawdown	20			0.5		0.4	train	90	69	73	0.6942	0.5957	-1.2146	24	1.1641	2026-07-01	2026-08-18
REGULAR	trailing_drawdown:arm=0.5,drawdown=0.4	trailing_drawdown	20			0.5		0.4	holdout	62	38	41	0.2208	0.237	-1.7062	24	0.5716	2026-08-19	2026-09-23
REGULAR	trailing_drawdown:arm=0.5,drawdown=0.4	trailing_drawdown	20			0.5		0.4	all	152	107	114	0.5011	0.4983	-1.3032	48	0.9224	2026-07-01	2026-09-23
REGULAR	trailing_drawdown:arm=0.5,drawdown=0.5	trailing_drawdown	20			0.5		0.5	train	90	69	73	0.6771	0.5367	-1.2146	25	1.1641	2026-07-01	2026-08-18
REGULAR	trailing_drawdown:arm=0.5,drawdown=0.5	trailing_drawdown	20			0.5		0.5	holdout	62	38	41	0.1902	0.1337	-1.7062	26	0.5716	2026-08-19	2026-09-23
REGULAR	trailing_drawdown:arm=0.5,drawdown=0.5	trailing_drawdown	20			0.5		0.5	all	152	107	114	0.4785	0.3345	-1.3032	51	0.9224	2026-07-01	2026-09-23
REGULAR	trailing_drawdown:arm=0.5,drawdown=0.8	trailing_drawdown	20			0.5		0.8	train	90	66	73	0.6804	0.3677	-1.2146	32	1.1641	2026-07-01	2026-08-18
REGULAR	trailing_drawdown:arm=0.5,drawdown=0.8	trailing_drawdown	20			0.5		0.8	holdout	62	37	41	0.2438	0.1222	-1.7062	27	0.5716	2026-08-19	2026-09-23
REGULAR	trailing_drawdown:arm=0.5,drawdown=0.8	trailing_drawdown	20			0.5		0.8	all	152	103	114	0.5023	0.2383	-1.3032	59	0.9224	2026-07-01	2026-09-23
REGULAR	trailing_drawdown:arm=0.5,drawdown=1	trailing_drawdown	20			0.5		1.0	train	90	63	73	0.7384	0.4568	-1.2146	37	1.1641	2026-07-01	2026-08-18
REGULAR	trailing_drawdown:arm=0.5,drawdown=1	trailing_drawdown	20			0.5		1.0	holdout	62	36	41	0.1879	0.0922	-1.7062	29	0.5716	2026-08-19	2026-09-23
REGULAR	trailing_drawdown:arm=0.5,drawdown=1	trailing_drawdown	20			0.5		1.0	all	152	99	114	0.5139	0.1935	-1.3032	66	0.9224	2026-07-01	2026-09-23
REGULAR	two_stage_rise:arm=0.6,additional=0.3	two_stage_rise	20			0.6	0.3		train	90	53	69	0.9043	1.2527	-1.5624	29	1.1641	2026-07-01	2026-08-18
REGULAR	two_stage_rise:arm=0.6,additional=0.3	two_stage_rise	20			0.6	0.3		holdout	62	24	40	0.0718	0.0998	-2.0149	29	0.5716	2026-08-19	2026-09-23
REGULAR	two_stage_rise:arm=0.6,additional=0.3	two_stage_rise	20			0.6	0.3		all	152	77	109	0.5647	0.9255	-1.7765	58	0.9224	2026-07-01	2026-09-23
REGULAR	two_stage_rise:arm=0.6,additional=0.5	two_stage_rise	20			0.6	0.5		train	90	50	69	0.9398	1.4679	-1.5624	30	1.1641	2026-07-01	2026-08-18
REGULAR	two_stage_rise:arm=0.6,additional=0.5	two_stage_rise	20			0.6	0.5		holdout	62	21	40	0.1106	0.0998	-2.0149	29	0.5716	2026-08-19	2026-09-23
REGULAR	two_stage_rise:arm=0.6,additional=0.5	two_stage_rise	20			0.6	0.5		all	152	71	109	0.6016	0.9502	-1.7765	59	0.9224	2026-07-01	2026-09-23
REGULAR	two_stage_rise:arm=0.6,additional=1	two_stage_rise	20			0.6	1.0		train	90	40	69	0.8165	0.7487	-1.661	35	1.1641	2026-07-01	2026-08-18
REGULAR	two_stage_rise:arm=0.6,additional=1	two_stage_rise	20			0.6	1.0		holdout	62	14	40	-0.0337	-0.0455	-2.165	33	0.5716	2026-08-19	2026-09-23
REGULAR	two_stage_rise:arm=0.6,additional=1	two_stage_rise	20			0.6	1.0		all	152	54	109	0.4697	0.1991	-1.8797	68	0.9224	2026-07-01	2026-09-23
REGULAR	trailing_drawdown:arm=0.6,drawdown=0.3	trailing_drawdown	20			0.6		0.3	train	90	65	69	0.7141	0.6151	-1.3316	24	1.1641	2026-07-01	2026-08-18
REGULAR	trailing_drawdown:arm=0.6,drawdown=0.3	trailing_drawdown	20			0.6		0.3	holdout	62	37	40	0.2418	0.3343	-1.8386	22	0.5716	2026-08-19	2026-09-23
REGULAR	trailing_drawdown:arm=0.6,drawdown=0.3	trailing_drawdown	20			0.6		0.3	all	152	102	109	0.5214	0.5637	-1.6818	46	0.9224	2026-07-01	2026-09-23
REGULAR	trailing_drawdown:arm=0.6,drawdown=0.4	trailing_drawdown	20			0.6		0.4	train	90	64	69	0.7163	0.6492	-1.3316	25	1.1641	2026-07-01	2026-08-18
REGULAR	trailing_drawdown:arm=0.6,drawdown=0.4	trailing_drawdown	20			0.6		0.4	holdout	62	37	40	0.2753	0.2843	-1.8386	23	0.5716	2026-08-19	2026-09-23
REGULAR	trailing_drawdown:arm=0.6,drawdown=0.4	trailing_drawdown	20			0.6		0.4	all	152	101	109	0.5364	0.5637	-1.6818	48	0.9224	2026-07-01	2026-09-23
REGULAR	trailing_drawdown:arm=0.6,drawdown=0.5	trailing_drawdown	20			0.6		0.5	train	90	64	69	0.6797	0.5802	-1.3316	27	1.1641	2026-07-01	2026-08-18
REGULAR	trailing_drawdown:arm=0.6,drawdown=0.5	trailing_drawdown	20			0.6		0.5	holdout	62	37	40	0.2449	0.1736	-1.8386	25	0.5716	2026-08-19	2026-09-23
REGULAR	trailing_drawdown:arm=0.6,drawdown=0.5	trailing_drawdown	20			0.6		0.5	all	152	101	109	0.5023	0.392	-1.6818	52	0.9224	2026-07-01	2026-09-23
REGULAR	trailing_drawdown:arm=0.6,drawdown=0.8	trailing_drawdown	20			0.6		0.8	train	90	61	69	0.6777	0.4565	-1.3316	31	1.1641	2026-07-01	2026-08-18
REGULAR	trailing_drawdown:arm=0.6,drawdown=0.8	trailing_drawdown	20			0.6		0.8	holdout	62	36	40	0.2069	0.1222	-1.8386	27	0.5716	2026-08-19	2026-09-23
REGULAR	trailing_drawdown:arm=0.6,drawdown=0.8	trailing_drawdown	20			0.6		0.8	all	152	97	109	0.4856	0.2483	-1.6818	58	0.9224	2026-07-01	2026-09-23
REGULAR	trailing_drawdown:arm=0.6,drawdown=1	trailing_drawdown	20			0.6		1.0	train	90	59	69	0.6837	0.4568	-1.3316	37	1.1641	2026-07-01	2026-08-18
REGULAR	trailing_drawdown:arm=0.6,drawdown=1	trailing_drawdown	20			0.6		1.0	holdout	62	35	40	0.1533	0.0922	-1.8386	29	0.5716	2026-08-19	2026-09-23
REGULAR	trailing_drawdown:arm=0.6,drawdown=1	trailing_drawdown	20			0.6		1.0	all	152	94	109	0.4673	0.1935	-1.6818	66	0.9224	2026-07-01	2026-09-23
REGULAR	two_stage_rise:arm=1,additional=0.3	two_stage_rise	20			1.0	0.3		train	90	46	59	0.9183	1.3679	-1.5624	32	1.1641	2026-07-01	2026-08-18
REGULAR	two_stage_rise:arm=1,additional=0.3	two_stage_rise	20			1.0	0.3		holdout	62	20	29	0.0008	-0.0256	-2.3603	32	0.5716	2026-08-19	2026-09-23
REGULAR	two_stage_rise:arm=1,additional=0.3	two_stage_rise	20			1.0	0.3		all	152	66	88	0.5441	0.6779	-1.8481	64	0.9224	2026-07-01	2026-09-23
REGULAR	two_stage_rise:arm=1,additional=0.5	two_stage_rise	20			1.0	0.5		train	90	40	59	0.9231	1.2654	-1.5624	33	1.1641	2026-07-01	2026-08-18
REGULAR	two_stage_rise:arm=1,additional=0.5	two_stage_rise	20			1.0	0.5		holdout	62	17	29	0.0208	-0.0256	-2.3603	32	0.5716	2026-08-19	2026-09-23
REGULAR	two_stage_rise:arm=1,additional=0.5	two_stage_rise	20			1.0	0.5		all	152	57	88	0.5551	0.55	-1.8481	65	0.9224	2026-07-01	2026-09-23
REGULAR	two_stage_rise:arm=1,additional=1	two_stage_rise	20			1.0	1.0		train	90	33	59	0.7995	0.5782	-1.661	37	1.1641	2026-07-01	2026-08-18
REGULAR	two_stage_rise:arm=1,additional=1	two_stage_rise	20			1.0	1.0		holdout	62	12	29	-0.0579	-0.0729	-2.3603	34	0.5716	2026-08-19	2026-09-23
REGULAR	two_stage_rise:arm=1,additional=1	two_stage_rise	20			1.0	1.0		all	152	45	88	0.4498	0.1342	-1.9761	71	0.9224	2026-07-01	2026-09-23
REGULAR	trailing_drawdown:arm=1,drawdown=0.3	trailing_drawdown	20			1.0		0.3	train	90	55	59	0.8559	0.9249	-1.5624	24	1.1641	2026-07-01	2026-08-18
REGULAR	trailing_drawdown:arm=1,drawdown=0.3	trailing_drawdown	20			1.0		0.3	holdout	62	28	29	0.1508	0.2075	-1.8386	26	0.5716	2026-08-19	2026-09-23
REGULAR	trailing_drawdown:arm=1,drawdown=0.3	trailing_drawdown	20			1.0		0.3	all	152	83	88	0.5682	0.7248	-1.6849	50	0.9224	2026-07-01	2026-09-23
REGULAR	trailing_drawdown:arm=1,drawdown=0.4	trailing_drawdown	20			1.0		0.4	train	90	55	59	0.8381	0.8897	-1.5624	25	1.1641	2026-07-01	2026-08-18
REGULAR	trailing_drawdown:arm=1,drawdown=0.4	trailing_drawdown	20			1.0		0.4	holdout	62	28	29	0.1908	0.1536	-1.8386	26	0.5716	2026-08-19	2026-09-23
REGULAR	trailing_drawdown:arm=1,drawdown=0.4	trailing_drawdown	20			1.0		0.4	all	152	83	88	0.5741	0.7141	-1.6849	51	0.9224	2026-07-01	2026-09-23
REGULAR	trailing_drawdown:arm=1,drawdown=0.5	trailing_drawdown	20			1.0		0.5	train	90	55	59	0.8041	0.7935	-1.5624	25	1.1641	2026-07-01	2026-08-18
REGULAR	trailing_drawdown:arm=1,drawdown=0.5	trailing_drawdown	20			1.0		0.5	holdout	62	28	29	0.1816	0.1536	-1.8386	26	0.5716	2026-08-19	2026-09-23
REGULAR	trailing_drawdown:arm=1,drawdown=0.5	trailing_drawdown	20			1.0		0.5	all	152	83	88	0.5502	0.6414	-1.6849	51	0.9224	2026-07-01	2026-09-23
REGULAR	trailing_drawdown:arm=1,drawdown=0.8	trailing_drawdown	20			1.0		0.8	train	90	52	59	0.8382	0.7487	-1.5624	27	1.1641	2026-07-01	2026-08-18
REGULAR	trailing_drawdown:arm=1,drawdown=0.8	trailing_drawdown	20			1.0		0.8	holdout	62	27	29	0.1649	0.1222	-1.8386	28	0.5716	2026-08-19	2026-09-23
REGULAR	trailing_drawdown:arm=1,drawdown=0.8	trailing_drawdown	20			1.0		0.8	all	152	79	88	0.5636	0.5616	-1.6849	55	0.9224	2026-07-01	2026-09-23
REGULAR	trailing_drawdown:arm=1,drawdown=1	trailing_drawdown	20			1.0		1.0	train	90	51	59	0.8392	0.6723	-1.5624	28	1.1641	2026-07-01	2026-08-18
REGULAR	trailing_drawdown:arm=1,drawdown=1	trailing_drawdown	20			1.0		1.0	holdout	62	27	29	0.0999	0.0071	-1.8386	31	0.5716	2026-08-19	2026-09-23
REGULAR	trailing_drawdown:arm=1,drawdown=1	trailing_drawdown	20			1.0		1.0	all	152	78	88	0.5376	0.5319	-1.6849	59	0.9224	2026-07-01	2026-09-23
REGULAR	two_stage_rise:arm=1.5,additional=0.3	two_stage_rise	20			1.5	0.3		train	90	35	53	0.8806	0.6014	-1.661	36	1.1641	2026-07-01	2026-08-18
REGULAR	two_stage_rise:arm=1.5,additional=0.3	two_stage_rise	20			1.5	0.3		holdout	62	12	23	-0.0898	-0.1613	-2.3603	35	0.5716	2026-08-19	2026-09-23
REGULAR	two_stage_rise:arm=1.5,additional=0.3	two_stage_rise	20			1.5	0.3		all	152	47	76	0.4848	0.1342	-1.9761	71	0.9224	2026-07-01	2026-09-23
REGULAR	two_stage_rise:arm=1.5,additional=0.5	two_stage_rise	20			1.5	0.5		train	90	31	53	0.7777	0.5403	-1.661	39	1.1641	2026-07-01	2026-08-18
REGULAR	two_stage_rise:arm=1.5,additional=0.5	two_stage_rise	20			1.5	0.5		holdout	62	11	23	-0.0981	-0.1613	-2.3603	35	0.5716	2026-08-19	2026-09-23
REGULAR	two_stage_rise:arm=1.5,additional=0.5	two_stage_rise	20			1.5	0.5		all	152	42	76	0.4205	0.0853	-1.9761	74	0.9224	2026-07-01	2026-09-23
REGULAR	two_stage_rise:arm=1.5,additional=1	two_stage_rise	20			1.5	1.0		train	90	26	53	0.7577	0.4879	-1.661	40	1.1641	2026-07-01	2026-08-18
REGULAR	two_stage_rise:arm=1.5,additional=1	two_stage_rise	20			1.5	1.0		holdout	62	8	23	-0.0808	-0.1613	-2.3603	35	0.5716	2026-08-19	2026-09-23
REGULAR	two_stage_rise:arm=1.5,additional=1	two_stage_rise	20			1.5	1.0		all	152	34	76	0.4157	0.0522	-1.9761	75	0.9224	2026-07-01	2026-09-23
REGULAR	trailing_drawdown:arm=1.5,drawdown=0.3	trailing_drawdown	20			1.5		0.3	train	90	49	53	0.8795	1.0037	-1.5624	27	1.1641	2026-07-01	2026-08-18
REGULAR	trailing_drawdown:arm=1.5,drawdown=0.3	trailing_drawdown	20			1.5		0.3	holdout	62	22	23	0.0278	0.107	-2.0149	29	0.5716	2026-08-19	2026-09-23
REGULAR	trailing_drawdown:arm=1.5,drawdown=0.3	trailing_drawdown	20			1.5		0.3	all	152	71	76	0.5321	0.7456	-1.7765	56	0.9224	2026-07-01	2026-09-23
REGULAR	trailing_drawdown:arm=1.5,drawdown=0.4	trailing_drawdown	20			1.5		0.4	train	90	49	53	0.8557	0.9199	-1.5624	28	1.1641	2026-07-01	2026-08-18
REGULAR	trailing_drawdown:arm=1.5,drawdown=0.4	trailing_drawdown	20			1.5		0.4	holdout	62	22	23	0.053	0.107	-2.0149	29	0.5716	2026-08-19	2026-09-23
REGULAR	trailing_drawdown:arm=1.5,drawdown=0.4	trailing_drawdown	20			1.5		0.4	all	152	71	76	0.5283	0.7258	-1.7765	57	0.9224	2026-07-01	2026-09-23
REGULAR	trailing_drawdown:arm=1.5,drawdown=0.5	trailing_drawdown	20			1.5		0.5	train	90	49	53	0.8536	0.834	-1.5624	28	1.1641	2026-07-01	2026-08-18
REGULAR	trailing_drawdown:arm=1.5,drawdown=0.5	trailing_drawdown	20			1.5		0.5	holdout	62	22	23	0.0646	0.107	-2.0149	29	0.5716	2026-08-19	2026-09-23
REGULAR	trailing_drawdown:arm=1.5,drawdown=0.5	trailing_drawdown	20			1.5		0.5	all	152	71	76	0.5318	0.6945	-1.7765	57	0.9224	2026-07-01	2026-09-23
REGULAR	trailing_drawdown:arm=1.5,drawdown=0.8	trailing_drawdown	20			1.5		0.8	train	90	47	53	0.8396	0.7258	-1.5624	29	1.1641	2026-07-01	2026-08-18
REGULAR	trailing_drawdown:arm=1.5,drawdown=0.8	trailing_drawdown	20			1.5		0.8	holdout	62	21	23	0.0547	0.107	-2.0149	29	0.5716	2026-08-19	2026-09-23
REGULAR	trailing_drawdown:arm=1.5,drawdown=0.8	trailing_drawdown	20			1.5		0.8	all	152	68	76	0.5194	0.5954	-1.7765	58	0.9224	2026-07-01	2026-09-23
REGULAR	trailing_drawdown:arm=1.5,drawdown=1	trailing_drawdown	20			1.5		1.0	train	90	46	53	0.8065	0.6143	-1.5624	30	1.1641	2026-07-01	2026-08-18
REGULAR	trailing_drawdown:arm=1.5,drawdown=1	trailing_drawdown	20			1.5		1.0	holdout	62	21	23	0.0177	0.0608	-2.0149	30	0.5716	2026-08-19	2026-09-23
REGULAR	trailing_drawdown:arm=1.5,drawdown=1	trailing_drawdown	20			1.5		1.0	all	152	67	76	0.4848	0.55	-1.7765	60	0.9224	2026-07-01	2026-09-23
REGULAR	time:	time	2						train	92	92	0	0.2814	-0.0201	-0.7674	46	1.1586	2026-07-01	2026-08-18
REGULAR	time:	time	2						holdout	63	63	0	-0.1826	-0.1794	-1.1519	39	0.5647	2026-08-19	2026-09-23
REGULAR	time:	time	2						all	155	155	0	0.0928	-0.1408	-0.8717	85	0.9172	2026-07-01	2026-09-23
REGULAR	time:	time	3						train	92	92	0	0.3967	0.0496	-0.8666	42	1.1586	2026-07-01	2026-08-18
REGULAR	time:	time	3						holdout	63	63	0	0.0484	-0.1428	-1.3303	37	0.5647	2026-08-19	2026-09-23
REGULAR	time:	time	3						all	155	155	0	0.2551	-0.0696	-1.0362	79	0.9172	2026-07-01	2026-09-23
REGULAR	time:	time	5						train	92	92	0	0.2716	0.1809	-1.4339	42	1.1586	2026-07-01	2026-08-18
REGULAR	time:	time	5						holdout	62	62	0	0.1193	-0.0342	-1.3606	34	0.5719	2026-08-19	2026-09-23
REGULAR	time:	time	5						all	154	154	0	0.2103	0.0195	-1.429	76	0.9224	2026-07-01	2026-09-23
REGULAR	time:	time	30						train	88	88	0	0.7677	0.6203	-2.5168	35	1.1744	2026-07-01	2026-08-18
REGULAR	time:	time	30						holdout	62	62	0	0.2142	-0.23	-2.161	36	0.5716	2026-08-19	2026-09-23
REGULAR	time:	time	30						all	150	150	0	0.5389	0.1216	-2.4228	71	0.9253	2026-07-01	2026-09-23
