stock_code	decision_date	api_id	base_dt	retrieved_at_kst	received_count	page_count	truncated_window	prior_count	prior_250_high	prior_250_low	prior_bars_sha256	status	error_type
000500	2026-09-16	ka10081	20260916	2026-09-24T13:09:35.484833+09:00	600	1	True	250	352870.0	29230.0	a04b03986269716014b0255b027f92046f22a27b9170b97c5c2446f8ec77107e	usable	
000670	2026-09-15	ka10081	20260915	2026-09-24T13:09:35.827055+09:00	600	1	True	250	71800.0	31000.0	626912cf4399e883eacd7e2b450f1ef444a3c88970f3e256627e4e2b767949c3	usable	
000720	2026-09-22	ka10081	20260922	2026-09-24T13:09:36.166052+09:00	600	1	True	250	198400.0	54100.0	47b7d07f14704f4d32650d4c0378d39ef270ea0c5937e04df0e1ddcda86e18e8	usable	
000990	2026-09-14	ka10081	20260914	2026-09-24T13:09:36.685878+09:00	600	1	True	250	230500.0	44050.0	0639b35df14b7b44a7a5caad1e829b0cd009573b53d15e9ed17baae5f64da075	usable	
000990	2026-09-15	ka10081	20260915	2026-09-24T13:09:37.007764+09:00	600	1	True	250	230500.0	44500.0	d41dbe2473c297ae95760ca28ca68832b2d1bcab54f3e03449cadc2a94911ed2	usable	
000990	2026-09-16	ka10081	20260916	2026-09-24T13:09:37.332051+09:00	600	1	True	250	230500.0	44550.0	569d37b010735c6dd797b5e18a2519c363c8eb4184026cd30789e166af5718f4	usable	
001210	2026-09-16	ka10081	20260916	2026-09-24T13:09:37.652401+09:00	600	1	True	250	14350.0	2325.0	1ea425ce9c6c619962f4d67f1f3bb2b461d7ff5be64158ad25d422ff2bcaa65d	usable	
001440	2026-09-22	ka10081	20260922	2026-09-24T13:09:37.973940+09:00	600	1	True	250	75900.0	15000.0	40bdfd61d82114ef01663ebba5598c5c45505f321cea1e4b23a366fd31d75d52	usable	
003160	2026-09-21	ka10081	20260921	2026-09-24T13:09:38.292664+09:00	600	1	True	250	41700.0	14010.0	e67754b3ed05416e1a85a20c2facda4296cd79f09dbeacc801774133b1799b96	usable	
003200	2026-09-14	ka10081	20260914	2026-09-24T13:09:38.622214+09:00	600	1	True	250	17800.0	9300.0	16ef1e08bdf8f8a05f9d2f0eade65495507655012732ba56063b542b14f9011d	usable	
003350	2026-09-14	ka10081	20260914	2026-09-24T13:09:38.942547+09:00	600	1	True	250	16920.0	6750.0	bee0eb50f5c5a3385a0b6a796b6c180c33e8eeb4cc7052632973a4a8455dfd78	usable	
003670	2026-09-22	ka10081	20260922	2026-09-24T13:09:39.265414+09:00	600	1	True	250	299500.0	114700.0	5354eec2dcf53c37560a50e566eeda7667b6de6445ebde9e531869af405c2e3a	usable	
004020	2026-09-15	ka10081	20260915	2026-09-24T13:09:39.588240+09:00	600	1	True	250	50400.0	23650.0	8fa85656e9a65dee0bfbf3da87dc72cc68a9b5fe133d86ee2f7a63fca848c8b9	usable	
004100	2026-09-14	ka10081	20260914	2026-09-24T13:09:39.911232+09:00	600	1	True	250	3790.0	1951.0	b53226d848b02b1853b0b2eb40e3031d2a90b37de81d7c92c897f02df8b88f66	usable	
004310	2026-09-14	ka10081	20260914	2026-09-24T13:09:40.230122+09:00	600	1	True	250	15960.0	3500.0	f13ee9f81a6ee1329aeaed2467fd2cea6de1c745679bb4dfec8c90d8b61f9dd5	usable	
004310	2026-09-15	ka10081	20260915	2026-09-24T13:09:40.553236+09:00	600	1	True	250	15960.0	3500.0	8bf4ff30ca37e102363b9a56c71f5bd80666152a32edad3acb9cef4f110b8371	usable	
004310	2026-09-16	ka10081	20260916	2026-09-24T13:09:40.875968+09:00	600	1	True	250	15960.0	3500.0	08f44eb9ca2e203893126a8190a5d81ab9942c8de4397a114389ff971efdeb41	usable	
004440	2026-09-23	ka10081	20260923	2026-09-24T13:09:41.194390+09:00	600	1	True	250	11070.0	3990.0	2986eb0f871aa66006e0b6ad20e85b9fc692632132b0f9b81941c03818a8f0bc	usable	
005160	2026-09-16	ka10081	20260916	2026-09-24T13:09:41.525940+09:00	600	1	True	250	3945.0	2125.0	c0dd6c8e070b372d462878a17bed7f0e38b7a9e4780129bb81d504099350218d	usable	
005160	2026-09-22	ka10081	20260922	2026-09-24T13:09:41.847162+09:00	600	1	True	250	3960.0	2125.0	87fa3101278af7315eb345a7539614c0ec24a0719e6504869d3010ceb8f8a0ef	usable	
005690	2026-09-16	ka10081	20260916	2026-09-24T13:09:42.168842+09:00	600	1	True	250	21150.0	8140.0	60f8401e4a61bc8a568b13080035af21c716733cab1af703f5b29c5b1959d60a	usable	
007660	2026-09-23	ka10081	20260923	2026-09-24T13:09:42.496934+09:00	600	1	True	250	164400.0	57900.0	cb8b29162b3839e907d0007ab3e9cc73aa39b9cb7b4076ae6f388e6f6a9e750c	usable	
007810	2026-09-22	ka10081	20260922	2026-09-24T13:09:42.817335+09:00	600	1	True	250	148300.0	16170.0	e9712640eae88cba921f5ff049f6227e21da3b361586e1485c40dcf2199d11b1	usable	
009150	2026-09-21	ka10081	20260921	2026-09-24T13:09:43.142943+09:00	600	1	True	250	2417000.0	178500.0	d033ca711a565e7e836b2b4acf192f7d1f78be41fcee849d3e59fc003d8fc719	usable	
009580	2026-09-22	ka10081	20260922	2026-09-24T13:09:43.462102+09:00	600	1	True	250	4420.0	1415.0	3ec37ad47612b965f090d4d2edeebe44edced43aef1cd10c181bcb3ae3f15e92	usable	
010170	2026-09-14	ka10081	20260914	2026-09-24T13:09:43.791556+09:00	600	1	True	250	31500.0	1049.0	3e6205bc3b1f37743c42b68eb66fc33c663ed9be7b18936ded4978227ac4ffc2	usable	
010170	2026-09-16	ka10081	20260916	2026-09-24T13:09:44.115197+09:00	600	1	True	250	31500.0	1200.0	a9fd2774b332475e63378cd637675f1ad1b851d402b37bbad80fbbf305efbd29	usable	
010170	2026-09-23	ka10081	20260923	2026-09-24T13:09:44.450820+09:00	600	1	True	250	31500.0	1219.0	b244e26dc05c9b03088f63adca68ccfbe29c481ccacb2cf235bb3f212b23fc0b	usable	
010580	2026-09-14	ka10081	20260914	2026-09-24T13:09:44.776187+09:00	600	1	True	250	3495.0	1321.0	36b4ea42e97f07c6500e2db7bc9172f557d4bd66a8bf622b114fdfd025bd3a39	usable	
010580	2026-09-15	ka10081	20260915	2026-09-24T13:09:45.094058+09:00	600	1	True	250	3495.0	1321.0	4810422ead51f1e9d3839217391b9b327096c712ca638bdba2203a945bf8f5fa	usable	
012210	2026-09-14	ka10081	20260914	2026-09-24T13:09:45.414804+09:00	600	1	True	250	20850.0	4020.0	3a211a362f3051b570c0cc2e9e5d43b24589dfc4994bbbce1e2fbacb207d4f71	usable	
012210	2026-09-22	ka10081	20260922	2026-09-24T13:09:45.740926+09:00	600	1	True	250	20850.0	4020.0	48e927dacade57f490fd44aca3849d769042bfb0b7f3bd8882b3015040320890	usable	
014950	2026-09-14	ka10081	20260914	2026-09-24T13:09:46.064454+09:00	218	1	False	217			f35484858c1a123e488e767fb7cdbf5a4bb53c425b05ed860f06632e4b2db6f6	usable	
014950	2026-09-15	ka10081	20260915	2026-09-24T13:09:46.379481+09:00	219	1	False	218			84984b55b8fc1984754decac79c865326501ed00498b10705920f338beddd1e3	usable	
017900	2026-09-14	ka10081	20260914	2026-09-24T13:09:46.693336+09:00	600	1	True	250	22450.0	1760.0	33c04d20c01d6b317a8c4e98a1675868c32a409a5bf7d98b12cf12f8eb0beedb	usable	
017900	2026-09-15	ka10081	20260915	2026-09-24T13:09:47.014909+09:00	600	1	True	250	22450.0	1760.0	4eb78204d22b6c296ec027efd985ead9e16de6c59ac758a45cccfbf29b649ae5	usable	
017900	2026-09-16	ka10081	20260916	2026-09-24T13:09:47.340834+09:00	600	1	True	250	22450.0	1760.0	e5942f54dd2909775d7271314e53a71b80b0e5a3e4a4d9268dd987f10e8548cc	usable	
017900	2026-09-21	ka10081	20260921	2026-09-24T13:09:47.661728+09:00	600	1	True	250	22450.0	1760.0	e7e5fb715821f675e59739aa0e062af56dabf44fcdebcaaacf7d3162dc976ce8	usable	
023410	2026-09-21	ka10081	20260921	2026-09-24T13:09:47.984844+09:00	600	1	True	250	5200.0	2950.0	859a966a6d554d25eecd5efe1bdd69bca1d834ce99d0efba1a553423940670ef	usable	
024060	2026-09-14	ka10081	20260914	2026-09-24T13:09:48.310535+09:00	600	1	True	250	36200.0	8920.0	46aeab986f7edd1ba3f461c0a0547340017e59994eb33f54d4f11ac0872d3d66	usable	
024060	2026-09-15	ka10081	20260915	2026-09-24T13:09:48.636398+09:00	600	1	True	250	36200.0	8920.0	20c8b4506b4b4bfdf89775bd9e1f73fde30882d50fc4c42ddb865b6686c1c35a	usable	
025980	2026-09-22	ka10081	20260922	2026-09-24T13:09:48.960813+09:00	600	1	True	250	10480.0	3150.0	6567a57d116a358c1a95f7f562b35321792ffd40910aba7d16394c11043d94cb	usable	
027040	2026-09-23	ka10081	20260923	2026-09-24T13:09:49.290106+09:00	600	1	True	250	6375.0	895.0	6b2e42e294f280f15283118410bd3fa8b9d9b2adff5809e0d20d788ed529426d	usable	
028100	2026-09-16	ka10081	20260916	2026-09-24T13:09:49.609082+09:00	600	1	True	250	21350.0	13200.0	429b8bbd595e6043a3db47830a539dfb955d63c92d24b1a1f440fded0f38f2c4	usable	
028300	2026-09-21	ka10081	20260921	2026-09-24T13:09:49.932276+09:00	600	1	True	250	69200.0	24150.0	699504a3e0990253eb81fd4fd47d5dcf2bea7c87983ff6755b6fc284fde2ea9e	usable	
028300	2026-09-23	ka10081	20260923	2026-09-24T13:09:50.256835+09:00	600	1	True	250	69200.0	24150.0	9f737226f80297a0d0f3ee7e91345c1dabd5d5c8d0894e598e67be559c795553	usable	
030530	2026-09-15	ka10081	20260915	2026-09-24T13:09:50.579269+09:00	600	1	True	250	50600.0	8700.0	ea8c65adcf6efae93678ec42abad2460fe2709942c639569763105807f947b6d	usable	
030530	2026-09-21	ka10081	20260921	2026-09-24T13:09:50.904168+09:00	600	1	True	250	50600.0	10380.0	23435a1fae794de2d865a1521ac03d65f264f571b32015a9ed989507d2890354	usable	
030530	2026-09-23	ka10081	20260923	2026-09-24T13:09:51.229564+09:00	600	1	True	250	50600.0	10380.0	710aa162dcdcdad55bc052e4f8491841ab95f30e229b0c287edc7ea511d22b90	usable	
032940	2026-09-16	ka10081	20260916	2026-09-24T13:09:51.557844+09:00	600	1	True	250	17800.0	4215.0	2ffe330a97da06b29c4e88292e1f3063f8a60e666e3117191641bcd7400a7546	usable	
033170	2026-09-22	ka10081	20260922	2026-09-24T13:09:51.880657+09:00	600	1	True	250	5915.0	1600.0	a5e1a342cba7b9be41bf3074b253cb3c06f59b9082cd89819bc4937731d88541	usable	
033640	2026-09-16	ka10081	20260916	2026-09-24T13:09:52.205705+09:00	600	1	True	250	41150.0	11400.0	2523be928c48008bcd1cf655725d6a205df698a2d42a926f4873944ab82b26cc	usable	
036220	2026-09-15	ka10081	20260915	2026-09-24T13:09:52.529012+09:00	600	1	True	250	17230.0	5200.0	000dd7755f00694fb79e452ef847d92bbc581a13fa5a7374f9237326f27fd619	usable	
036540	2026-09-14	ka10081	20260914	2026-09-24T13:09:52.851197+09:00	600	1	True	250	11640.0	3240.0	f1d8fbc889275284cf306f392ba8af8dac28163417a28cd0441a9493a5a544eb	usable	
036540	2026-09-15	ka10081	20260915	2026-09-24T13:09:53.173282+09:00	600	1	True	250	11640.0	3280.0	40c99517e1c1d49e369fd5cac40d360f34e77d399d5a6ff67bb2123f5dda2168	usable	
036540	2026-09-21	ka10081	20260921	2026-09-24T13:09:53.496102+09:00	600	1	True	250	11640.0	3440.0	f06753d3b6fc9870809804447e92bbd6e73dce0df218e0658189fe49af0f8708	usable	
036540	2026-09-22	ka10081	20260922	2026-09-24T13:09:53.820163+09:00	600	1	True	250	11640.0	3440.0	b3e8ea30773979cf2d5e273f4054cde986dca698624b4e45d42518f691bacf77	usable	
041190	2026-09-21	ka10081	20260921	2026-09-24T13:09:54.145105+09:00	600	1	True	250	13140.0	3725.0	537eacd906e0c643121d7598bf4f0c77bcca6fe8e2a4abb30f78fbf04de99e30	usable	
042000	2026-09-23	ka10081	20260923	2026-09-24T13:09:54.468648+09:00	600	1	True	250	43950.0	14870.0	b9c26813c670310a941134a6c7cb6b057224212d32499a304f8cca7c1bfa850d	usable	
042370	2026-09-23	ka10081	20260923	2026-09-24T13:09:54.801848+09:00	600	1	True	250	23800.0	6520.0	bccb681a198a509503e3c669dc2c6abc0a84b8fec994dd242f1ca577d12e8cfa	usable	
042510	2026-09-14	ka10081	20260914	2026-09-24T13:09:55.121985+09:00	600	1	True	250	16960.0	6320.0	ff6e2dab136e1b5decf52c7b92ffbeb326d1ae1152459905ab8d3ba3accd4245	usable	
042510	2026-09-15	ka10081	20260915	2026-09-24T13:09:55.443847+09:00	600	1	True	250	16960.0	6320.0	45b683f96479ad3196552e965c91dbd61f167409f89eafbaa1edc7d185ec7a3e	usable	
042510	2026-09-16	ka10081	20260916	2026-09-24T13:09:55.764832+09:00	600	1	True	250	16960.0	6320.0	5215e00c75ea9924665e272ca0f015a032c87cffed14f9a40a91b40078bd5f14	usable	
042700	2026-09-16	ka10081	20260916	2026-09-24T13:09:56.086803+09:00	600	1	True	250	426000.0	82300.0	e9532d81f5fdd8405cc6c79db52638a1ed3d9c80c71526165a569a95c06d0b8d	usable	
043260	2026-09-21	ka10081	20260921	2026-09-24T13:09:56.406278+09:00	600	1	True	250	59600.0	1030.0	77f69d315f54ddeb56ddf31709f4b4414f4ab05717e072da728ef2c008e158f9	usable	
043260	2026-09-22	ka10081	20260922	2026-09-24T13:09:56.728212+09:00	600	1	True	250	59600.0	1030.0	8d82827385f3bf508b335fee891492519d2cabaabb664b27e8f2bf89caad0dc7	usable	
044450	2026-09-22	ka10081	20260922	2026-09-24T13:09:57.071669+09:00	600	1	True	250	14400.0	8540.0	08682bd637f1ae598412abf2be2e9b213d810ef1a66aa0ad95b9c4132612cf02	usable	
044450	2026-09-23	ka10081	20260923	2026-09-24T13:09:57.389834+09:00	600	1	True	250	14400.0	8540.0	0f18fe99a8291f87c6d603f4ed6083257ee7055011febb8b3f7f5e4a4da314c0	usable	
044490	2026-09-22	ka10081	20260922	2026-09-24T13:09:57.710386+09:00	600	1	True	250	61300.0	19980.0	dfb2eabb7fa7bca8de933af6299dbea0c5e061a163b678627b272c4ff8af32b0	usable	
046890	2026-09-22	ka10081	20260922	2026-09-24T13:09:58.029085+09:00	600	1	True	250	18960.0	5730.0	4bf4959479a52d0439eaa50376e138a2fed10a36c565ae7b2a8bfe798b02bb07	usable	
046970	2026-09-14	ka10081	20260914	2026-09-24T13:09:58.349381+09:00	600	1	True	250	16200.0	1206.0	a4f7428c66edf7733b3f3aee8567a632c1a567144f11ccaf3aa11cf534f5b8f2	usable	
046970	2026-09-16	ka10081	20260916	2026-09-24T13:09:58.670868+09:00	600	1	True	250	16200.0	1206.0	160a1872d0ed35e5ee670606ac77b8684f51adfb38d0f4662e34e1b81a9cfdf8	usable	
047920	2026-09-21	ka10081	20260921	2026-09-24T13:09:58.995666+09:00	600	1	True	250	20503.0	5529.0	93e701ba29470546903cab63d6f21e767233d8ac30635df6a9d7909f9ab06ee7	usable	
047920	2026-09-23	ka10081	20260923	2026-09-24T13:09:59.318763+09:00	600	1	True	250	20503.0	5529.0	00cf8edce5e06f4c2d080f8bc1ee04893376143f3dfc2f59fbebe06464d48467	usable	
049080	2026-09-14	ka10081	20260914	2026-09-24T13:09:59.639328+09:00	600	1	True	250	31250.0	3580.0	e9f04279764172047b658f7caf39f1b952e096e0ee67d8e2f12be95bed8d657d	usable	
052220	2026-09-15	ka10081	20260915	2026-09-24T13:10:00.031479+09:00	600	1	True	250	3830.0	1310.0	762f5fd01e587cd983cc6b6448c5956cbc5e85b92c611f5e77ce8f0a46bd5fa5	usable	
052400	2026-09-14	ka10081	20260914	2026-09-24T13:10:00.357934+09:00	600	1	True	250	72500.0	32950.0	bf174ce3100dba54fac0725d2909c19a3ed677e7dbf0e38c2154ae0b04f4ea90	usable	
052690	2026-09-22	ka10081	20260922	2026-09-24T13:10:00.677494+09:00	600	1	True	250	198000.0	77100.0	47df980a6a7fc91f2ab9b2c73693131d6a52dd659cacd58114e1fb4dd04bfd1a	usable	
052710	2026-09-14	ka10081	20260914	2026-09-24T13:10:01.005418+09:00	600	1	True	250	32339.0	7351.0	8acd1e02089d47dc626feb670482debd95e7c8cc745ca9b8954bb1902760b3d8	usable	
052710	2026-09-22	ka10081	20260922	2026-09-24T13:10:01.328920+09:00	600	1	True	250	32339.0	7351.0	52014d3a127e4a2764d1b3b598135a4b8fc404aab2e484af17ab297e9fc73593	usable	
053260	2026-09-14	ka10081	20260914	2026-09-24T13:10:01.655754+09:00	600	1	True	250	9170.0	3720.0	2240e4e5f4ef7469b822dc158a5c6300cd6ebf84efa79983e5c1a2528c6d150d	usable	
053260	2026-09-21	ka10081	20260921	2026-09-24T13:10:01.981420+09:00	600	1	True	250	9170.0	3720.0	3500d9ab8d06bb723deff289762248092bdb06c5cb2f68e574e62e1f37268a56	usable	
053300	2026-09-15	ka10081	20260915	2026-09-24T13:10:02.301970+09:00	600	1	True	250	7750.0	3780.0	7cffe87ce7d832b243297218d65d546798c2d815a78691a4adcf9b4ac4555e74	usable	
053690	2026-09-22	ka10081	20260922	2026-09-24T13:10:02.625834+09:00	600	1	True	250	34750.0	13740.0	96db5965d5688d96c1730297f090a1fb8beba0a85dce5c6790bbc441e3ad3ffa	usable	
053800	2026-09-16	ka10081	20260916	2026-09-24T13:10:02.950721+09:00	600	1	True	250	75000.0	50800.0	bf12c9ec42c72a931158a68d6775cf56f2a0513bbff555ff9c9a962c1b365d49	usable	
053950	2026-09-15	ka10081	20260915	2026-09-24T13:10:03.272612+09:00	600	1	True	250	5580.0	1415.0	015af56b895afe957ec7201c823c58a638fd445cd5ca589e54b4b12b170199dc	usable	
054780	2026-09-23	ka10081	20260923	2026-09-24T13:10:03.597272+09:00	600	1	True	250	6270.0	1001.0	0d564e56f20b7b40c5580f58cad655d213c6a6d6747b8db1be9f8265206dd56a	usable	
054920	2026-09-16	ka10081	20260916	2026-09-24T13:10:03.918229+09:00	600	1	True	250	8980.0	2795.0	fc885ac241e80e9f23e143e8d830badb4f17ad4e938b69a0d39ffbe0401f6d22	usable	
056190	2026-09-15	ka10081	20260915	2026-09-24T13:10:04.241801+09:00	600	1	True	250	36500.0	16850.0	5cc8a37e5b516f6c4c2d040764241207f8ad164f2d2c90b8cb64c2fcf7fe99b7	usable	
056190	2026-09-16	ka10081	20260916	2026-09-24T13:10:04.569779+09:00	600	1	True	250	36500.0	16850.0	b663424472aa0a0708f75a5ff2ccda8d16f0c479975be372f1882b6496126c55	usable	
056190	2026-09-21	ka10081	20260921	2026-09-24T13:10:04.893691+09:00	600	1	True	250	36500.0	16850.0	cd88beff65212ec5867494cdd3ec6c738ec45e19b8819e6488df193952faee02	usable	
058470	2026-09-22	ka10081	20260922	2026-09-24T13:10:05.213205+09:00	600	1	True	250	129000.0	48450.0	1cea474fc08673a0162f1a0b747528b365b14bc2addb4d2bc69c22bfc74f8047	usable	
058470	2026-09-23	ka10081	20260923	2026-09-24T13:10:05.534578+09:00	600	1	True	250	129000.0	48450.0	44b1d99bbeb86fc3822a73770d87824160fe963187cd5835fd03c86df28984d5	usable	
058610	2026-09-15	ka10081	20260915	2026-09-24T13:10:05.855355+09:00	600	1	True	250	165700.0	26000.0	0e67e14dae0178b7206e145c5f625062f2a1b3db0f451db06be740b106faee91	usable	
058610	2026-09-23	ka10081	20260923	2026-09-24T13:10:06.179047+09:00	600	1	True	250	165700.0	26000.0	cc41f2bed0ca47fd20f12a47b4a5e57e805d155e1ee8b741aa24c93140f5cc44	usable	
059090	2026-09-22	ka10081	20260922	2026-09-24T13:10:06.499405+09:00	600	1	True	250	29250.0	11300.0	9ffe05ea508b8c0243278c00dc7cdd96fac34fe7d807b51bff728dcf98ba709d	usable	
060370	2026-09-16	ka10081	20260916	2026-09-24T13:10:06.820997+09:00	600	1	True	250	51600.0	21650.0	01be2cf48ff5b81ed591b15bd88201a24f474e0edcbfca47e4ee31eb5e87fb1f	usable	
062970	2026-09-15	ka10081	20260915	2026-09-24T13:10:07.142902+09:00	600	1	True	250	10105.0	1815.0	96b4bcb13c3ef3ff557da45d2a854b8c400613e3aee266341a316f0f89bdf192	usable	
062970	2026-09-16	ka10081	20260916	2026-09-24T13:10:07.462423+09:00	600	1	True	250	10105.0	1815.0	a0e4c7a439f2976f7eb3fed6120062a6dd5b9a0046ad02c267d7c82cdc51d834	usable	
064290	2026-09-22	ka10081	20260922	2026-09-24T13:10:07.782652+09:00	600	1	True	250	54100.0	10960.0	36b466c16de1f5feaf65cf7f02b286bcd3c64a9a1561bcfb013bc15758b76586	usable	
065450	2026-09-16	ka10081	20260916	2026-09-24T13:10:08.111579+09:00	600	1	True	250	7050.0	2500.0	9f9551cca2e08de711ce739fd2fc197b8c758e5961bf59f30a3a4b3b4b8dff1a	usable	
066570	2026-09-22	ka10081	20260922	2026-09-24T13:10:08.432939+09:00	600	1	True	250	438000.0	75000.0	6d528913d834a4f2b111f0a94c2309696b8b49ff0a85316097b11dfdfc6bb3e3	usable	
067290	2026-09-14	ka10081	20260914	2026-09-24T13:10:08.781417+09:00	600	1	True	250	4335.0	1246.0	a42a602259e51a3c8046be36d798ae61b1316a1839c1e7789f7a0f4e53704b97	usable	
067290	2026-09-15	ka10081	20260915	2026-09-24T13:10:09.100243+09:00	600	1	True	250	4335.0	1246.0	69e13cd7b228190902fe995fdef2fce4c576807f8d76932c1a6fe5e7789041f5	usable	
067310	2026-09-21	ka10081	20260921	2026-09-24T13:10:09.425481+09:00	600	1	True	250	58500.0	15840.0	3eb02c5834de72ad033aaca8df38a835a113773332e0a54dadd0ccc471f7813f	usable	
067310	2026-09-22	ka10081	20260922	2026-09-24T13:10:09.744784+09:00	600	1	True	250	58500.0	16690.0	eec68d4dfc29674be1f284327f85524c75df5b86d218540c6de317c7b8bdd39e	usable	
068930	2026-09-22	ka10081	20260922	2026-09-24T13:10:10.064689+09:00	600	1	True	250	10000.0	6760.0	0947ae3c65ce3cd33403df9c435b2943c85ac17c30cdc1e8d91ca14535018474	usable	
069540	2026-09-14	ka10081	20260914	2026-09-24T13:10:10.387345+09:00	600	1	True	250	8100.0	592.0	f64e6d73a8bb4641120d85be8b30358d2636e55c6d18d93441cdd3f0ef9678ea	usable	
069540	2026-09-16	ka10081	20260916	2026-09-24T13:10:10.715308+09:00	600	1	True	250	8100.0	592.0	cc6983b2199ef692bb5ad49ca224c5095709e07071a99f1ec73e94e5bbd4842a	usable	
069540	2026-09-23	ka10081	20260923	2026-09-24T13:10:11.055132+09:00	600	1	True	250	8100.0	592.0	58bc06e463bdf409ada3daa8c0e75f3c230b122cf362d8f92247cfd20773b7b3	usable	
071090	2026-09-22	ka10081	20260922	2026-09-24T13:10:11.379621+09:00	600	1	True	250	5680.0	2355.0	98f4ee99af3c8c52a4f0ddb29ff32ceb9ff59f0e13f8acaa20a0f12fecf8e7aa	usable	
072950	2026-09-14	ka10081	20260914	2026-09-24T13:10:11.701893+09:00	600	1	True	250	25700.0	4600.0	6e6f655d5d398871e871eaab27be291d8024c3f9a7263a62a8a9f3de27348496	usable	
072950	2026-09-16	ka10081	20260916	2026-09-24T13:10:12.021688+09:00	600	1	True	250	25700.0	4600.0	4dd37965e607964db81de037e32e1a29c667b704156a14d9a93e7665d9278adb	usable	
072950	2026-09-23	ka10081	20260923	2026-09-24T13:10:12.344801+09:00	600	1	True	250	25700.0	4600.0	51908d01b0028c738d402e2b8317ea222e81708481b753439c0702daa7230a61	usable	
078350	2026-09-21	ka10081	20260921	2026-09-24T13:10:12.663783+09:00	600	1	True	250	44300.0	10200.0	a171923796ecb1d36d48162fb6e9ae54822dfdc141996993e5da0b6aaab99b1c	usable	
078860	2026-09-21	ka10081	20260921	2026-09-24T13:10:12.984116+09:00	600	1	True	250	17461.0	2215.0	5412516f9017213ebb8effb51a9c73f284e88a43e747b1256458c8399087915d	usable	
079370	2026-09-23	ka10081	20260923	2026-09-24T13:10:13.308369+09:00	600	1	True	250	20950.0	6580.0	efa1a23ceccaac1e262e58c99efb0d0c54d8cf2a1f058ac3b9eecf8abe376007	usable	
080160	2026-09-14	ka10081	20260914	2026-09-24T13:10:13.632301+09:00	600	1	True	250	17500.0	7690.0	fc70d71b9566ee6eb7dfbdb58197243cc61f8495c25ee3e70dbdd6afa8a803e7	usable	
080580	2026-09-16	ka10081	20260916	2026-09-24T13:10:13.950819+09:00	600	1	True	250	27500.0	6220.0	7263d3e17f9c36a8f75b0ff91f7726e22d5b8f9bef79aac6456186cb1b2ca4e6	usable	
085670	2026-09-22	ka10081	20260922	2026-09-24T13:10:14.271829+09:00	600	1	True	250	7280.0	2260.0	a0a26f597c45f28d6136278ca17a7e42edf54fc9e196ee38c2ac4577b19f2a43	usable	
085910	2026-09-22	ka10081	20260922	2026-09-24T13:10:14.666002+09:00	600	1	True	250	36300.0	3105.0	f033f6228aaee979c2075fb8f24fd7c040ddb95eda87416cf26c99f2ac73594a	usable	
086960	2026-09-21	ka10081	20260921	2026-09-24T13:10:14.988704+09:00	600	1	True	250	4554.0	1550.0	a007b44a10295a112eba2d389287c5f0ccaa4b1681e8fdc5a0b1b6b92668f830	usable	
087010	2026-09-15	ka10081	20260915	2026-09-24T13:10:15.310896+09:00	600	1	True	250	392500.0	98000.0	fb569b41d29c8167e51a4bba7eddfcb5d2233f48ef461952eb50e79513b83748	usable	
089970	2026-09-23	ka10081	20260923	2026-09-24T13:10:15.635382+09:00	600	1	True	250	122100.0	14080.0	091ca31d666afe7c3c36105e0255e39e92ee35cae0143159244adbb538ccfd14	usable	
090460	2026-09-22	ka10081	20260922	2026-09-24T13:10:15.957460+09:00	600	1	True	250	43400.0	12440.0	26d94c8bf80961b6665ff0da2d9782bcbdfd7740af49a7ad9eed76133c5cc2cf	usable	
092790	2026-09-22	ka10081	20260922	2026-09-24T13:10:16.282002+09:00	600	1	True	250	23000.0	9030.0	cb73b0cd6e2112dfffe3b05549fde82a30dc9320b2ebd223b80c9d8377e3704a	usable	
093370	2026-09-15	ka10081	20260915	2026-09-24T13:10:16.601575+09:00	600	1	True	250	23550.0	5450.0	c2520b87bf8b23121dd4b6cd623504ef0d5f604c9b1d111dea2bce63d54a1e98	usable	
096770	2026-09-23	ka10081	20260923	2026-09-24T13:10:16.925021+09:00	600	1	True	250	164700.0	87700.0	00739bb36296afbad4e8ae274cb6d00ea0c44f93e817cfa491758abe66ef6093	usable	
098070	2026-09-22	ka10081	20260922	2026-09-24T13:10:17.246395+09:00	370	1	False	250	62200.0	20800.0	6c5e8864b625bf7fb9b71f8a27a08104806f048488ea8f329a3aea9e8813e4c9	usable	
099750	2026-09-21	ka10081	20260921	2026-09-24T13:10:17.570142+09:00	600	1	True	250	11812.0	5780.0	17302d1ecbaa023adb9442db89f606aff26d3e1718359f5541a28e0391ffa2fb	usable	
100130	2026-09-16	ka10081	20260916	2026-09-24T13:10:17.892709+09:00	600	1	True	250	2795.0	1229.0	8ba0092d79bb65724e661ed7c7535c21c5d3e449c507c73b033b7fc240013499	usable	
100590	2026-09-14	ka10081	20260914	2026-09-24T13:10:18.210963+09:00	600	1	True	250	12750.0	2480.0	0b6f5c1df130d4a19747d7ceccd9dc8e197466de5e647e2c270f64510383210b	usable	
100840	2026-09-16	ka10081	20260916	2026-09-24T13:10:18.531177+09:00	600	1	True	250	67900.0	21200.0	f8def15586054f5c7c28c83fef7b7c99901a0375da61dd971a2441b17068e26b	usable	
100840	2026-09-22	ka10081	20260922	2026-09-24T13:10:18.854526+09:00	600	1	True	250	67900.0	21200.0	21e83aa2f22266f6acd2389c25fc8fdf2f1f7205f80d149fa8a1829e1d9c0aba	usable	
101730	2026-09-14	ka10081	20260914	2026-09-24T13:10:19.177003+09:00	600	1	True	250	8160.0	2600.0	923a4a1ae45360ac22a882f69d54ba0baeabf4bcf5a98b962ab877ac85dd6b9e	usable	
103590	2026-09-23	ka10081	20260923	2026-09-24T13:10:19.497597+09:00	600	1	True	250	147900.0	33500.0	694ea10b053307d77955a58e7afb0046674524d30af5d03ec9ede2061a081d57	usable	
108490	2026-09-15	ka10081	20260915	2026-09-24T13:10:19.825015+09:00	600	1	True	250	464000.0	92901.0	b75080cf82b49fc2e31be5b8a7462e734ff05681148cec8d4b5e47bc31374ce4	usable	
109670	2026-09-23	ka10081	20260923	2026-09-24T13:10:20.144764+09:00	600	1	True	250	10370.0	2650.0	a27dda8e23750d9fc043e72b182b9c5157981db0aabdd974bb8e744f0fcac5c8	usable	
114810	2026-09-23	ka10081	20260923	2026-09-24T13:10:20.470347+09:00	600	1	True	250	19900.0	7050.0	d414904f885b25c76c29609ba45a0722d33da7d258f0cec58104013a601d6ade	usable	
115440	2026-09-14	ka10081	20260914	2026-09-24T13:10:20.798977+09:00	600	1	True	250	21350.0	5290.0	1defa06686cfb6243637aace7da301f3873b1c76c5b5cdb14e75491eafeb4a11	usable	
115440	2026-09-16	ka10081	20260916	2026-09-24T13:10:21.133031+09:00	600	1	True	250	21350.0	5290.0	b24bca0d1bdf340210f2934ce7b22e200e3ae808c7e1e02a11d2445df6d1c18e	usable	
115440	2026-09-23	ka10081	20260923	2026-09-24T13:10:21.455941+09:00	600	1	True	250	21350.0	5290.0	9f4ce89a612999e529125f11c44b5577a0a881598300ff0de4512f6d3c71eebb	usable	
115500	2026-09-15	ka10081	20260915	2026-09-24T13:10:21.801791+09:00	600	1	True	250	27500.0	6120.0	7ee5f4133a8017972351116764596f43a1e43c4966699ec9abaf6cfad22cd9d9	usable	
117730	2026-09-23	ka10081	20260923	2026-09-24T13:10:22.119451+09:00	600	1	True	250	30900.0	9800.0	f9aa753d76d45af602fef1986a196f71e7fa5d4e7e2dba88df14f209e57d0fc7	usable	
122350	2026-09-23	ka10081	20260923	2026-09-24T13:10:22.442853+09:00	600	1	True	250	2345.0	836.0	257f02fa638dcacdd89d5689ea9143deea91c495448e3db2b7da4f698ab65c0a	usable	
122640	2026-09-21	ka10081	20260921	2026-09-24T13:10:22.764356+09:00	600	1	True	250	44000.0	15200.0	15dec732b34edb5d59bf03585f89524f1a07da8fef62c8f47639981667acbec3	usable	
124500	2026-09-14	ka10081	20260914	2026-09-24T13:10:23.086827+09:00	600	1	True	250	75500.0	14570.0	0d62068d2d075c1f82853c1a947718bcdac5b61fdb6e6c1ab1a8e3aaaaeb8ab6	usable	
124500	2026-09-16	ka10081	20260916	2026-09-24T13:10:23.409665+09:00	600	1	True	250	75500.0	16000.0	3cc80a89c8564ff4c2aadc5962f9b457867b68a1fe47a7769016adfa8b8e6a1b	usable	
125210	2026-09-16	ka10081	20260916	2026-09-24T13:10:23.735051+09:00	600	1	True	250	16750.0	4350.0	bfb196a9afe971a0560b048d5847163c0740c9f6a41e47a706828590873ff528	usable	
125490	2026-09-15	ka10081	20260915	2026-09-24T13:10:24.061204+09:00	262	1	False	250	25350.0	4960.0	c3b7d34692cfa29e6c403bea139557392a1db4c52a1aea8b2b3c86c45b0f0c8f	usable	
125490	2026-09-21	ka10081	20260921	2026-09-24T13:10:24.374980+09:00	266	1	False	250	25350.0	5090.0	3b341165b9bb95fc5b7ec620779d562fc35f669fe1a4f02dd813805f5c53a425	usable	
126340	2026-09-16	ka10081	20260916	2026-09-24T13:10:24.693058+09:00	600	1	True	250	204500.0	42172.0	f9c172e1a14330f40cd753319c2cad764c606dd84cad0fc0cf93f34ec249f47b	usable	
126730	2026-09-14	ka10081	20260914	2026-09-24T13:10:25.019798+09:00	574	1	False	250	36500.0	9310.0	a921af3a2750ae7bd66e446f3db0250c6d405ebc250f19e843e80ebcdbebd98d	usable	
126730	2026-09-16	ka10081	20260916	2026-09-24T13:10:25.342464+09:00	576	1	False	250	36500.0	9310.0	a1bc19057b416fb1dd0238a323ffbc67a8dc918a43060af725eed1edd841483f	usable	
127120	2026-09-21	ka10081	20260921	2026-09-24T13:10:25.663389+09:00	600	1	True	250	49900.0	13860.0	65d34afad0b58970c6c700f3f32ae541b349092e5cf9259c3cd5d989f169fe29	usable	
131970	2026-09-21	ka10081	20260921	2026-09-24T13:10:25.991326+09:00	600	1	True	250	196900.0	36800.0	7c01294e3de2ea554104fec0ed40c39ac6931226fed63bab1371ff37ed34b348	usable	
134580	2026-09-14	ka10081	20260914	2026-09-24T13:10:26.314457+09:00	600	1	True	250	4300.0	850.0	9c287cea8f96b644ad0226ebd1e2bde09936bbccd705fda8b4b658926cd4f08f	usable	
140430	2026-09-16	ka10081	20260916	2026-09-24T13:10:26.638755+09:00	577	1	False	250	10325.0	1500.0	55f5c6b03604b31b95efc5c88709b4d97be2c08487d6ac6ae4dda5bcad6219bc	usable	
144960	2026-09-21	ka10081	20260921	2026-09-24T13:10:26.957538+09:00	600	1	True	250	13280.0	4710.0	e86d5b0b7ba7447aa1755878e425fca98753d5f8e7e793320151c59a4c28f5fd	usable	
150900	2026-09-15	ka10081	20260915	2026-09-24T13:10:27.286391+09:00	600	1	True	250	6890.0	2725.0	85f1100226485d55c221463e088ab12d0408b881fcbab39fe98d5bc32aa505ef	usable	
158430	2026-09-15	ka10081	20260915	2026-09-24T13:10:27.611535+09:00	600	1	True	250	11370.0	3300.0	946b6541b4b960dff9099f1cfd44afdda8b93e6aeb48ee39849a3c6d89f6cfba	usable	
161890	2026-09-14	ka10081	20260914	2026-09-24T13:10:27.934204+09:00	600	1	True	250	165900.0	60600.0	c3138b79e0b1da80042a698510e9b8650fd9078de155430aed66ed57a6a1e609	usable	
184230	2026-09-14	ka10081	20260914	2026-09-24T13:10:28.258257+09:00	600	1	True	250	6795.0	1620.0	d5546739756fb5b17273934b581c6d84cd58813ce2b27d628108ed87c1a3fadc	usable	
187660	2026-09-14	ka10081	20260914	2026-09-24T13:10:28.582662+09:00	600	1	True	250	20885.0	2234.0	0e78abf0d2c4e16eccacbad9091e48e7c1f08be69333fe8e5404b004149d166f	usable	
187660	2026-09-22	ka10081	20260922	2026-09-24T13:10:28.906590+09:00	600	1	True	250	20885.0	2234.0	49da6424ce23f7dcb318f557a2cbd8feb1f64eb06d929bc199a755bbe0c4f856	usable	
189860	2026-09-22	ka10081	20260922	2026-09-24T13:10:29.233761+09:00	600	1	True	250	11500.0	2820.0	fc67b51978f9ac9421d637a54daecf9d7d929aae878665c8bc496eb849842173	usable	
192650	2026-09-21	ka10081	20260921	2026-09-24T13:10:29.556462+09:00	600	1	True	250	9120.0	3565.0	eee9aca71e65f85d2a07c9a6904b30e3fd4155d5133ef3c6ccb871d02667e1c8	usable	
195870	2026-09-16	ka10081	20260916	2026-09-24T13:10:29.883082+09:00	600	1	True	250	108500.0	22350.0	85f9acf9a0f3d05712312416bcf633f44f5a8fcd5986a255ac8ef7bd93d80018	usable	
195870	2026-09-22	ka10081	20260922	2026-09-24T13:10:30.208903+09:00	600	1	True	250	108500.0	24050.0	9578880fd50fd90fe36916152da73ce4f6625e652274e454db8a05dc80c698a8	usable	
198440	2026-09-16	ka10081	20260916	2026-09-24T13:10:30.530887+09:00	600	1	True	250	2930.0	910.0	d73a0de53532a3f3e6597b27f1b68c7e7583e5441b6106b06596495f33f4fa15	usable	
199430	2026-09-15	ka10081	20260915	2026-09-24T13:10:30.858560+09:00	600	1	True	250	45300.0	8510.0	cf05bdb07d4b3cf3dc0bb9307a9c3fb3c66fcd68260bfffa2da16ccd99696d51	usable	
199430	2026-09-23	ka10081	20260923	2026-09-24T13:10:31.185946+09:00	600	1	True	250	45300.0	8510.0	e4ffd95b434c9aa8ffb1d784ea28b993e8bec6eb8ae03d7d2e749aad6eecc71d	usable	
200350	2026-09-14	ka10081	20260914	2026-09-24T13:10:31.517088+09:00	600	1	True	250	8880.0	1414.0	62dff052eee5070892c46c2069aec75c3b590e5d784f018b91d0b53e68891f22	usable	
201490	2026-09-14	ka10081	20260914	2026-09-24T13:10:31.841835+09:00	600	1	True	250	6900.0	1738.0	1cac351997812e9f0d64aef63a8ec10ef6b4c65f9bce52b74b422bf3eb77bf05	usable	
203650	2026-09-14	ka10081	20260914	2026-09-24T13:10:32.167817+09:00	600	1	True	250	4810.0	1400.0	5888e71589233af6ec654c04e41750570b9d2b01054e5557a9a3cc4eca71964e	usable	
203650	2026-09-15	ka10081	20260915	2026-09-24T13:10:32.489284+09:00	600	1	True	250	4810.0	1400.0	0f05e71e06e48152852ada061805a828ce544165eb5240f840d4a137e6435acd	usable	
205100	2026-09-21	ka10081	20260921	2026-09-24T13:10:32.813581+09:00	600	1	True	250	2590.0	1250.0	a31ce5e551c8a4715f9f9c8bab123293a74ed120aea6632424ef234c87a987e8	usable	
209640	2026-09-23	ka10081	20260923	2026-09-24T13:10:33.140995+09:00	472	1	False	250	10350.0	2390.0	c249709edb9ae749440951bb3bccb56d44aed98c0638779c491e7bc9fa6f16b4	usable	
217590	2026-09-14	ka10081	20260914	2026-09-24T13:10:33.468271+09:00	183	1	False	182			310cf9d722a03b3ef7bf7bb0d6f1a2ce7a1f8a01d253f32f6b5e4ef6ed4710b2	usable	
217590	2026-09-16	ka10081	20260916	2026-09-24T13:10:33.781230+09:00	185	1	False	184			b75f0daec6491980157d75d4466e78b59a5c8ec4072adf1a40a108e41d651c95	usable	
219130	2026-09-16	ka10081	20260916	2026-09-24T13:10:34.090101+09:00	600	1	True	250	87900.0	15300.0	822ac063826c21f44d526fc6acfaf86e1f5863358ed0230d9a690c8ac218edbb	usable	
222800	2026-09-22	ka10081	20260922	2026-09-24T13:10:34.413835+09:00	600	1	True	250	164200.0	28500.0	8620f32187a40ad2c7dfd2c523fa0fe18294fb50db2c787eaadb1a615374c9ea	usable	
223250	2026-09-21	ka10081	20260921	2026-09-24T13:10:34.735440+09:00	600	1	True	250	8640.0	2360.0	97d9db6a98179eaeb497db159b84ffefa075fcd52e457d0afe02b1ea49270820	usable	
226950	2026-09-21	ka10081	20260921	2026-09-24T13:10:35.077680+09:00	600	1	True	250	217000.0	81000.0	086eb914fbe13edc480824ef7f8c8fbe4023d64afe6a4ed83caae8efd11f52ab	usable	
228340	2026-09-16	ka10081	20260916	2026-09-24T13:10:35.405485+09:00	600	1	True	250	7300.0	1550.0	c6840b9b246a23481ab74bf0702193ac366caa86cf8adf84a0b91aaabf0dea04	usable	
229640	2026-09-16	ka10081	20260916	2026-09-24T13:10:35.731610+09:00	600	1	True	250	109800.0	32000.0	feaa934243e86e726a2bcee331225e3416180bda5495502c4dda7872f632732d	usable	
229640	2026-09-23	ka10081	20260923	2026-09-24T13:10:36.056729+09:00	600	1	True	250	109800.0	32000.0	ce93b9caaabe5f40a9d146fdd3182a6b9330e0072e0fc2aa90f5c9c8a1ce0a1b	usable	
232140	2026-09-21	ka10081	20260921	2026-09-24T13:10:36.636055+09:00	600	1	True	250	24150.0	6820.0	dee6b9ba88be8e061a197527e9d83901f43c1c0bec0db5ada240cbc2f15b7710	usable	
232140	2026-09-22	ka10081	20260922	2026-09-24T13:10:36.958792+09:00	600	1	True	250	24150.0	6820.0	1bec3a3c26e3e22d50db6b107f138da2d1eac8439ad9a7fe50e45b80d97f4956	usable	
232830	2026-09-22	ka10081	20260922	2026-09-24T13:10:37.286913+09:00	600	1	True	250	5590.0	1211.0	d5f6cfa5e3e151c6f95e30bf24bf7b5609610528e9414eea8d91b2f3d74f5954	usable	
232830	2026-09-23	ka10081	20260923	2026-09-24T13:10:37.608099+09:00	600	1	True	250	5590.0	1211.0	5c7735fe7de46ec83d28a10c3e5f1787bc644b0c5fc6104415441ce3520a9a3f	usable	
234340	2026-09-23	ka10081	20260923	2026-09-24T13:10:37.932196+09:00	600	1	True	250	45000.0	14180.0	b39bfc5136d43ad8fa3d45fc1febf9bed35b396d0a6573c16d337d037e2ef6e2	usable	
238090	2026-09-16	ka10081	20260916	2026-09-24T13:10:38.260001+09:00	600	1	True	250	4150.0	1537.0	9a4e8d8bbfab643422251ed29a3a1c80dc931dee868ccbc32fd4a3d9fd11dcd8	usable	
240550	2026-09-21	ka10081	20260921	2026-09-24T13:10:38.586189+09:00	393	1	False	250	11440.0	4500.0	293fffa145ecfeb5c809f770e7fc86aff5a79c43b7a477e8670001f63400f3db	usable	
240810	2026-09-21	ka10081	20260921	2026-09-24T13:10:38.906699+09:00	600	1	True	250	187800.0	41800.0	da64e6d6cd732c48bb5983434a9a09ea2d1cc308b084c2aa849fa0695f5193e2	usable	
240810	2026-09-22	ka10081	20260922	2026-09-24T13:10:39.231490+09:00	600	1	True	250	187800.0	42850.0	d15e7004d9e691f98652afe2ded343a1c791133517c88096087648415d3d6770	usable	
240810	2026-09-23	ka10081	20260923	2026-09-24T13:10:39.554709+09:00	600	1	True	250	187800.0	43200.0	ea98ee160602cab1286312e070d34cc8a46c63c9487c166b80011b5ec414db7a	usable	
251970	2026-09-14	ka10081	20260914	2026-09-24T13:10:39.876432+09:00	600	1	True	250	70200.0	31400.0	34c0cc713b936fe816619228e09f151a09d472501ffd50a6eda341f243328cb0	usable	
255220	2026-09-23	ka10081	20260923	2026-09-24T13:10:40.204321+09:00	600	1	True	250	3397.0	1035.0	0ff55ca727028d08f8a2e15168a2bf1f5744a03754939d921c8b8a1d28f6a2aa	usable	
256840	2026-09-14	ka10081	20260914	2026-09-24T13:10:40.525557+09:00	600	1	True	250	6180.0	2050.0	2d48876b994a72ea6325f2f211ff06f1cb793e80bf472e5d6ea0f93ec47ddfdd	usable	
263860	2026-09-14	ka10081	20260914	2026-09-24T13:10:40.847509+09:00	600	1	True	250	30000.0	11000.0	40af7852bfe7458d369a7724802b26a31a37bf70e0dd25d65d9078bfb34a02cd	usable	
272210	2026-09-14	ka10081	20260914	2026-09-24T13:10:41.168768+09:00	600	1	True	250	184000.0	44750.0	3ab989122424f60c21d24361a79e39d3e46da7bdf078e5ce2964526b77a41c31	usable	
274090	2026-09-22	ka10081	20260922	2026-09-24T13:10:41.489326+09:00	600	1	True	250	39600.0	7300.0	abb29aa1aa51fb3765729c33ff9e89cbab0746d214858918d77ec9f14efc4aca	usable	
274090	2026-09-23	ka10081	20260923	2026-09-24T13:10:41.809827+09:00	600	1	True	250	39600.0	7300.0	cc3ae7fc5a6119cadd06b3f48057fa184b4790df8e47b4357feed8512f68644c	usable	
285800	2026-09-14	ka10081	20260914	2026-09-24T13:10:42.128641+09:00	600	1	True	250	14825.0	3165.0	addd2108844c20f0aa38d240cf1380e49099052196ab3cffdc195d3403f69c88	usable	
289930	2026-09-15	ka10081	20260915	2026-09-24T13:10:42.447835+09:00	461	1	False	250	24650.0	5630.0	59db42004c47927654f7098930a601ab69e4d1e0f8da6bb13a53a3c801106e86	usable	
303810	2026-09-22	ka10081	20260922	2026-09-24T13:10:42.765891+09:00	392	1	False	250	4395.0	2155.0	7bf0e212ca6aee66fb6ffe74350c53efa9c2ff33b4058e4f63a52da6654d206b	usable	
314130	2026-09-23	ka10081	20260923	2026-09-24T13:10:43.080929+09:00	600	1	True	250	10180.0	2470.0	42eccb084075fd3850e7eaed08b07d8668f8514372ed96c29c2af8baf8967a88	usable	
317400	2026-09-22	ka10081	20260922	2026-09-24T13:10:43.403029+09:00	600	1	True	250	11920.0	3050.0	02ff1382b0141601487e0126553e5bab28b3ab830a99017382594b8a742d01ee	usable	
317830	2026-09-21	ka10081	20260921	2026-09-24T13:10:43.724151+09:00	600	1	True	250	17300.0	3500.0	f447ac6580d30cf920b8d291744a4a4c57a4b9046df71746915f82fb661452d3	usable	
319660	2026-09-16	ka10081	20260916	2026-09-24T13:10:44.046622+09:00	600	1	True	250	219500.0	23500.0	6db38ff140dbb3d1df44d36818c05f7a64cf815f8c705b23a7abd88f992aeca3	usable	
320000	2026-09-16	ka10081	20260916	2026-09-24T13:10:44.365670+09:00	600	1	True	250	29050.0	7080.0	0a3d2d8fd6ebb2436c79900d77708c3e032e3803496d263ca526a002ad4c7dfc	usable	
321370	2026-09-16	ka10081	20260916	2026-09-24T13:10:44.685085+09:00	600	1	True	250	4807.0	814.0	111cc4dde1f76188d379c8541a6c9fff4f72a2b8ea571b73b556566c369206dd	usable	
321370	2026-09-22	ka10081	20260922	2026-09-24T13:10:45.004082+09:00	600	1	True	250	4807.0	814.0	43557e64868b302e2e8a7663b5b0f4921944b14f9683392b3b74e318a2924679	usable	
321370	2026-09-23	ka10081	20260923	2026-09-24T13:10:45.324419+09:00	600	1	True	250	4807.0	814.0	44ef47ccf210e1d91b40d3e9c805109e72b7be27d4438ab478438323b739dddf	usable	
327260	2026-09-14	ka10081	20260914	2026-09-24T13:10:45.645958+09:00	600	1	True	250	63427.0	3359.0	de55e96249c10469bafd37c26aa46ded52f00948e79b111693c9eed7338ab467	usable	
328130	2026-09-21	ka10081	20260921	2026-09-24T13:10:45.964598+09:00	600	1	True	250	24550.0	8180.0	e9c3f9d80ea23fa859574ebb8590b9219bf0e826bc8f091a4aab8efbcdfeb26e	usable	
328130	2026-09-23	ka10081	20260923	2026-09-24T13:10:46.286574+09:00	600	1	True	250	24550.0	8180.0	04532b603ef8741d4b5d6b1c98fa2bc61f460ad807c7d8f5b6d491b676d4df9a	usable	
332570	2026-09-21	ka10081	20260921	2026-09-24T13:10:46.609405+09:00	600	1	True	250	14990.0	4065.0	63a1ed8010174d68f93c39658d4602c4a7ed7ec63d5a7b0e21d1ccb8ca0a92b9	usable	
336260	2026-09-15	ka10081	20260915	2026-09-24T13:10:46.931009+09:00	600	1	True	250	108900.0	18230.0	c7d104a2076c65aa7f208e863b19143001032153d0558842be61f8a4599d8147	usable	
338220	2026-09-23	ka10081	20260923	2026-09-24T13:10:47.255207+09:00	600	1	True	250	28350.0	4235.0	f23b81997bbc37b3de86bfa11dad7be55ff4b53ba479182d13cea0dc325c2651	usable	
340810	2026-09-14	ka10081	20260914	2026-09-24T13:10:47.576113+09:00	600	1	True	250	4630.0	2105.0	26e9aa3e3a84fc0e3425515356f72e8333beea4fbb4e7732ff67e982d97cff95	usable	
344860	2026-09-14	ka10081	20260914	2026-09-24T13:10:47.900377+09:00	600	1	True	250	2800.0	1099.0	f2608ddd4f4f4e9dac38e6c380d2bf306ce830bf451bf7a54ecb417046ab3e00	usable	
348080	2026-09-21	ka10081	20260921	2026-09-24T13:10:48.220589+09:00	600	1	True	250	12976.0	1765.0	99bb64c4ca646686564a109d546f71dc8d011821f26ba3ce7b24bb3be8e12ad9	usable	
354200	2026-09-15	ka10081	20260915	2026-09-24T13:10:48.538804+09:00	600	1	True	250	6785.0	1246.0	f5800287fa15c32b14cbc38563b7754f9617d07f2f47e9ad215d9c9afd97bbbd	usable	
354200	2026-09-16	ka10081	20260916	2026-09-24T13:10:48.858951+09:00	600	1	True	250	6785.0	1246.0	650f350785fe035a06877e4508a50ebab98e4be5afcdb09b223cd7c642ace44a	usable	
356680	2026-09-14	ka10081	20260914	2026-09-24T13:10:49.180102+09:00	600	1	True	250	30550.0	6100.0	bca6e3b79b50827b26d522419625288ac7b66c6834dac6846de29e2fbb00d013	usable	
356680	2026-09-15	ka10081	20260915	2026-09-24T13:10:49.500730+09:00	600	1	True	250	30550.0	6100.0	19f7de74ab049a23a04c689ff4be09da30ed38637cd6ba310896cb60266928db	usable	
356680	2026-09-16	ka10081	20260916	2026-09-24T13:10:49.959863+09:00	600	1	True	250	30550.0	6100.0	2acf3ab4876c93cdcc435e7ea3e7f0213dadcf891389178092beff8b554fcfb3	usable	
356680	2026-09-23	ka10081	20260923	2026-09-24T13:10:50.283280+09:00	600	1	True	250	30550.0	6100.0	72473a5cc98d33cef16a41a9b0587a23cfc2813ed493fc3c1295548a2ebb0c57	usable	
356860	2026-09-22	ka10081	20260922	2026-09-24T13:10:50.603130+09:00	600	1	True	250	67610.0	18095.0	71699d59d47cc1c54a97e18e719890231976b4750a90bafec97cbd169ab021e7	usable	
357880	2026-09-22	ka10081	20260922	2026-09-24T13:10:50.924356+09:00	600	1	True	250	6160.0	1413.0	a88c93103d4e424d9db25b9a84fd84c93000bf69fe266a5234f8e36dc8d93f84	usable	
358570	2026-09-15	ka10081	20260915	2026-09-24T13:10:51.243025+09:00	600	1	True	250	21000.0	6470.0	b7fa4ce9adbf64c3b279721074ced0339f3148a9669a3b697807b91c1c7064d8	usable	
365590	2026-09-16	ka10081	20260916	2026-09-24T13:10:51.570960+09:00	600	1	True	250	8400.0	1566.0	36e33c265552abf2822b0c5df26bdc0a6e8ce05f8006a8639d3bb6c3db37e46a	usable	
372910	2026-09-15	ka10081	20260915	2026-09-24T13:10:51.895371+09:00	600	1	True	250	3780.0	1524.0	b09765f431a425c84a7884c85a5e1e28f0c2e0246726c4cb4d1924d41c4469c4	usable	
380550	2026-09-21	ka10081	20260921	2026-09-24T13:10:52.217878+09:00	283	1	False	250	36700.0	5480.0	f444c672ed3293d4c3635f36201928ebdea4eea2e6ceae50d8212985e0de03f1	usable	
382900	2026-09-15	ka10081	20260915	2026-09-24T13:10:52.528613+09:00	600	1	True	250	44200.0	11810.0	dfc010431b3fd0e26e7c1689f62e84672ea1250e971929e7d5540c8080676c24	usable	
382900	2026-09-23	ka10081	20260923	2026-09-24T13:10:52.855161+09:00	600	1	True	250	44200.0	11810.0	e2c9a561c7841d6cd216775ac51941d26e66646235f96144c5bf4faf6896ed9d	usable	
383930	2026-09-14	ka10081	20260914	2026-09-24T13:10:53.178957+09:00	600	1	True	250	4115.0	1430.0	5ed445dd182a3f67642a205e0bd14650fea591e81197a03db46d44ca73e03089	usable	
386380	2026-09-15	ka10081	20260915	2026-09-24T13:10:53.499226+09:00	8	1	False	7			c7ee0e8c512c1f6b1520dba27c04076c1ee2ecbaba9efe7ced0b9f80bf445c5b	insufficient_history	
386380	2026-09-16	ka10081	20260916	2026-09-24T13:10:53.797691+09:00	9	1	False	8			c9ab2ab73c36f8d0c8112f2647b63f7874827ba6f789ee330cfe76e0f0c4ddf3	insufficient_history	
386380	2026-09-21	ka10081	20260921	2026-09-24T13:10:54.092739+09:00	12	1	False	11			0512ca481a11e94a7a4916d05c2e48eaf9a03484acdcb5d60f351284d2424e7d	insufficient_history	
387690	2026-09-23	ka10081	20260923	2026-09-24T13:10:54.386456+09:00	51	1	False	50			ddc45043acaefe440c57b17e8db94c187b1891460441c5450c99de0b986a2378	usable	
388790	2026-09-16	ka10081	20260916	2026-09-24T13:10:54.685030+09:00	600	1	True	250	9330.0	2110.0	cf0539f0910cc5a2a9bc57ba334a0113152a756027d7981e9a6a497de49ce49e	usable	
388790	2026-09-22	ka10081	20260922	2026-09-24T13:10:55.010971+09:00	600	1	True	250	9330.0	2110.0	8527a40d686aee776437c705e0c3bca6fa38782678c466e8a973747f6fbafb44	usable	
389500	2026-09-15	ka10081	20260915	2026-09-24T13:10:55.358108+09:00	600	1	True	250	115000.0	21350.0	ead7596367df2607079095f4a714e540be111067a0581e5eb26deab086a14f5b	usable	
393210	2026-09-23	ka10081	20260923	2026-09-24T13:10:55.683953+09:00	600	1	True	250	7090.0	1809.0	f1b7993bd6ffb835bc9754a59e85c0457c62786f60b2bfd21d3d7a1b6c10975b	usable	
396300	2026-09-23	ka10081	20260923	2026-09-24T13:10:56.022659+09:00	600	1	True	250	7340.0	2270.0	93d8283e418d1190f9d9c05d336ba362a082b18193659408f6e31a5001dd2a1b	usable	
399720	2026-09-21	ka10081	20260921	2026-09-24T13:10:56.345689+09:00	600	1	True	250	83200.0	34950.0	34d9f82100b0c7167132da7753f15440513f9262b664807bfd628fa3c891b1d9	usable	
399720	2026-09-22	ka10081	20260922	2026-09-24T13:10:56.679837+09:00	600	1	True	250	83200.0	34950.0	9a5d148f221b1d737df4a95e8456693acab4ffaedf2b39f46758e32228621361	usable	
406820	2026-09-16	ka10081	20260916	2026-09-24T13:10:57.028844+09:00	600	1	True	250	8900.0	1525.0	389e3da08da867c1921e19c5e761df9ab4dc12534ec6397102c0533984ad28a2	usable	
411080	2026-09-15	ka10081	20260915	2026-09-24T13:10:57.364837+09:00	600	1	True	250	10360.0	2965.0	cb81d24e01bdc9492c062c97c750942e70f2677551f503d6f1387f91b90aa3e5	usable	
411080	2026-09-16	ka10081	20260916	2026-09-24T13:10:57.700641+09:00	600	1	True	250	10360.0	2965.0	fb849ea6e346192416cb428aecde76aae9a98611ff9ed1091f70153e740b9a35	usable	
413630	2026-09-16	ka10081	20260916	2026-09-24T13:10:58.154464+09:00	600	1	True	250	6190.0	1811.0	d588337d2aee320a19c3ef9cc27ec266d639cbb732d3f1b9d83962bdd8aef217	usable	
417030	2026-09-21	ka10081	20260921	2026-09-24T13:10:58.481838+09:00	21	1	False	20			cac641b7ee25172927cad1e985a077dd44b7c7efbd8f35d3ad1291cecd2e3314	usable	
417200	2026-09-15	ka10081	20260915	2026-09-24T13:10:58.776379+09:00	600	1	True	250	32725.0	8700.0	b3333789f89f4e1d0d6168428cd7538b27c230585ff267ec6aee5d04a9214117	usable	
417840	2026-09-22	ka10081	20260922	2026-09-24T13:10:59.109978+09:00	600	1	True	250	22250.0	3009.0	b0f675adabf400faea963e7d445e9a110047103b1427dcd38e210574abaae7cd	usable	
417840	2026-09-23	ka10081	20260923	2026-09-24T13:10:59.447085+09:00	600	1	True	250	22250.0	3009.0	ea0fa6b733931c76be91a00c2e905035b1517cea344e6215963007bf696e78f2	usable	
419050	2026-09-23	ka10081	20260923	2026-09-24T13:10:59.772743+09:00	600	1	True	250	2465.0	865.0	681907ac325b6bfdf82d493f6128e6812b8c631978cc9490f14a6ddac61ee211	usable	
424870	2026-09-16	ka10081	20260916	2026-09-24T13:11:00.096578+09:00	327	1	False	250	15499.0	2300.0	05caa4931a4ecc4f9e0136fa901af91b3d4bf002756fb6880909e78db8d0a828	usable	
425040	2026-09-16	ka10081	20260916	2026-09-24T13:11:00.422026+09:00	600	1	True	250	30300.0	6300.0	93985723b5b6c289d53feb5a512a8c6093ca339f9faf1e5d136c52302333b448	usable	
425040	2026-09-21	ka10081	20260921	2026-09-24T13:11:00.753255+09:00	600	1	True	250	30300.0	6300.0	1d390734c6f7a5bb0b264bea886da77da2e3f970b76900ebf3a0daec343f4fd4	usable	
425420	2026-09-22	ka10081	20260922	2026-09-24T13:11:01.075461+09:00	600	1	True	250	77700.0	23500.0	790e21527d8e76e95a4f3cb166b8ce0f96a3848928c884d397374f0f5e429e52	usable	
431190	2026-09-23	ka10081	20260923	2026-09-24T13:11:01.498027+09:00	509	1	False	250	7450.0	1847.0	f31d531bb8c0250cc053ca3a6c48ac2adef8586e7f334b04b8775f3363a5b56f	usable	
432470	2026-09-15	ka10081	20260915	2026-09-24T13:11:01.829521+09:00	600	1	True	250	20400.0	5920.0	9c50f34c3f6d95b9ddbc4be2a8b7a01f31558aa378dd2ec463307f6e633614b6	usable	
437730	2026-09-15	ka10081	20260915	2026-09-24T13:11:02.154194+09:00	600	1	True	250	76900.0	14280.0	db30e5c44bc61eb67c6a05724f767176781d5fe67880a4c81fc7453832015bd5	usable	
437730	2026-09-21	ka10081	20260921	2026-09-24T13:11:02.485538+09:00	600	1	True	250	76900.0	19000.0	f90014ae4e19ad0dd8a982474607e5fb3d7f2488e6b6f9665c9f054daf81b6a8	usable	
439090	2026-09-21	ka10081	20260921	2026-09-24T13:11:02.817650+09:00	600	1	True	250	21250.0	11060.0	f1154e123e33f93155b26b85bc79a1eaceb8ce6a7c98fbff6a069b927be9ae6b	usable	
439580	2026-09-16	ka10081	20260916	2026-09-24T13:11:03.139855+09:00	600	1	True	250	6660.0	1341.0	cf8c1f02b58a19eee93e418acfa2993812992ddb5d752706117472743b9960b4	usable	
439580	2026-09-22	ka10081	20260922	2026-09-24T13:11:03.505859+09:00	600	1	True	250	6660.0	1341.0	824620d6a6801905e75363ddb5ace053cb6103fd3b2f15f65e74da499a9c9340	usable	
440110	2026-09-23	ka10081	20260923	2026-09-24T13:11:03.844970+09:00	600	1	True	250	129400.0	17050.0	fa0191ba9e6c9b68d53b4afd92fc4da76471540d44faacce5ec531eb4299470d	usable	
441270	2026-09-14	ka10081	20260914	2026-09-24T13:11:04.236849+09:00	600	1	True	250	14060.0	5340.0	3f95f177084177b87bb3fce26e0fec53b4d8531fa0913b3a1f94112c72ca4b23	usable	
443670	2026-09-14	ka10081	20260914	2026-09-24T13:11:04.576848+09:00	600	1	True	250	7290.0	2520.0	4cce76e8af6fa9b3a79130605b1e87d64837d18649fea61c7680b7e5646990d6	usable	
443670	2026-09-16	ka10081	20260916	2026-09-24T13:11:04.903737+09:00	600	1	True	250	7290.0	2520.0	c3c06e8e03c831f88494601f106ddfa949605e2683b5da930f76fabed506bbeb	usable	
446540	2026-09-23	ka10081	20260923	2026-09-24T13:11:05.225841+09:00	600	1	True	250	10990.0	3245.0	3b7ee587414981548241bfc37d8085fec3e54032fe849c9d2188311a175f33c4	usable	
448900	2026-09-15	ka10081	20260915	2026-09-24T13:11:05.546492+09:00	600	1	True	250	178400.0	11310.0	47f8fd7f3794f9cddabc5cc01122b1ec668f81c7cf42c73ffd6734c79a78b386	usable	
452280	2026-09-16	ka10081	20260916	2026-09-24T13:11:05.872415+09:00	600	1	True	250	37300.0	7840.0	a191ce91f41d31790241a7f1ed935591c4eb5afc50b273c80a120e96bd317717	usable	
452280	2026-09-21	ka10081	20260921	2026-09-24T13:11:06.204696+09:00	600	1	True	250	37300.0	7840.0	a3ed7cec8ae4e5508eac7a7c126fe46588ef4f0783e8679a7335d45bb8a98e1d	usable	
456160	2026-09-16	ka10081	20260916	2026-09-24T13:11:06.542624+09:00	266	1	False	250	124000.0	22400.0	ba5ba076b3647681b4cbb342910ef3a9dab2e25bdcce02037c34d0cd564138d3	usable	
457370	2026-09-16	ka10081	20260916	2026-09-24T13:11:06.873689+09:00	465	1	False	250	17040.0	5460.0	4de2116581c4c0b4929de2c39bdc39ec0cd4252e1b4b15305345aafd7ddc135b	usable	
457370	2026-09-21	ka10081	20260921	2026-09-24T13:11:07.211804+09:00	468	1	False	250	17040.0	5460.0	1440abbf338fc6bf666e38df1950a0f0ab66ed4be92755a3932df5425274d717	usable	
457370	2026-09-22	ka10081	20260922	2026-09-24T13:11:07.531740+09:00	469	1	False	250	17040.0	5460.0	23c206fc32cc2d5b7db3d2e5d24c2923a1ff5caa7c3191683772e40db798643d	usable	
460850	2026-09-14	ka10081	20260914	2026-09-24T13:11:07.884731+09:00	600	1	True	250	7790.0	4230.0	540ddb2996ebdb00ed9c1d5bb0f97e75c891942e090f06f2bdbb0478d2946a3f	usable	
462510	2026-09-16	ka10081	20260916	2026-09-24T13:11:08.214585+09:00	549	1	False	250	9300.0	2290.0	e44a0ac70c62949be82a7bf55d1d8f07453b37ccddae9873a6cf60d28972fe40	usable	
462860	2026-09-21	ka10081	20260921	2026-09-24T13:11:08.551137+09:00	367	1	False	250	5530.0	1588.0	daab4e585cebd5829e9dc7ed29a99411fcd82dd81b9ea03360da1e9af09862a9	usable	
468530	2026-09-21	ka10081	20260921	2026-09-24T13:11:08.889285+09:00	281	1	False	250	120100.0	15500.0	51bb222a42b6ecb9ef2925b4873c84cabe4954c80d8cbcee18867fd01fa08b3c	usable	
468530	2026-09-23	ka10081	20260923	2026-09-24T13:11:09.204785+09:00	283	1	False	250	120100.0	15500.0	0dc273df381c99225e72475764f2693c48c0ffb53d6536d09870f0039cd0ac05	usable	
469610	2026-09-14	ka10081	20260914	2026-09-24T13:11:09.533457+09:00	209	1	False	208			99230978a08914bd6ec43abde3dfaf88f03e360c092badefd7ce25ea2c21481a	usable	
475400	2026-09-23	ka10081	20260923	2026-09-24T13:11:09.860113+09:00	468	1	False	250	46950.0	13420.0	54f881bd2ba224cb7b066d310c7301c70eac976a9999e6d4ec4dcb1e59b87c16	usable	
475580	2026-09-15	ka10081	20260915	2026-09-24T13:11:10.185203+09:00	456	1	False	250	15650.0	5020.0	e494a28dca5d2cd45eae49477523b3a5a81a738f4a9a6a27c490f74117b3a158	usable	
478340	2026-09-22	ka10081	20260922	2026-09-24T13:11:10.517396+09:00	187	1	False	186			4cf79a6efdbec3fd3eaa25862c9bb2bb10a7201c431ace880872629d24971068	usable	
478340	2026-09-23	ka10081	20260923	2026-09-24T13:11:10.828844+09:00	188	1	False	187			a5d680fbfe9a7641f30b9d2a92cc87788de0aa3c76fcca500a3caa87e5f01512	usable	
480370	2026-09-14	ka10081	20260914	2026-09-24T13:11:11.148291+09:00	367	1	False	250	4172.0	1039.0	2d3c91ace26e0484131570a7e930d087d45d405b3ccb3459ad0aee93578b6e9c	usable	
486990	2026-09-22	ka10081	20260922	2026-09-24T13:11:11.473314+09:00	219	1	False	218			76e3e9823a75c9bf90c3905eecfd62c5d7c014b3271ecb9934263a1a59776c8f	usable	
