eligible_10m	eligible_20m	record_id	date	code	entry_time	session	buy_price	actual_sell_time	actual_profit_rate_pct	bars_in_entry_session	first_net_0.5pct_min	first_net_0.5pct_time	first_net_1pct_min	first_net_1pct_time	first_net_1.5pct_min	first_net_1.5pct_time	first_net_2pct_min	first_net_2pct_time	first_net_3pct_min	first_net_3pct_time
True	True	14824	2026-07-01	084370	2026-07-01 12:29:58.512692	REGULAR	211000.0	2026-07-01 13:12:14	1.66	172	3.02	2026-07-01 12:33:00	9.02	2026-07-01 12:39:00	34.02	2026-07-01 13:04:00	35.02	2026-07-01 13:05:00		
True	True	14819	2026-07-01	006340	2026-07-01 12:33:18.022003	REGULAR	12740.0	2026-07-01 12:54:13	2.47	168	7.7	2026-07-01 12:41:00	18.7	2026-07-01 12:52:00	18.7	2026-07-01 12:52:00	18.7	2026-07-01 12:52:00	39.7	2026-07-01 13:13:00
True	True	14762	2026-07-01	347700	2026-07-01 11:08:37.163607	REGULAR	26750.0	2026-07-01 11:27:41	2.94	252	2.38	2026-07-01 11:11:00	5.38	2026-07-01 11:14:00	5.38	2026-07-01 11:14:00	6.38	2026-07-01 11:15:00	11.38	2026-07-01 11:20:00
True	True	14786	2026-07-01	037350	2026-07-01 11:02:27.433332	REGULAR	10890.0	2026-07-01 11:23:17	1.14	259	17.54	2026-07-01 11:20:00	19.54	2026-07-01 11:22:00	19.54	2026-07-01 11:22:00	53.54	2026-07-01 11:56:00	53.54	2026-07-01 11:56:00
True	True	14770	2026-07-01	045100	2026-07-01 10:41:28.112113	REGULAR	37050.0	2026-07-01 10:51:00	2.33	280	5.53	2026-07-01 10:47:00	5.53	2026-07-01 10:47:00	7.53	2026-07-01 10:49:00	8.53	2026-07-01 10:50:00	230.53	2026-07-01 14:32:00
True	True	14749	2026-07-01	336260	2026-07-01 09:58:58.166603	REGULAR	56800.0	2026-07-01 10:35:33	2.93	323	23.03	2026-07-01 10:22:00	31.03	2026-07-01 10:30:00	31.03	2026-07-01 10:30:00	31.03	2026-07-01 10:30:00	33.03	2026-07-01 10:32:00
True	True	14750	2026-07-01	062040	2026-07-01 10:11:45.462973	REGULAR	258000.0	2026-07-01 10:27:12	1.12	310	10.24	2026-07-01 10:22:00	11.24	2026-07-01 10:23:00	13.24	2026-07-01 10:25:00	18.24	2026-07-01 10:30:00		
True	True	14758	2026-07-01	001260	2026-07-01 10:14:57.074666	REGULAR	9980.0	2026-07-01 10:24:59	0.97	239	1.05	2026-07-01 10:16:00	1.05	2026-07-01 10:16:00	5.05	2026-07-01 10:20:00	16.05	2026-07-01 10:31:00	17.05	2026-07-01 10:32:00
True	True	14742	2026-07-01	010120	2026-07-01 09:09:40.974718	REGULAR	261000.0	2026-07-01 09:13:39	1.49	372	0.32	2026-07-01 09:10:00	0.32	2026-07-01 09:10:00	1.32	2026-07-01 09:11:00	1.32	2026-07-01 09:11:00	40.32	2026-07-01 09:50:00
True	True	14731	2026-07-01	062040	2026-07-01 09:08:10.853623	REGULAR	263000.0	2026-07-01 09:12:40	1.67	373	0.82	2026-07-01 09:09:00	0.82	2026-07-01 09:09:00	1.82	2026-07-01 09:10:00	1.82	2026-07-01 09:10:00	2.82	2026-07-01 09:11:00
True	True	14717	2026-07-01	336260	2026-07-01 09:07:33.666214	REGULAR	56100.0	2026-07-01 09:11:33	1.9	374	0.44	2026-07-01 09:08:00	1.44	2026-07-01 09:09:00	1.44	2026-07-01 09:09:00	1.44	2026-07-01 09:09:00	5.44	2026-07-01 09:13:00
True	False	14741	2026-07-01	033100	2026-07-01 08:38:21.316502	PREMARKET	53500.0	2026-07-01 09:07:07	1.45	12	4.64	2026-07-01 08:43:00								
True	True	15106	2026-07-02	007610	2026-07-02 14:57:02.713449	REGULAR	6390.0	2026-07-02 15:01:27	-1.17	24	0.95	2026-07-02 14:58:00	0.95	2026-07-02 14:58:00	0.95	2026-07-02 14:58:00	0.95	2026-07-02 14:58:00	0.95	2026-07-02 14:58:00
True	True	15100	2026-07-02	007610	2026-07-02 14:18:49.490983	REGULAR	6220.0	2026-07-02 14:27:54	2.98	63	3.18	2026-07-02 14:22:00	3.18	2026-07-02 14:22:00	3.18	2026-07-02 14:22:00	6.18	2026-07-02 14:25:00	7.18	2026-07-02 14:26:00
True	True	15036	2026-07-02	013580	2026-07-02 13:59:30.161811	REGULAR	26500.0	2026-07-02 14:03:18	3.53	81	0.5	2026-07-02 14:00:00	0.5	2026-07-02 14:00:00	0.5	2026-07-02 14:00:00	0.5	2026-07-02 14:00:00	1.5	2026-07-02 14:01:00
True	True	15068	2026-07-02	007610	2026-07-02 12:33:28.376257	REGULAR	6170.0	2026-07-02 12:41:58	1.23	164	1.53	2026-07-02 12:35:00	2.53	2026-07-02 12:36:00	4.53	2026-07-02 12:38:00	22.53	2026-07-02 12:56:00	80.53	2026-07-02 13:54:00
True	True	15056	2026-07-02	001260	2026-07-02 11:14:54.835001	REGULAR	11470.0	2026-07-02 11:20:22	1.6	244	0.09	2026-07-02 11:15:00	2.09	2026-07-02 11:17:00	2.09	2026-07-02 11:17:00	3.09	2026-07-02 11:18:00	8.09	2026-07-02 11:23:00
True	True	15035	2026-07-02	001260	2026-07-02 10:55:41.487598	REGULAR	11190.0	2026-07-02 11:05:30	4.14	263	3.31	2026-07-02 10:59:00	5.31	2026-07-02 11:01:00	6.31	2026-07-02 11:02:00	6.31	2026-07-02 11:02:00	7.31	2026-07-02 11:03:00
True	True	14996	2026-07-02	082740	2026-07-02 08:26:56.843024	PREMARKET	57600.0	2026-07-02 08:45:27	2.19	24	13.05	2026-07-02 08:40:00	16.05	2026-07-02 08:43:00	16.05	2026-07-02 08:43:00	17.05	2026-07-02 08:44:00		
True	True	14984	2026-07-02	082740	2026-07-02 08:15:18.301947	PREMARKET	57400.0	2026-07-02 08:17:57	1.68	35	0.69	2026-07-02 08:16:00	0.69	2026-07-02 08:16:00	0.69	2026-07-02 08:16:00	2.69	2026-07-02 08:18:00		
True	True	15251	2026-07-03	144960	2026-07-03 14:56:53.658175	REGULAR	8150.0	2026-07-03 15:02:51	2.59	25	1.11	2026-07-03 14:58:00	3.11	2026-07-03 15:00:00	3.11	2026-07-03 15:00:00	3.11	2026-07-03 15:00:00	4.11	2026-07-03 15:01:00
True	True	15255	2026-07-03	477850	2026-07-03 14:40:37.071194	REGULAR	21450.0	2026-07-03 14:51:40	0.7	39	5.38	2026-07-03 14:46:00	5.38	2026-07-03 14:46:00	8.38	2026-07-03 14:49:00	8.38	2026-07-03 14:49:00	16.38	2026-07-03 14:57:00
True	True	15240	2026-07-03	095500	2026-07-03 12:15:51.721666	REGULAR	8340.0	2026-07-03 12:47:27	4.2	186	23.14	2026-07-03 12:39:00	23.14	2026-07-03 12:39:00	24.14	2026-07-03 12:40:00	24.14	2026-07-03 12:40:00	25.14	2026-07-03 12:41:00
True	True	15241	2026-07-03	037710	2026-07-03 12:05:58.619930	REGULAR	39250.0	2026-07-03 12:25:34	1.3	196	16.02	2026-07-03 12:22:00	16.02	2026-07-03 12:22:00	17.02	2026-07-03 12:23:00	21.02	2026-07-03 12:27:00		
True	True	15209	2026-07-03	000500	2026-07-03 08:04:19.534442	PREMARKET	313000.0	2026-07-03 08:06:17	0.57	46	0.67	2026-07-03 08:05:00	0.67	2026-07-03 08:05:00						
True	True	15465	2026-07-06	042660	2026-07-06 08:03:42.626096	PREMARKET	112800.0	2026-07-06 09:07:04	1.89	47										
True	True	15480	2026-07-06	200710	2026-07-06 08:21:51.926484	PREMARKET	31400.0	2026-07-06 08:28:48	4.54	29	3.13	2026-07-06 08:25:00	3.13	2026-07-06 08:25:00	3.13	2026-07-06 08:25:00	3.13	2026-07-06 08:25:00	4.13	2026-07-06 08:26:00
True	True	15718	2026-07-07	399720	2026-07-07 14:00:36.446006	REGULAR	47500.0	2026-07-07 14:09:10	1.35	81	0.39	2026-07-07 14:01:00	4.39	2026-07-07 14:05:00	5.39	2026-07-07 14:06:00	31.39	2026-07-07 14:32:00	32.39	2026-07-07 14:33:00
True	True	15665	2026-07-07	153890	2026-07-07 12:55:01.536565	REGULAR	14680.0	2026-07-07 12:55:59	3.27	145	0.97	2026-07-07 12:56:00	0.97	2026-07-07 12:56:00	0.97	2026-07-07 12:56:00	0.97	2026-07-07 12:56:00	11.97	2026-07-07 13:07:00
True	True	15647	2026-07-07	399720	2026-07-07 10:12:13.713020	REGULAR	46450.0	2026-07-07 12:03:02	3.31	309	103.77	2026-07-07 11:56:00	103.77	2026-07-07 11:56:00	104.77	2026-07-07 11:57:00	105.77	2026-07-07 11:58:00	105.77	2026-07-07 11:58:00
True	True	15692	2026-07-07	002990	2026-07-07 10:56:33.144456	REGULAR	14350.0	2026-07-07 11:06:49	1.93	230	1.45	2026-07-07 10:58:00	2.45	2026-07-07 10:59:00	6.45	2026-07-07 11:03:00	6.45	2026-07-07 11:03:00	141.45	2026-07-07 13:18:00
True	True	15662	2026-07-07	002990	2026-07-07 10:17:16.347295	REGULAR	14340.0	2026-07-07 10:33:59	3.53	269	0.73	2026-07-07 10:18:00	11.73	2026-07-07 10:29:00	11.73	2026-07-07 10:29:00	13.73	2026-07-07 10:31:00	13.73	2026-07-07 10:31:00
True	True	15644	2026-07-07	095500	2026-07-07 08:11:22.858292	PREMARKET	8440.0	2026-07-07 08:15:49	1.07	39	1.62	2026-07-07 08:13:00	1.62	2026-07-07 08:13:00						
True	True	16057	2026-07-08	365660	2026-07-08 11:34:47.102578	REGULAR	13342.0	2026-07-08 11:48:24	1.1	224	8.21	2026-07-08 11:43:00	8.21	2026-07-08 11:43:00	9.21	2026-07-08 11:44:00	15.21	2026-07-08 11:50:00	16.21	2026-07-08 11:51:00
True	True	15954	2026-07-08	073240	2026-07-08 10:18:09.539823	REGULAR	6200.0	2026-07-08 10:37:18	4.6	303	5.84	2026-07-08 10:24:00	6.84	2026-07-08 10:25:00	6.84	2026-07-08 10:25:00	6.84	2026-07-08 10:25:00	9.84	2026-07-08 10:28:00
True	False	15979	2026-07-08	200710	2026-07-08 08:35:34.744351	PREMARKET	30800.0	2026-07-08 08:40:34	1.39	15	3.42	2026-07-08 08:39:00	3.42	2026-07-08 08:39:00	4.42	2026-07-08 08:40:00				
True	True	16211	2026-07-09	024060	2026-07-09 11:42:51.614692	REGULAR	11833.0	2026-07-09 11:49:04	3.45	217	0.14	2026-07-09 11:43:00	1.14	2026-07-09 11:44:00	2.14	2026-07-09 11:45:00	2.14	2026-07-09 11:45:00	3.14	2026-07-09 11:46:00
True	True	16199	2026-07-09	319660	2026-07-09 09:39:15.835550	REGULAR	151900.0	2026-07-09 10:30:36	-0.16	342	4.74	2026-07-09 09:44:00	7.74	2026-07-09 09:47:00	7.74	2026-07-09 09:47:00	38.74	2026-07-09 10:18:00		
True	True	16209	2026-07-09	002990	2026-07-09 09:30:55.844998	REGULAR	15895.0	2026-07-09 09:39:28	1.43	348	2.07	2026-07-09 09:33:00	3.07	2026-07-09 09:34:00	4.07	2026-07-09 09:35:00	4.07	2026-07-09 09:35:00	9.07	2026-07-09 09:40:00
True	True	16479	2026-07-10	095610	2026-07-10 12:24:10.904540	REGULAR	177300.0	2026-07-10 12:53:59	1.68	177	17.82	2026-07-10 12:42:00	17.82	2026-07-10 12:42:00	19.82	2026-07-10 12:44:00	20.82	2026-07-10 12:45:00	24.82	2026-07-10 12:49:00
True	True	16521	2026-07-10	007660	2026-07-10 11:32:26.352575	REGULAR	105100.0	2026-07-10 12:03:18	0.72	229	11.56	2026-07-10 11:44:00	23.56	2026-07-10 11:56:00						
True	True	16495	2026-07-10	399720	2026-07-10 09:49:28.045967	REGULAR	54100.0	2026-07-10 09:56:40	1.98	332	1.53	2026-07-10 09:51:00	1.53	2026-07-10 09:51:00	2.53	2026-07-10 09:52:00	4.53	2026-07-10 09:54:00	8.53	2026-07-10 09:58:00
True	True	17400	2026-07-13	024060	2026-07-13 12:42:31.054356	REGULAR	12020.0	2026-07-13 13:04:35	-0.06	158	0.48	2026-07-13 12:43:00	21.48	2026-07-13 13:04:00	22.48	2026-07-13 13:05:00	39.48	2026-07-13 13:22:00	39.48	2026-07-13 13:22:00
True	True	17206	2026-07-13	087010	2026-07-13 08:07:28.191038	PREMARKET	111700.0	2026-07-13 08:10:36	2.0	43	2.53	2026-07-13 08:10:00	2.53	2026-07-13 08:10:00	5.53	2026-07-13 08:13:00				
True	True	18026	2026-07-14	003680	2026-07-14 13:56:45.028818	REGULAR	10680.0	2026-07-14 14:00:59	0.7	85	1.25	2026-07-14 13:58:00	1.25	2026-07-14 13:58:00	1.25	2026-07-14 13:58:00	1.25	2026-07-14 13:58:00	2.25	2026-07-14 13:59:00
True	True	18413	2026-07-14	097230	2026-07-14 13:36:27.710745	REGULAR	15230.0	2026-07-14 13:39:43	0.43	105	0.54	2026-07-14 13:37:00	0.54	2026-07-14 13:37:00						
True	True	18911	2026-07-15	083470	2026-07-15 14:44:17.514618	REGULAR	714.0	2026-07-15 14:44:42	0.61	37	45.71	2026-07-15 15:30:00								
True	True	20752	2026-07-20	024060	2026-07-20 13:58:40.226083	REGULAR	12920.0	2026-07-20 14:56:39	1.24	83	14.33	2026-07-20 14:13:00	52.33	2026-07-20 14:51:00	55.33	2026-07-20 14:54:00	65.33	2026-07-20 15:04:00	73.33	2026-07-20 15:12:00
True	True	20422	2026-07-20	002990	2026-07-20 14:31:51.605564	REGULAR	10560.0	2026-07-20 14:39:55	0.05	50	5.14	2026-07-20 14:37:00	28.14	2026-07-20 15:00:00	29.14	2026-07-20 15:01:00	29.14	2026-07-20 15:01:00	30.14	2026-07-20 15:02:00
True	True	20647	2026-07-20	099440	2026-07-20 13:33:47.111895	REGULAR	2835.0	2026-07-20 13:45:23	-0.58	108	9.21	2026-07-20 13:43:00	11.21	2026-07-20 13:45:00	11.21	2026-07-20 13:45:00	11.21	2026-07-20 13:45:00		
True	True	20372	2026-07-20	340440	2026-07-20 13:35:43.654948	REGULAR	1034.0	2026-07-20 13:44:05	0.73	105	2.27	2026-07-20 13:38:00	2.27	2026-07-20 13:38:00	3.27	2026-07-20 13:39:00	95.27	2026-07-20 15:11:00		
True	True	20556	2026-07-20	303030	2026-07-20 13:25:24.151043	REGULAR	1814.0	2026-07-20 13:30:05	2.25	104	0.6	2026-07-20 13:26:00	0.6	2026-07-20 13:26:00	0.6	2026-07-20 13:26:00	0.6	2026-07-20 13:26:00	0.6	2026-07-20 13:26:00
True	True	20566	2026-07-20	024060	2026-07-20 12:56:53.957627	REGULAR	13070.0	2026-07-20 13:11:24	0.76	145	0.1	2026-07-20 12:57:00	7.1	2026-07-20 13:04:00	16.1	2026-07-20 13:13:00	17.1	2026-07-20 13:14:00		
True	True	20390	2026-07-20	413630	2026-07-20 12:05:05.126066	REGULAR	3445.0	2026-07-20 12:22:03	1.51	196	4.91	2026-07-20 12:10:00	14.91	2026-07-20 12:20:00	14.91	2026-07-20 12:20:00	14.91	2026-07-20 12:20:00		
True	True	20512	2026-07-20	376180	2026-07-20 12:00:09.102600	REGULAR	1443.0	2026-07-20 12:01:50	1.22	177	0.85	2026-07-20 12:01:00	0.85	2026-07-20 12:01:00	5.85	2026-07-20 12:06:00	9.85	2026-07-20 12:10:00	9.85	2026-07-20 12:10:00
True	True	20397	2026-07-20	475150	2026-07-20 10:33:34.790150	REGULAR	57350.0	2026-07-20 10:42:04	0.38	288	7.42	2026-07-20 10:41:00								
True	True	20406	2026-07-20	024060	2026-07-20 10:03:15.472295	REGULAR	13260.0	2026-07-20 10:21:01	0.07	318	28.74	2026-07-20 10:32:00	28.74	2026-07-20 10:32:00	28.74	2026-07-20 10:32:00	28.74	2026-07-20 10:32:00	30.74	2026-07-20 10:34:00
True	True	20554	2026-07-20	037070	2026-07-20 10:16:06.424221	REGULAR	7760.0	2026-07-20 10:18:52	0.41	303	1.89	2026-07-20 10:18:00								
True	True	20479	2026-07-20	252990	2026-07-20 10:03:15.472562	REGULAR	14560.0	2026-07-20 10:05:13	1.41	317	0.74	2026-07-20 10:04:00	0.74	2026-07-20 10:04:00	0.74	2026-07-20 10:04:00	1.74	2026-07-20 10:05:00	20.74	2026-07-20 10:24:00
True	True	20363	2026-07-20	049080	2026-07-20 09:53:00.427373	REGULAR	11939.0	2026-07-20 09:54:32	0.7	325	0.99	2026-07-20 09:54:00	0.99	2026-07-20 09:54:00	1.99	2026-07-20 09:55:00	1.99	2026-07-20 09:55:00	2.99	2026-07-20 09:56:00
True	True	21127	2026-07-21	413630	2026-07-21 11:46:32.140384	REGULAR	3600.0	2026-07-21 11:48:06	-0.37	215	4.46	2026-07-21 11:51:00	4.46	2026-07-21 11:51:00	4.46	2026-07-21 11:51:00	4.46	2026-07-21 11:51:00	4.46	2026-07-21 11:51:00
True	True	21067	2026-07-21	066590	2026-07-21 10:24:30.796332	REGULAR	2967.0	2026-07-21 10:26:35	-0.13	295	0.49	2026-07-21 10:25:00	25.49	2026-07-21 10:50:00	42.49	2026-07-21 11:07:00	46.49	2026-07-21 11:11:00	72.49	2026-07-21 11:37:00
True	True	22041	2026-07-22	006340	2026-07-22 12:32:35.789087	REGULAR	12970.0	2026-07-22 13:10:43	-0.08	169	29.4	2026-07-22 13:02:00	40.4	2026-07-22 13:13:00	41.4	2026-07-22 13:14:00	41.4	2026-07-22 13:14:00	50.4	2026-07-22 13:23:00
True	True	21913	2026-07-22	066570	2026-07-22 12:10:47.193203	REGULAR	186800.0	2026-07-22 12:33:56	0.3	191	14.21	2026-07-22 12:25:00	38.21	2026-07-22 12:49:00						
True	True	22035	2026-07-22	012690	2026-07-22 12:14:20.803128	REGULAR	1914.0	2026-07-22 12:20:30	0.29	185										
True	True	22101	2026-07-22	049080	2026-07-22 10:50:47.674188	REGULAR	9560.0	2026-07-22 10:56:15	1.44	271	2.21	2026-07-22 10:53:00	2.21	2026-07-22 10:53:00	4.21	2026-07-22 10:55:00	21.21	2026-07-22 11:12:00	21.21	2026-07-22 11:12:00
True	True	22175	2026-07-22	389260	2026-07-22 09:57:29.716467	REGULAR	14770.0	2026-07-22 10:01:35	0.24	324	1.5	2026-07-22 09:59:00	87.5	2026-07-22 11:25:00	87.5	2026-07-22 11:25:00	87.5	2026-07-22 11:25:00		
True	True	21845	2026-07-22	459510	2026-07-22 08:14:00.136350	PREMARKET	14290.0	2026-07-22 08:15:21	2.35	36	1.0	2026-07-22 08:15:00	1.0	2026-07-22 08:15:00	1.0	2026-07-22 08:15:00	1.0	2026-07-22 08:15:00	1.0	2026-07-22 08:15:00
True	True	21848	2026-07-22	460930	2026-07-22 08:09:00.345113	PREMARKET	12770.0	2026-07-22 08:13:07	1.1	41	1.99	2026-07-22 08:11:00	2.99	2026-07-22 08:12:00						
True	True	21847	2026-07-22	102940	2026-07-22 08:05:56.099739	PREMARKET	17100.0	2026-07-22 08:08:01	0.23	45	7.07	2026-07-22 08:13:00								
True	True	23336	2026-07-23	036930	2026-07-23 13:26:39.501378	REGULAR	159300.0	2026-07-23 13:31:46	0.27	115	1.34	2026-07-23 13:28:00	59.34	2026-07-23 14:26:00	59.34	2026-07-23 14:26:00	64.34	2026-07-23 14:31:00		
True	True	23101	2026-07-23	001520	2026-07-23 12:23:23.740334	REGULAR	1123.0	2026-07-23 12:40:30	-0.41	177	0.6	2026-07-23 12:24:00	1.6	2026-07-23 12:25:00	1.6	2026-07-23 12:25:00				
True	True	22732	2026-07-23	119850	2026-07-23 10:52:38.373829	REGULAR	41200.0	2026-07-23 10:59:40	0.38	269	6.36	2026-07-23 10:59:00	8.36	2026-07-23 11:01:00	26.36	2026-07-23 11:19:00	27.36	2026-07-23 11:20:00	68.36	2026-07-23 12:01:00
True	True	22855	2026-07-23	066570	2026-07-23 10:03:14.868075	REGULAR	183800.0	2026-07-23 10:15:42	0.26	318	6.75	2026-07-23 10:10:00	268.75	2026-07-23 14:32:00	326.75	2026-07-23 15:30:00				
True	True	22888	2026-07-23	002990	2026-07-23 09:10:23.433309	REGULAR	11916.1702	2026-07-23 09:10:31	-1.79	371										
True	False	22735	2026-07-23	459510	2026-07-23 08:29:58.574487	PREMARKET	15150.0	2026-07-23 08:32:39	-1.22	21										
True	True	23752	2026-07-24	100090	2026-07-24 12:33:25.237625	REGULAR	19100.0	2026-07-24 12:45:43	0.45	167	5.58	2026-07-24 12:39:00	20.58	2026-07-24 12:54:00	34.58	2026-07-24 13:08:00	37.58	2026-07-24 13:11:00		
True	True	23735	2026-07-24	096770	2026-07-24 11:49:33.607623	REGULAR	130100.0	2026-07-24 12:19:13	0.31	212	24.44	2026-07-24 12:14:00	96.44	2026-07-24 13:26:00	124.44	2026-07-24 13:54:00				
True	True	24195	2026-07-27	010120	2026-07-27 14:25:37.145069	REGULAR	198300.0	2026-07-27 15:13:47	0.63	56	46.38	2026-07-27 15:12:00								
True	True	24652	2026-07-28	058610	2026-07-28 08:21:35.228900	PREMARKET	71400.0	2026-07-28 08:24:10	0.33	29	1.41	2026-07-28 08:23:00	3.41	2026-07-28 08:25:00	4.41	2026-07-28 08:26:00	4.41	2026-07-28 08:26:00	5.41	2026-07-28 08:27:00
True	True	24651	2026-07-28	304100	2026-07-28 08:16:25.337512	PREMARKET	14010.0	2026-07-28 08:19:32	1.48	34	2.58	2026-07-28 08:19:00	2.58	2026-07-28 08:19:00	2.58	2026-07-28 08:19:00	2.58	2026-07-28 08:19:00	2.58	2026-07-28 08:19:00
True	True	24659	2026-07-28	199430	2026-07-28 08:14:18.514815	PREMARKET	17100.0	2026-07-28 08:18:30	1.64	36	3.69	2026-07-28 08:18:00	3.69	2026-07-28 08:18:00	3.69	2026-07-28 08:18:00	3.69	2026-07-28 08:18:00	6.69	2026-07-28 08:21:00
True	True	24655	2026-07-28	010120	2026-07-28 08:12:01.818089	PREMARKET	189700.0	2026-07-28 08:15:49	0.09	38	0.97	2026-07-28 08:13:00								
True	True	24649	2026-07-28	042700	2026-07-28 08:10:11.701218	PREMARKET	191300.0	2026-07-28 08:14:44	-0.02	40	2.8	2026-07-28 08:13:00								
True	True	24646	2026-07-28	199430	2026-07-28 08:12:28.934624	PREMARKET	16260.0	2026-07-28 08:13:17	1.37	38	0.52	2026-07-28 08:13:00	0.52	2026-07-28 08:13:00	0.52	2026-07-28 08:13:00	0.52	2026-07-28 08:13:00	0.52	2026-07-28 08:13:00
True	True	24642	2026-07-28	304100	2026-07-28 08:06:24.410131	PREMARKET	13780.0	2026-07-28 08:08:01	0.57	44	0.59	2026-07-28 08:07:00	1.59	2026-07-28 08:08:00	1.59	2026-07-28 08:08:00	1.59	2026-07-28 08:08:00	1.59	2026-07-28 08:08:00
True	True	25063	2026-07-29	475040	2026-07-29 12:56:17.816304	REGULAR	2990.0	2026-07-29 12:57:05	-0.23	143	1.7	2026-07-29 12:58:00	1.7	2026-07-29 12:58:00	2.7	2026-07-29 12:59:00	2.7	2026-07-29 12:59:00		
True	True	24975	2026-07-29	035420	2026-07-29 08:18:02.294975	PREMARKET	211000.0	2026-07-29 08:33:41	0.24	32	13.96	2026-07-29 08:32:00	26.96	2026-07-29 08:45:00						
True	True	24983	2026-07-29	095610	2026-07-29 08:23:25.738776	PREMARKET	120300.0	2026-07-29 08:27:33	0.43	27	3.57	2026-07-29 08:27:00	4.57	2026-07-29 08:28:00	6.57	2026-07-29 08:30:00	7.57	2026-07-29 08:31:00		
True	True	25712	2026-07-31	096770	2026-07-31 10:24:45.625847	REGULAR	109900.0	2026-07-31 12:08:18	1.04	297	96.24	2026-07-31 12:01:00	100.24	2026-07-31 12:05:00						
True	True	25439	2026-07-31	096770	2026-07-31 10:16:38.606329	REGULAR	108800.0	2026-07-31 10:24:28	0.5	305	4.36	2026-07-31 10:21:00	52.36	2026-07-31 11:09:00	104.36	2026-07-31 12:01:00	108.36	2026-07-31 12:05:00		
True	True	25691	2026-07-31	000250	2026-07-31 10:15:30.222231	REGULAR	147300.0	2026-07-31 10:23:50	0.52	306	7.5	2026-07-31 10:23:00	8.5	2026-07-31 10:24:00	230.5	2026-07-31 14:06:00	230.5	2026-07-31 14:06:00	255.5	2026-07-31 14:31:00
True	True	25678	2026-07-31	000250	2026-07-31 10:12:34.607347	REGULAR	146600.0	2026-07-31 10:14:07	0.38	309	0.42	2026-07-31 10:13:00	10.42	2026-07-31 10:23:00	11.42	2026-07-31 10:24:00	233.42	2026-07-31 14:06:00	233.42	2026-07-31 14:06:00
True	True	25413	2026-07-31	005930	2026-07-31 09:22:53.625823	REGULAR	246000.0	2026-07-31 09:27:46	0.38	359	3.11	2026-07-31 09:26:00	5.11	2026-07-31 09:28:00	7.11	2026-07-31 09:30:00	10.11	2026-07-31 09:33:00	30.11	2026-07-31 09:53:00
True	True	26448	2026-08-03	003530	2026-08-03 09:49:08.884615	REGULAR	4080.0	2026-08-03 10:10:51	0.99	320	4.85	2026-08-03 09:54:00	14.85	2026-08-03 10:04:00	33.85	2026-08-03 10:23:00	40.85	2026-08-03 10:30:00	69.85	2026-08-03 10:59:00
True	True	26237	2026-08-03	420770	2026-08-03 09:46:45.593207	REGULAR	116000.0	2026-08-03 10:06:55	1.66	335	18.24	2026-08-03 10:05:00	18.24	2026-08-03 10:05:00	18.24	2026-08-03 10:05:00	19.24	2026-08-03 10:06:00	20.24	2026-08-03 10:07:00
True	True	26140	2026-08-03	087010	2026-08-03 09:54:56.796233	REGULAR	143900.0	2026-08-03 09:59:26	0.53	327	3.05	2026-08-03 09:58:00	3.05	2026-08-03 09:58:00	3.05	2026-08-03 09:58:00	5.05	2026-08-03 10:00:00	38.05	2026-08-03 10:33:00
True	True	26321	2026-08-03	475150	2026-08-03 09:40:57.204402	REGULAR	43800.0	2026-08-03 09:47:16	-0.23	341	4.05	2026-08-03 09:45:00	13.05	2026-08-03 09:54:00	17.05	2026-08-03 09:58:00	17.05	2026-08-03 09:58:00	19.05	2026-08-03 10:00:00
True	True	26323	2026-08-03	199430	2026-08-03 09:31:45.405485	REGULAR	15760.0	2026-08-03 09:32:54	3.25	349	0.24	2026-08-03 09:32:00	0.24	2026-08-03 09:32:00	1.24	2026-08-03 09:33:00	1.24	2026-08-03 09:33:00		
True	True	26293	2026-08-03	010120	2026-08-03 09:04:21.121376	REGULAR	180500.0	2026-08-03 09:08:16	3.14	377	0.65	2026-08-03 09:05:00	0.65	2026-08-03 09:05:00	2.65	2026-08-03 09:07:00	2.65	2026-08-03 09:07:00	2.65	2026-08-03 09:07:00
True	True	26163	2026-08-03	108490	2026-08-03 08:27:33.583279	PREMARKET	190500.0	2026-08-03 08:34:36	-0.02	23	3.44	2026-08-03 08:31:00								
True	True	26170	2026-08-03	475400	2026-08-03 08:19:45.576878	PREMARKET	19980.0	2026-08-03 08:20:30	0.87	31	2.24	2026-08-03 08:22:00	2.24	2026-08-03 08:22:00	4.24	2026-08-03 08:24:00	4.24	2026-08-03 08:24:00		
True	True	26164	2026-08-03	459510	2026-08-03 08:08:01.375711	PREMARKET	14390.0	2026-08-03 08:17:40	3.31	42	8.98	2026-08-03 08:17:00	8.98	2026-08-03 08:17:00	8.98	2026-08-03 08:17:00	8.98	2026-08-03 08:17:00	15.98	2026-08-03 08:24:00
True	True	26158	2026-08-03	000500	2026-08-03 08:06:49.030397	PREMARKET	130800.0	2026-08-03 08:13:23	0.15	44	4.18	2026-08-03 08:11:00	8.18	2026-08-03 08:15:00						
True	True	26145	2026-08-03	484810	2026-08-03 08:05:27.116849	PREMARKET	14690.0	2026-08-03 08:05:53	-0.23	45	1.55	2026-08-03 08:07:00	1.55	2026-08-03 08:07:00	1.55	2026-08-03 08:07:00	1.55	2026-08-03 08:07:00	2.55	2026-08-03 08:08:00
True	True	27180	2026-08-04	459550	2026-08-04 10:28:49.636964	REGULAR	1500.0	2026-08-04 10:57:57	2.03	291	28.17	2026-08-04 10:57:00	28.17	2026-08-04 10:57:00	28.17	2026-08-04 10:57:00	28.17	2026-08-04 10:57:00	28.17	2026-08-04 10:57:00
True	True	27107	2026-08-04	194700	2026-08-04 10:24:54.247081	REGULAR	14820.0	2026-08-04 10:27:16	0.31	297	1.1	2026-08-04 10:26:00	23.1	2026-08-04 10:48:00						
True	True	27262	2026-08-04	452280	2026-08-04 10:10:40.944477	REGULAR	11890.0	2026-08-04 10:19:27	0.86	311	8.32	2026-08-04 10:19:00	8.32	2026-08-04 10:19:00	11.32	2026-08-04 10:22:00	13.32	2026-08-04 10:24:00	20.32	2026-08-04 10:31:00
True	True	27214	2026-08-04	484810	2026-08-04 09:25:28.644910	REGULAR	16550.0	2026-08-04 10:08:34	0.19	356	41.52	2026-08-04 10:07:00	193.52	2026-08-04 12:39:00	193.52	2026-08-04 12:39:00	209.52	2026-08-04 12:55:00	340.52	2026-08-04 15:06:00
True	True	27121	2026-08-04	322000	2026-08-04 09:49:37.444478	REGULAR	139200.0	2026-08-04 09:53:11	1.28	332	2.38	2026-08-04 09:52:00	2.38	2026-08-04 09:52:00	2.38	2026-08-04 09:52:00				
True	True	27158	2026-08-04	105840	2026-08-04 09:12:35.140055	REGULAR	14800.0	2026-08-04 09:26:51	1.19	345	11.41	2026-08-04 09:24:00	11.41	2026-08-04 09:24:00	12.41	2026-08-04 09:25:00	16.41	2026-08-04 09:29:00		
True	True	27123	2026-08-04	484810	2026-08-04 09:23:48.246674	REGULAR	16540.0	2026-08-04 09:25:00	-0.35	358	43.2	2026-08-04 10:07:00	57.2	2026-08-04 10:21:00	195.2	2026-08-04 12:39:00	211.2	2026-08-04 12:55:00	342.2	2026-08-04 15:06:00
True	False	27077	2026-08-04	328130	2026-08-04 08:34:15.501975	PREMARKET	10340.0	2026-08-04 09:08:02	2.38	16										
False	False	31631	2026-08-13	387690	2026-08-13 15:13:01.894898	REGULAR	10130.0	2026-08-13 15:14:33	0.95	8	0.97	2026-08-13 15:14:00	0.97	2026-08-13 15:14:00	1.97	2026-08-13 15:15:00	4.97	2026-08-13 15:18:00		
True	True	31484	2026-08-13	090460	2026-08-13 13:21:43.101885	REGULAR	19330.0	2026-08-13 13:45:59	1.63	120	22.28	2026-08-13 13:44:00	22.28	2026-08-13 13:44:00	23.28	2026-08-13 13:45:00	35.28	2026-08-13 13:57:00		
False	False	32292	2026-08-14	019210	2026-08-14 15:13:13.717095	REGULAR	18120.0	2026-08-14 15:17:07	0.87	8	1.77	2026-08-14 15:15:00	2.77	2026-08-14 15:16:00						
True	True	32279	2026-08-14	125490	2026-08-14 12:54:25.071810	REGULAR	13180.0	2026-08-14 12:56:53	0.3	147	6.58	2026-08-14 13:01:00	6.58	2026-08-14 13:01:00	9.58	2026-08-14 13:04:00				
True	True	32227	2026-08-14	125490	2026-08-14 12:12:28.286416	REGULAR	12900.0	2026-08-14 12:53:42	1.86	189	38.53	2026-08-14 12:51:00	38.53	2026-08-14 12:51:00	40.53	2026-08-14 12:53:00	42.53	2026-08-14 12:55:00	48.53	2026-08-14 13:01:00
True	True	32002	2026-08-14	125490	2026-08-14 11:54:31.701012	REGULAR	12910.0	2026-08-14 11:59:51	0.23	207	4.47	2026-08-14 11:59:00	12.47	2026-08-14 12:07:00	58.47	2026-08-14 12:53:00	61.47	2026-08-14 12:56:00	66.47	2026-08-14 13:01:00
True	True	32701	2026-08-18	419050	2026-08-18 10:16:36	REGULAR	1837.0	2026-08-18 10:41:19	-0.22	302										
True	True	33175	2026-08-19	001550	2026-08-19 13:41:49	REGULAR	12690.0	2026-08-19 13:46:38	0.87	99	3.18	2026-08-19 13:45:00	4.18	2026-08-19 13:46:00	11.18	2026-08-19 13:53:00	11.18	2026-08-19 13:53:00	13.18	2026-08-19 13:55:00
True	True	32997	2026-08-19	101730	2026-08-19 12:51:33	REGULAR	4590.0	2026-08-19 12:58:03	0.44	150	12.45	2026-08-19 13:04:00	35.45	2026-08-19 13:27:00	35.45	2026-08-19 13:27:00	35.45	2026-08-19 13:27:00	94.45	2026-08-19 14:26:00
True	True	33072	2026-08-19	264850	2026-08-19 11:25:25	REGULAR	6750.0	2026-08-19 11:26:50	0.44	236										
True	True	32964	2026-08-19	114840	2026-08-19 10:24:03	REGULAR	9270.0	2026-08-19 10:28:16	0.76	272	3.95	2026-08-19 10:28:00	3.95	2026-08-19 10:28:00	8.95	2026-08-19 10:33:00				
True	True	33067	2026-08-19	317400	2026-08-19 09:41:53	REGULAR	10230.0		0.0	339	0.12	2026-08-19 09:42:00	1.12	2026-08-19 09:43:00	2.12	2026-08-19 09:44:00	2.12	2026-08-19 09:44:00	5.12	2026-08-19 09:47:00
True	True	33440	2026-08-20	237690	2026-08-20 13:46:17	REGULAR	112900.0	2026-08-20 13:50:53	0.83	95	2.72	2026-08-20 13:49:00	2.72	2026-08-20 13:49:00	4.72	2026-08-20 13:51:00	32.72	2026-08-20 14:19:00	32.72	2026-08-20 14:19:00
True	True	33766	2026-08-20	387690	2026-08-20 13:23:02	REGULAR	13200.0	2026-08-20 13:29:44	1.05	115	5.97	2026-08-20 13:29:00	5.97	2026-08-20 13:29:00	6.97	2026-08-20 13:30:00	9.97	2026-08-20 13:33:00	12.97	2026-08-20 13:36:00
True	True	33654	2026-08-20	059090	2026-08-20 10:40:33	REGULAR	18300.0	2026-08-20 13:16:55	0.21	281	154.45	2026-08-20 13:15:00	245.45	2026-08-20 14:46:00						
True	True	33569	2026-08-20	000660	2026-08-20 12:54:14	REGULAR	1699000.0	2026-08-20 13:16:53	0.53	147	13.77	2026-08-20 13:08:00								
True	True	33470	2026-08-20	064260	2026-08-20 12:31:28	REGULAR	5190.0	2026-08-20 13:03:54	0.35	170	31.53	2026-08-20 13:03:00								
True	True	33703	2026-08-20	299660	2026-08-20 11:16:17	REGULAR	1925.0	2026-08-20 12:12:19	0.26	245	53.72	2026-08-20 12:10:00								
True	True	33537	2026-08-20	002990	2026-08-20 11:29:55	REGULAR	15310.0	2026-08-20 11:31:14	0.52	230	1.08	2026-08-20 11:31:00	2.08	2026-08-20 11:32:00	2.08	2026-08-20 11:32:00	3.08	2026-08-20 11:33:00	5.08	2026-08-20 11:35:00
True	True	33493	2026-08-20	299660	2026-08-20 11:09:09	REGULAR	1883.0	2026-08-20 11:14:44	1.27	252	4.85	2026-08-20 11:14:00	4.85	2026-08-20 11:14:00	5.85	2026-08-20 11:15:00	5.85	2026-08-20 11:15:00		
True	True	33629	2026-08-20	091590	2026-08-20 10:20:13	REGULAR	6240.0	2026-08-20 10:21:29	0.74	296	0.78	2026-08-20 10:21:00	1.78	2026-08-20 10:22:00	40.78	2026-08-20 11:01:00	40.78	2026-08-20 11:01:00	41.78	2026-08-20 11:02:00
False	False	34057	2026-08-21	001210	2026-08-21 15:10:19	REGULAR	8110.0	2026-08-21 15:10:40	0.14	11	0.68	2026-08-21 15:11:00	1.68	2026-08-21 15:12:00	2.68	2026-08-21 15:13:00	3.68	2026-08-21 15:14:00	5.68	2026-08-21 15:16:00
True	True	34080	2026-08-21	002990	2026-08-21 10:43:49	REGULAR	16500.0	2026-08-21 10:48:53	1.16	277	3.18	2026-08-21 10:47:00	3.18	2026-08-21 10:47:00						
True	True	34017	2026-08-21	475560	2026-08-21 10:27:29	REGULAR	18670.0	2026-08-21 10:46:11	0.31	294	16.52	2026-08-21 10:44:00								
True	True	34172	2026-08-21	153890	2026-08-21 10:41:59	REGULAR	13620.0	2026-08-21 10:42:34	1.53	279	28.02	2026-08-21 11:10:00	43.02	2026-08-21 11:25:00	54.02	2026-08-21 11:36:00	55.02	2026-08-21 11:37:00	55.02	2026-08-21 11:37:00
True	True	34204	2026-08-21	001550	2026-08-21 10:34:57	REGULAR	11950.0	2026-08-21 10:41:47	-0.64	276	4.05	2026-08-21 10:39:00	4.05	2026-08-21 10:39:00						
True	True	34200	2026-08-21	237880	2026-08-21 10:30:02	REGULAR	13000.0	2026-08-21 10:37:59	-0.15	288	3.97	2026-08-21 10:34:00								
True	True	34130	2026-08-21	001550	2026-08-21 10:24:45	REGULAR	11890.0	2026-08-21 10:33:16	0.52	286	9.25	2026-08-21 10:34:00	14.25	2026-08-21 10:39:00	14.25	2026-08-21 10:39:00				
True	True	34129	2026-08-21	153890	2026-08-21 10:01:47	REGULAR	13660.0	2026-08-21 10:02:15	1.08	319	0.22	2026-08-21 10:02:00	0.22	2026-08-21 10:02:00	0.22	2026-08-21 10:02:00	0.22	2026-08-21 10:02:00	95.22	2026-08-21 11:37:00
True	True	34132	2026-08-21	003350	2026-08-21 09:43:38	REGULAR	10950.0	2026-08-21 09:44:02	-0.05	334	34.37	2026-08-21 10:18:00	35.37	2026-08-21 10:19:00	36.37	2026-08-21 10:20:00				
True	True	34085	2026-08-21	006660	2026-08-21 09:13:52.603154	REGULAR	15460.0	2026-08-21 09:17:18	0.61	365	2.12	2026-08-21 09:16:00	6.12	2026-08-21 09:20:00	10.12	2026-08-21 09:24:00	10.12	2026-08-21 09:24:00	17.12	2026-08-21 09:31:00
True	True	34702	2026-08-24	003350	2026-08-24 13:36:05	REGULAR	11750.0	2026-08-24 14:10:27	0.71	104	30.92	2026-08-24 14:07:00	33.92	2026-08-24 14:10:00						
True	True	34524	2026-08-24	249420	2026-08-24 12:25:00	REGULAR	15400.0	2026-08-24 13:32:05	0.29	176	65.0	2026-08-24 13:30:00								
True	True	34639	2026-08-24	003350	2026-08-24 09:48:52	REGULAR	11650.0	2026-08-24 09:56:15	0.37	332	6.13	2026-08-24 09:55:00	50.13	2026-08-24 10:39:00	258.13	2026-08-24 14:07:00	261.13	2026-08-24 14:10:00		
True	True	34620	2026-08-24	003530	2026-08-24 09:40:42	REGULAR	5040.0	2026-08-24 09:45:26	0.36	341	2.3	2026-08-24 09:43:00	3.3	2026-08-24 09:44:00	20.3	2026-08-24 10:01:00	35.3	2026-08-24 10:16:00	35.3	2026-08-24 10:16:00
True	True	35220	2026-08-25	484810	2026-08-25 14:46:51	REGULAR	15410.0	2026-08-25 16:28:27	0.22	35										
True	True	35596	2026-08-25	080580	2026-08-25 14:19:58	REGULAR	19110.0	2026-08-25 14:41:33	0.84	61	16.03	2026-08-25 14:36:00	31.03	2026-08-25 14:51:00						
True	True	35399	2026-08-25	080580	2026-08-25 14:13:00	REGULAR	18860.0	2026-08-25 14:18:36	1.04	67	2.0	2026-08-25 14:15:00	3.0	2026-08-25 14:16:00	23.0	2026-08-25 14:36:00	24.0	2026-08-25 14:37:00		
True	True	35391	2026-08-25	059090	2026-08-25 10:59:07	REGULAR	18660.0	2026-08-25 11:38:45	0.41	262	36.88	2026-08-25 11:36:00	43.88	2026-08-25 11:43:00	64.88	2026-08-25 12:04:00	65.88	2026-08-25 12:05:00	80.88	2026-08-25 12:20:00
True	True	35225	2026-08-25	052690	2026-08-25 10:32:35	REGULAR	99900.0	2026-08-25 10:57:41	1.07	289	24.42	2026-08-25 10:57:00	154.42	2026-08-25 13:07:00	169.42	2026-08-25 13:22:00	170.42	2026-08-25 13:23:00	177.42	2026-08-25 13:30:00
True	True	35355	2026-08-25	000720	2026-08-25 10:30:32	REGULAR	116200.0	2026-08-25 10:54:45	0.2	291	47.47	2026-08-25 11:18:00	51.47	2026-08-25 11:22:00	53.47	2026-08-25 11:24:00	54.47	2026-08-25 11:25:00	110.47	2026-08-25 12:21:00
True	True	35224	2026-08-25	000720	2026-08-25 09:33:45	REGULAR	114600.0	2026-08-25 09:35:35	-0.23	348	0.25	2026-08-25 09:34:00	4.25	2026-08-25 09:38:00	5.25	2026-08-25 09:39:00	104.25	2026-08-25 11:18:00	110.25	2026-08-25 11:24:00
True	True	35317	2026-08-25	356860	2026-08-25 09:24:59	REGULAR	34750.0	2026-08-25 09:28:31	0.92	357	1.02	2026-08-25 09:26:00	3.02	2026-08-25 09:28:00	11.02	2026-08-25 09:36:00	11.02	2026-08-25 09:36:00	47.02	2026-08-25 10:12:00
True	True	36518	2026-08-27	950260	2026-08-27 12:16:15	REGULAR	17780.0	2026-08-27 12:50:37	1.23	185	32.75	2026-08-27 12:49:00	33.75	2026-08-27 12:50:00	33.75	2026-08-27 12:50:00	47.75	2026-08-27 13:04:00	49.75	2026-08-27 13:06:00
True	True	37040	2026-08-28	003350	2026-08-28 10:27:37	REGULAR	14400.0	2026-08-28 10:30:02	0.12	292	2.38	2026-08-28 10:30:00	2.38	2026-08-28 10:30:00	4.38	2026-08-28 10:32:00	4.38	2026-08-28 10:32:00	30.38	2026-08-28 10:58:00
True	True	36974	2026-08-28	001820	2026-08-28 10:11:30	REGULAR	114400.0	2026-08-28 10:18:38	0.73	310	3.5	2026-08-28 10:15:00	5.5	2026-08-28 10:17:00	10.5	2026-08-28 10:22:00				
True	True	37706	2026-08-31	484870	2026-08-31 09:23:01	REGULAR	18350.0	2026-08-31 09:25:31	-0.07	358	0.98	2026-08-31 09:24:00	2.98	2026-08-31 09:26:00	2.98	2026-08-31 09:26:00	3.98	2026-08-31 09:27:00	4.98	2026-08-31 09:28:00
True	True	37595	2026-08-31	484870	2026-08-31 09:14:49	REGULAR	17970.0	2026-08-31 09:19:08	1.88	367	1.18	2026-08-31 09:16:00	2.18	2026-08-31 09:17:00	2.18	2026-08-31 09:17:00	2.18	2026-08-31 09:17:00	11.18	2026-08-31 09:26:00
True	True	38279	2026-09-01	950260	2026-09-01 11:22:08	REGULAR	18440.0	2026-09-01 13:36:51	1.29	238	133.87	2026-09-01 13:36:00	133.87	2026-09-01 13:36:00	163.87	2026-09-01 14:06:00	164.87	2026-09-01 14:07:00	165.87	2026-09-01 14:08:00
True	True	38227	2026-09-01	001210	2026-09-01 10:12:09	REGULAR	13220.0	2026-09-01 10:12:51	0.08	309	0.85	2026-09-01 10:13:00	0.85	2026-09-01 10:13:00	1.85	2026-09-01 10:14:00	1.85	2026-09-01 10:14:00	2.85	2026-09-01 10:15:00
True	True	39439	2026-09-03	100090	2026-09-03 10:32:58	REGULAR	13160.0	2026-09-03 10:38:39	2.12	288	3.03	2026-09-03 10:36:00	5.03	2026-09-03 10:38:00	5.03	2026-09-03 10:38:00	5.03	2026-09-03 10:38:00	8.03	2026-09-03 10:41:00
True	True	39381	2026-09-03	096770	2026-09-03 09:55:10	REGULAR	133700.0	2026-09-03 09:59:08	0.29	326	2.83	2026-09-03 09:58:00	7.83	2026-09-03 10:03:00	8.83	2026-09-03 10:04:00	10.83	2026-09-03 10:06:00		
True	True	39930	2026-09-04	199430	2026-09-04 14:22:23	REGULAR	19160.0	2026-09-04 14:25:51	0.76	59	2.62	2026-09-04 14:25:00	25.62	2026-09-04 14:48:00	25.62	2026-09-04 14:48:00	25.62	2026-09-04 14:48:00	26.62	2026-09-04 14:49:00
True	True	42193	2026-09-10	024060	2026-09-10 09:51:21	REGULAR	14920.0	2026-09-10 10:11:01	1.17	329	18.65	2026-09-10 10:10:00	18.65	2026-09-10 10:10:00	19.65	2026-09-10 10:11:00	20.65	2026-09-10 10:12:00	22.65	2026-09-10 10:14:00
True	True	42263	2026-09-10	003280	2026-09-10 09:51:55	REGULAR	1941.0	2026-09-10 10:09:36	0.62	327	17.08	2026-09-10 10:09:00	17.08	2026-09-10 10:09:00	17.08	2026-09-10 10:09:00	17.08	2026-09-10 10:09:00	21.08	2026-09-10 10:13:00
True	True	42219	2026-09-10	475040	2026-09-10 09:19:35	REGULAR	3550.0	2026-09-10 09:53:04	1.61	361	32.42	2026-09-10 09:52:00	32.42	2026-09-10 09:52:00	32.42	2026-09-10 09:52:00	32.42	2026-09-10 09:52:00	35.42	2026-09-10 09:55:00
True	True	42977	2026-09-11	317400	2026-09-11 14:43:44	REGULAR	11400.0	2026-09-11 14:59:34	0.39	38										
True	True	42912	2026-09-11	001210	2026-09-11 14:44:25	REGULAR	12450.0	2026-09-11 14:45:06	1.53	37	2.58	2026-09-11 14:47:00								
True	True	42854	2026-09-11	047040	2026-09-11 14:10:31	REGULAR	19710.0	2026-09-11 14:38:29	1.49	71	24.48	2026-09-11 14:35:00	26.48	2026-09-11 14:37:00	26.48	2026-09-11 14:37:00				
True	True	42998	2026-09-11	003350	2026-09-11 13:11:43	REGULAR	16000.0	2026-09-11 13:12:55	1.08	130	0.28	2026-09-11 13:12:00	0.28	2026-09-11 13:12:00	0.28	2026-09-11 13:12:00	9.28	2026-09-11 13:21:00	34.28	2026-09-11 13:46:00
True	True	42867	2026-09-11	062970	2026-09-11 11:19:04	REGULAR	2045.0	2026-09-11 11:22:21	0.24	242										
True	True	42909	2026-09-11	019210	2026-09-11 10:12:42	REGULAR	13820.0	2026-09-11 10:16:36	0.42	309	7.3	2026-09-11 10:20:00								
True	True	44107	2026-09-15	125490	2026-09-15 11:15:01	REGULAR	11630.0	2026-09-15 11:20:34	0.28	246	2.98	2026-09-15 11:18:00								
True	True	46813	2026-09-22	041190	2026-09-22 09:46:40	REGULAR	6420.0	2026-09-22 09:48:50	0.24	335	4.33	2026-09-22 09:51:00								
True	True	46725	2026-09-22	222800	2026-09-22 09:31:57	REGULAR	152950.0	2026-09-22 09:41:04	1.37	350	4.05	2026-09-22 09:36:00	5.05	2026-09-22 09:37:00	7.05	2026-09-22 09:39:00				
True	True	46798	2026-09-22	469610	2026-09-22 08:22:55	PREMARKET	16580.0	2026-09-22 09:12:44	0.01	28										
True	True	47677	2026-09-23	161890	2026-09-23 09:12:47	REGULAR	148500.0	2026-09-23 12:06:30	0.30774410774410776	369	174.22	2026-09-23 12:07:00								
True	True	47823	2026-09-23	355390	2026-09-23 10:53:05	REGULAR	1564.0	2026-09-23 10:58:43	-2.1739130434782608	225										
True	True	47662	2026-09-23	079370	2026-09-23 09:53:34	REGULAR	12850.0	2026-09-23 10:17:21	-0.7704280155642024	328	193.43	2026-09-23 13:07:00	199.43	2026-09-23 13:13:00	200.43	2026-09-23 13:14:00	200.43	2026-09-23 13:14:00		
True	True	47581	2026-09-23	003160	2026-09-23 09:23:43	REGULAR	36300.0	2026-09-23 09:40:54	0.5950413223140496	358	3.28	2026-09-23 09:27:00	14.28	2026-09-23 09:38:00						
True	True	47714	2026-09-23	468530	2026-09-23 09:28:11	REGULAR	46400.0	2026-09-23 09:37:34	-0.23060344827586207	353	9.82	2026-09-23 09:38:00	28.82	2026-09-23 09:57:00	71.82	2026-09-23 10:40:00	91.82	2026-09-23 11:00:00	97.82	2026-09-23 11:06:00
True	False	47531	2026-09-23	010060	2026-09-23 08:38:32	PREMARKET	195100.0		2.79	12										
True	True	47515	2026-09-23	058610	2026-09-23 08:14:57	PREMARKET	102700.0		0.45	36										
