exit_rule	exit_rule_provenance	sell_price_basis	record_id	rec_date	code	sell_time_report	sell_time_basis	db_sell_time_present	sell_price_db	profit_rate_pct	exact_sell_fill_time_present	fetch_status	api_request_base_dt	api_request_code	api_received_count	api_page_limit_reached	api_next_key_missing	date_bar_count	date_first_bar	date_last_bar	after_sell_bar_count	after_sell_last_bar	mfe_1m_pct	mfe_3m_pct	mfe_5m_pct	mfe_10m_pct	mfe_20m_pct	mfe_30m_pct	mfe_60m_pct	mfe_same_day_pct	same_day_peak_high	same_day_peak_bar	post_sell_10m_bars	post_sell_60m_bars	quality_note
scalp_trailing_take_profit	inferred	db_sell_price	14824	2026-07-01	084370	2026-07-01 13:12:14	report_observed_unverified	True	215000.0	1.66	False	ok	20260701	084370_AL	1800	True	False	690	2026-07-01 08:00:00	2026-07-01 19:59:00	387	2026-07-01 19:59:00	0.0	0.2326	0.2326	0.2326	0.6977	0.9302	0.9302	0.9302	217000.0	2026-07-01 13:33:00	10	60	date_bound_bar_high_not_executable_price
scalp_trailing_take_profit	inferred	db_sell_price	14819	2026-07-01	006340	2026-07-01 12:54:13	report_observed_unverified	True	13085.0	2.47	False	ok	20260701	006340_AL	1800	True	False	379	2026-07-01 09:00:00	2026-07-01 15:35:00	147	2026-07-01 15:35:00	0.1146	0.1146	0.1146	0.1146	0.8789	2.4073	2.4073	2.4073	13400.0	2026-07-01 13:17:00	10	60	date_bound_bar_high_not_executable_price
scalp_trailing_take_profit	inferred	db_sell_price	14765	2026-07-01	006340	2026-07-01 12:30:25	report_observed_unverified	True	12810.0	1.82	False	ok	20260701	006340_AL	1800	True	False	379	2026-07-01 09:00:00	2026-07-01 15:35:00	171	2026-07-01 15:35:00	0.3123	0.3123	0.3123	0.3123	0.3903	2.7322	4.6058	4.6058	13400.0	2026-07-01 13:17:00	10	60	date_bound_bar_high_not_executable_price
scalp_trailing_take_profit	inferred	db_sell_price	14753	2026-07-01	084370	2026-07-01 11:39:28	report_observed_unverified	True	213000.0	1.41	False	ok	20260701	084370_AL	1800	True	False	690	2026-07-01 08:00:00	2026-07-01 19:59:00	480	2026-07-01 19:59:00	0.4695	0.7042	1.1737	1.6432	1.6432	1.6432	1.6432	1.8779	217000.0	2026-07-01 13:33:00	10	60	date_bound_bar_high_not_executable_price
scalp_trailing_take_profit	inferred	db_sell_price	14762	2026-07-01	347700	2026-07-01 11:27:41	report_observed_unverified	True	27600.0	2.94	False	ok	20260701	347700_AL	1800	True	False	379	2026-07-01 09:00:00	2026-07-01 15:35:00	233	2026-07-01 15:35:00	-0.4529	-0.1812	-0.1812	0.1812	1.2681	1.2681	1.2681	8.5145	29950.0	2026-07-01 14:10:00	10	60	date_bound_bar_high_not_executable_price
scalp_trailing_take_profit	inferred	db_sell_price	14786	2026-07-01	037350	2026-07-01 11:23:17	report_observed_unverified	True	11040.0	1.14	False	ok	20260701	037350_AL	1800	True	False	381	2026-07-01 09:00:00	2026-07-01 15:35:00	238	2026-07-01 15:35:00	-0.5435	-0.5435	-0.4529	-0.4529	-0.4529	-0.3623	3.9855	3.9855	11480.0	2026-07-01 12:09:00	10	60	date_bound_bar_high_not_executable_price
scalp_trailing_take_profit	inferred	db_sell_price	14770	2026-07-01	045100	2026-07-01 10:51:00	report_observed_unverified	True	38000.0	2.33	False	ok	20260701	045100_AL	1800	True	False	692	2026-07-01 08:00:00	2026-07-01 19:59:00	530	2026-07-01 19:59:00	-0.9211	0.0	0.2632	0.2632	0.2632	0.2632	0.2632	3.6842	39400.0	2026-07-01 15:15:00	10	60	date_bound_bar_high_not_executable_price
scalp_trailing_take_profit	inferred	db_sell_price	14749	2026-07-01	336260	2026-07-01 10:35:33	report_observed_unverified	True	58600.0	2.93	False	ok	20260701	336260_AL	1800	True	False	690	2026-07-01 08:00:00	2026-07-01 19:59:00	544	2026-07-01 19:59:00	0.3413	1.1945	1.1945	1.1945	1.1945	1.1945	1.1945	3.413	60600.0	2026-07-01 18:27:00	10	60	date_bound_bar_high_not_executable_price
scalp_trailing_take_profit	inferred	db_sell_price	14750	2026-07-01	062040	2026-07-01 10:27:12	report_observed_unverified	True	261500.0	1.12	False	ok	20260701	062040_AL	1800	True	False	692	2026-07-01 08:00:00	2026-07-01 19:59:00	554	2026-07-01 19:59:00	0.5736	1.5296	1.5296	1.5296	1.5296	1.5296	1.5296	2.6769	268500.0	2026-07-01 19:50:00	10	60	date_bound_bar_high_not_executable_price
scalp_trailing_take_profit	inferred	db_sell_price	14747	2026-07-01	033100	2026-07-01 10:26:56	report_observed_unverified	True	54200.0	1.37	False	ok	20260701	033100_AL	1800	True	False	692	2026-07-01 08:00:00	2026-07-01 19:59:00	555	2026-07-01 19:59:00	0.2768	0.369	0.369	0.369	0.369	0.369	0.369	8.3026	58700.0	2026-07-01 19:59:00	10	60	date_bound_bar_high_not_executable_price
scalp_trailing_take_profit	inferred	db_sell_price	14758	2026-07-01	001260	2026-07-01 10:24:59	report_observed_unverified	True	10100.0	0.97	False	ok	20260701	001260_AL	1800	True	False	309	2026-07-01 09:00:00	2026-07-01 15:30:00	228	2026-07-01 15:30:00	1.1881	1.6832	1.6832	2.2772	2.2772	2.2772	2.3762	2.3762	10340.0	2026-07-01 11:07:00	10	60	date_bound_bar_high_not_executable_price
scalp_trailing_take_profit	inferred	db_sell_price	14730	2026-07-01	084370	2026-07-01 09:15:48	report_observed_unverified	True	207000.0	6.26	False	ok	20260701	084370_AL	1800	True	False	690	2026-07-01 08:00:00	2026-07-01 19:59:00	624	2026-07-01 19:59:00	0.4831	4.8309	4.8309	5.314	6.7633	8.2126	11.8357	11.8357	231500.0	2026-07-01 09:55:00	10	60	date_bound_bar_high_not_executable_price
scalp_trailing_take_profit	inferred	db_sell_price	14742	2026-07-01	010120	2026-07-01 09:13:39	report_observed_unverified	True	265500.0	1.49	False	ok	20260701	010120_AL	1800	True	False	692	2026-07-01 08:00:00	2026-07-01 19:59:00	628	2026-07-01 19:59:00	-0.565	0.1883	0.3766	0.565	0.565	1.5066	1.6949	1.8832	270500.0	2026-07-01 19:59:00	10	60	date_bound_bar_high_not_executable_price
scalp_trailing_take_profit	inferred	db_sell_price	14731	2026-07-01	062040	2026-07-01 09:12:40	report_observed_unverified	True	268000.0	1.67	False	ok	20260701	062040_AL	1800	True	False	692	2026-07-01 08:00:00	2026-07-01 19:59:00	629	2026-07-01 19:59:00	0.9328	0.9328	0.9328	0.9328	0.9328	1.4925	1.4925	1.4925	272000.0	2026-07-01 09:41:00	10	60	date_bound_bar_high_not_executable_price
scalp_trailing_take_profit	inferred	db_sell_price	14717	2026-07-01	336260	2026-07-01 09:11:33	report_observed_unverified	True	57300.0	1.9	False	ok	20260701	336260_AL	1800	True	False	690	2026-07-01 08:00:00	2026-07-01 19:59:00	628	2026-07-01 19:59:00	1.2216	3.3159	4.014	4.014	4.014	4.014	4.014	5.7592	60600.0	2026-07-01 18:27:00	10	60	date_bound_bar_high_not_executable_price
scalp_trailing_take_profit	inferred	db_sell_price	14741	2026-07-01	033100	2026-07-01 09:07:07	report_observed_unverified	True	54400.0	1.45	False	ok	20260701	033100_AL	1800	True	False	692	2026-07-01 08:00:00	2026-07-01 19:59:00	634	2026-07-01 19:59:00	0.1838	0.9191	1.4706	1.4706	1.4706	1.4706	1.4706	7.9044	58700.0	2026-07-01 19:59:00	10	60	date_bound_bar_high_not_executable_price
scalp_trailing_take_profit	inferred	db_sell_price	15105	2026-07-02	013580	2026-07-02 15:03:08	report_observed_unverified	True	28400.0	1.65	False	ok	20260702	013580_AL	1800	True	False	378	2026-07-02 09:00:00	2026-07-02 15:35:00	17	2026-07-02 15:35:00	0.7042	1.9366	2.4648	2.4648	2.4648	2.4648	2.4648	2.4648	29100.0	2026-07-02 15:07:00	10	17	date_bound_bar_high_not_executable_price
scalp_trailing_take_profit	inferred	db_sell_price	15106	2026-07-02	007610	2026-07-02 15:01:27	report_observed_unverified	True	6330.0	-1.17	False	ok	20260702	007610_AL	1800	True	False	373	2026-07-02 09:00:00	2026-07-02 15:35:00	20	2026-07-02 15:35:00	1.7378	4.1074	4.1074	4.1074	4.1074	4.1074	4.1074	4.1074	6590.0	2026-07-02 15:03:00	10	20	date_bound_bar_high_not_executable_price
scalp_trailing_take_profit	inferred	db_sell_price	15100	2026-07-02	007610	2026-07-02 14:27:54	report_observed_unverified	True	6420.0	2.98	False	ok	20260702	007610_AL	1800	True	False	373	2026-07-02 09:00:00	2026-07-02 15:35:00	54	2026-07-02 15:35:00	0.1558	1.7134	1.7134	1.7134	1.7134	1.7134	3.271	3.271	6630.0	2026-07-02 14:58:00	10	52	date_bound_bar_high_not_executable_price
scalp_trailing_take_profit	inferred	db_sell_price	15036	2026-07-02	013580	2026-07-02 14:03:18	report_observed_unverified	True	27500.0	3.53	False	ok	20260702	013580_AL	1800	True	False	378	2026-07-02 09:00:00	2026-07-02 15:35:00	77	2026-07-02 15:35:00	2.0	2.9091	2.9091	2.9091	2.9091	5.8182	8.1818	8.1818	29750.0	2026-07-02 14:38:00	10	60	date_bound_bar_high_not_executable_price
scalp_trailing_take_profit	inferred	db_sell_price	15089	2026-07-02	007610	2026-07-02 13:29:41	report_observed_unverified	True	6030.0	1.52	False	ok	20260702	007610_AL	1800	True	False	373	2026-07-02 09:00:00	2026-07-02 15:35:00	108	2026-07-02 15:35:00	0.6633	0.6633	0.6633	0.6633	2.4876	8.2919	8.2919	9.9502	6630.0	2026-07-02 14:58:00	10	56	date_bound_bar_high_not_executable_price
scalp_trailing_take_profit	inferred	db_sell_price	15068	2026-07-02	007610	2026-07-02 12:41:58	report_observed_unverified	True	6260.0	1.23	False	ok	20260702	007610_AL	1800	True	False	373	2026-07-02 09:00:00	2026-07-02 15:35:00	156	2026-07-02 15:35:00	0.639	0.639	0.639	0.639	1.1182	1.1182	1.1182	5.9105	6630.0	2026-07-02 14:58:00	10	60	date_bound_bar_high_not_executable_price
scalp_trailing_take_profit	inferred	db_sell_price	15056	2026-07-02	001260	2026-07-02 11:20:22	report_observed_unverified	True	11680.0	1.6	False	ok	20260702	001260_AL	1800	True	False	374	2026-07-02 09:00:00	2026-07-02 15:35:00	238	2026-07-02 15:35:00	0.5993	3.6815	3.6815	8.6473	8.6473	8.6473	8.6473	8.6473	12690.0	2026-07-02 11:30:00	8	58	date_bound_bar_high_not_executable_price
scalp_trailing_take_profit	inferred	db_sell_price	15035	2026-07-02	001260	2026-07-02 11:05:30	report_observed_unverified	True	11680.0	4.14	False	ok	20260702	001260_AL	1800	True	False	374	2026-07-02 09:00:00	2026-07-02 15:35:00	253	2026-07-02 15:35:00	1.7123	2.7397	3.5103	3.5103	3.6815	8.6473	8.6473	8.6473	12690.0	2026-07-02 11:30:00	10	58	date_bound_bar_high_not_executable_price
scalp_trailing_take_profit	inferred	db_sell_price	14996	2026-07-02	082740	2026-07-02 08:45:27	report_observed_unverified	True	59000.0	2.19	False	ok	20260702	082740_AL	1800	True	False	688	2026-07-02 08:00:00	2026-07-02 19:59:00	642	2026-07-02 19:59:00	0.0	0.0	0.0	0.0	0.0	0.0	0.0	0.0	59000.0	2026-07-02 08:46:00	4	50	date_bound_bar_high_not_executable_price
scalp_trailing_take_profit	inferred	db_sell_price	14984	2026-07-02	082740	2026-07-02 08:17:57	report_observed_unverified	True	58500.0	1.68	False	ok	20260702	082740_AL	1800	True	False	688	2026-07-02 08:00:00	2026-07-02 19:59:00	670	2026-07-02 19:59:00	0.8547	0.8547	0.8547	0.8547	0.8547	1.7094	1.7094	1.7094	59500.0	2026-07-02 08:44:00	10	50	date_bound_bar_high_not_executable_price
scalp_trailing_take_profit	inferred	db_sell_price	15251	2026-07-03	144960	2026-07-03 15:02:51	report_observed_unverified	True	8380.0	2.59	False	ok	20260703	144960_AL	1800	True	False	378	2026-07-03 09:02:00	2026-07-03 15:35:00	19	2026-07-03 15:35:00	0.5967	0.5967	0.8353	1.1933	1.1933	1.1933	1.1933	1.1933	8480.0	2026-07-03 15:12:00	10	19	date_bound_bar_high_not_executable_price
scalp_trailing_take_profit	inferred	db_sell_price	15255	2026-07-03	477850	2026-07-03 14:51:40	report_observed_unverified	True	21650.0	0.7	False	ok	20260703	477850_AL	1800	True	False	377	2026-07-03 09:00:00	2026-07-03 15:35:00	28	2026-07-03 15:35:00	0.9238	1.1547	1.3857	4.388	7.6212	9.4688	9.4688	9.4688	23700.0	2026-07-03 15:15:00	10	28	date_bound_bar_high_not_executable_price
scalp_trailing_take_profit	inferred	db_sell_price	15240	2026-07-03	095500	2026-07-03 12:47:27	report_observed_unverified	True	8710.0	4.2	False	ok	20260703	095500_AL	1800	True	False	692	2026-07-03 08:00:00	2026-07-03 19:59:00	414	2026-07-03 19:59:00	0.8037	0.8037	0.8037	0.8037	0.8037	0.8037	0.8037	5.8553	9220.0	2026-07-03 18:21:00	10	60	date_bound_bar_high_not_executable_price
scalp_trailing_take_profit	inferred	db_sell_price	15241	2026-07-03	037710	2026-07-03 12:25:34	report_observed_unverified	True	39850.0	1.3	False	ok	20260703	037710_AL	1800	True	False	680	2026-07-03 08:00:00	2026-07-03 19:59:00	424	2026-07-03 19:59:00	0.2509	1.6311	1.6311	1.6311	1.6311	1.6311	1.6311	1.6311	40500.0	2026-07-03 12:28:00	10	60	date_bound_bar_high_not_executable_price
scalp_trailing_take_profit	inferred	db_sell_price	15233	2026-07-03	095500	2026-07-03 08:24:57	report_observed_unverified	True	8170.0	4.13	False	ok	20260703	095500_AL	1800	True	False	692	2026-07-03 08:00:00	2026-07-03 19:59:00	667	2026-07-03 19:59:00	0.7344	1.3464	2.8152	2.8152	2.8152	2.8152	2.8152	12.8519	9220.0	2026-07-03 18:21:00	10	50	date_bound_bar_high_not_executable_price
scalp_trailing_take_profit	inferred	db_sell_price	15227	2026-07-03	376900	2026-07-03 08:21:31	report_observed_unverified	True	43250.0	1.86	False	ok	20260703	376900_AL	1800	True	False	670	2026-07-03 08:00:00	2026-07-03 19:59:00	648	2026-07-03 19:59:00	1.5029	1.6185	1.6185	1.6185	1.6185	1.6185	1.6185	1.6185	43950.0	2026-07-03 08:23:00	10	50	date_bound_bar_high_not_executable_price
scalp_trailing_take_profit	inferred	db_sell_price	15211	2026-07-03	484810	2026-07-03 08:07:34	report_observed_unverified	True	11380.0	1.09	False	ok	20260703	484810_AL	1800	True	False	533	2026-07-03 08:00:00	2026-07-03 19:59:00	525	2026-07-03 19:59:00	-0.6151	-0.6151	-0.6151	-0.6151	-0.6151	-0.6151	-0.6151	-0.6151	11310.0	2026-07-03 08:08:00	10	50	date_bound_bar_high_not_executable_price
scalp_trailing_take_profit	inferred	db_sell_price	15209	2026-07-03	000500	2026-07-03 08:06:17	report_observed_unverified	True	315500.0	0.57	False	ok	20260703	000500_AL	1800	True	False	692	2026-07-03 08:00:00	2026-07-03 19:59:00	685	2026-07-03 19:59:00	-1.5848	-1.5848	-1.5848	0.4754	0.4754	0.4754	0.4754	0.4754	317000.0	2026-07-03 08:14:00	10	50	date_bound_bar_high_not_executable_price
scalp_trailing_take_profit	inferred	db_sell_price	15526	2026-07-06	002990	2026-07-06 11:03:57	report_observed_unverified	True	9710.0	2.55	False	ok	20260706	002990_AL	1800	True	False	377	2026-07-06 09:00:00	2026-07-06 15:35:00	255	2026-07-06 15:35:00	0.9269	1.3388	1.3388	1.3388	4.5314	4.5314	4.5314	27.1885	12350.0	2026-07-06 14:40:00	10	60	date_bound_bar_high_not_executable_price
scalp_trailing_take_profit	inferred	db_sell_price	15465	2026-07-06	042660	2026-07-06 09:07:04	report_observed_unverified	True	115200.0	1.89	False	ok	20260706	042660_AL	1800	True	False	692	2026-07-06 08:00:00	2026-07-06 19:59:00	634	2026-07-06 19:59:00	0.6076	2.8646	3.2986	5.3819	6.7708	6.7708	6.7708	6.7708	123000.0	2026-07-06 09:20:00	10	60	date_bound_bar_high_not_executable_price
scalp_trailing_take_profit	inferred	db_sell_price	15480	2026-07-06	200710	2026-07-06 08:28:48	report_observed_unverified	True	32900.0	4.54	False	ok	20260706	200710_AL	1800	True	False	679	2026-07-06 08:00:00	2026-07-06 19:59:00	650	2026-07-06 19:59:00	0.6079	0.6079	0.6079	0.6079	0.6079	0.6079	0.6079	0.6079	33100.0	2026-07-06 08:29:00	10	50	date_bound_bar_high_not_executable_price
scalp_trailing_take_profit	inferred	db_sell_price	15718	2026-07-07	399720	2026-07-07 14:09:10	report_observed_unverified	True	48250.0	1.35	False	ok	20260707	399720_AL	1800	True	False	692	2026-07-07 08:00:00	2026-07-07 19:59:00	332	2026-07-07 19:59:00	-0.1036	-0.1036	-0.1036	-0.1036	-0.1036	4.6632	4.6632	4.6632	50500.0	2026-07-07 14:34:00	10	60	date_bound_bar_high_not_executable_price
scalp_trailing_take_profit	inferred	db_sell_price	15665	2026-07-07	153890	2026-07-07 12:55:59	report_observed_unverified	True	15195.0	3.27	False	ok	20260707	153890_AL	1800	True	False	378	2026-07-07 09:00:00	2026-07-07 15:35:00	145	2026-07-07 15:35:00	0.0329	0.1645	0.1645	1.0859	3.7841	3.7841	3.7841	3.7841	15770.0	2026-07-07 13:09:00	10	60	date_bound_bar_high_not_executable_price
scalp_trailing_take_profit	inferred	db_sell_price	15647	2026-07-07	399720	2026-07-07 12:03:02	report_observed_unverified	True	48100.0	3.31	False	ok	20260707	399720_AL	1800	True	False	692	2026-07-07 08:00:00	2026-07-07 19:59:00	458	2026-07-07 19:59:00	0.4158	0.4158	2.3909	3.4304	5.1975	9.0437	9.0437	9.0437	52450.0	2026-07-07 12:30:00	10	60	date_bound_bar_high_not_executable_price
scalp_trailing_take_profit	inferred	db_sell_price	15692	2026-07-07	002990	2026-07-07 11:06:49	report_observed_unverified	True	14660.0	1.93	False	ok	20260707	002990_AL	1800	True	False	344	2026-07-07 09:00:00	2026-07-07 15:35:00	220	2026-07-07 15:35:00	0.3411	0.3411	0.3411	0.3411	0.3411	0.3411	0.3411	7.708	15790.0	2026-07-07 13:47:00	10	60	date_bound_bar_high_not_executable_price
scalp_trailing_take_profit	inferred	db_sell_price	15662	2026-07-07	002990	2026-07-07 10:33:59	report_observed_unverified	True	14880.0	3.53	False	ok	20260707	002990_AL	1800	True	False	344	2026-07-07 09:00:00	2026-07-07 15:35:00	253	2026-07-07 15:35:00	0.0672	0.0672	0.0672	0.0672	0.0672	0.0672	0.0672	6.1156	15790.0	2026-07-07 13:47:00	10	60	date_bound_bar_high_not_executable_price
scalp_trailing_take_profit	inferred	db_sell_price	15644	2026-07-07	095500	2026-07-07 08:15:49	report_observed_unverified	True	8550.0	1.07	False	ok	20260707	095500_AL	1800	True	False	687	2026-07-07 08:00:00	2026-07-07 19:59:00	671	2026-07-07 19:59:00	-0.117	-0.117	0.3509	0.3509	0.3509	0.3509	0.3509	0.3509	8580.0	2026-07-07 08:19:00	10	50	date_bound_bar_high_not_executable_price
scalp_trailing_take_profit	inferred	db_sell_price	16057	2026-07-08	365660	2026-07-08 11:48:24	report_observed_unverified	True	13520.0	1.1	False	ok	20260708	365660_AL	1133	False	False	378	2026-07-08 09:00:00	2026-07-08 15:35:00	210	2026-07-08 15:35:00	0.9615	2.2929	3.1065	3.1805	3.1805	3.1805	3.1805	3.1805	13950.0	2026-07-08 11:56:00	10	60	date_bound_bar_high_not_executable_price
scalp_trailing_take_profit	inferred	db_sell_price	15954	2026-07-08	073240	2026-07-08 10:37:18	report_observed_unverified	True	6500.0	4.6	False	ok	20260708	073240_AL	1800	True	False	692	2026-07-08 08:00:00	2026-07-08 19:59:00	544	2026-07-08 19:59:00	0.0	0.1538	1.5385	3.0769	3.5385	3.5385	3.5385	3.5385	6730.0	2026-07-08 10:57:00	10	60	date_bound_bar_high_not_executable_price
scalp_trailing_take_profit	inferred	db_sell_price	15979	2026-07-08	200710	2026-07-08 08:40:34	report_observed_unverified	True	31300.0	1.39	False	ok	20260708	200710_AL	1800	True	False	682	2026-07-08 08:00:00	2026-07-08 19:59:00	641	2026-07-08 19:59:00	0.4792	0.4792	0.4792	0.4792	0.4792	3.8339	4.3131	6.5495	33350.0	2026-07-08 09:48:00	9	50	date_bound_bar_high_not_executable_price
scalp_trailing_take_profit	inferred	db_sell_price	16211	2026-07-09	024060	2026-07-09 11:49:04	report_observed_unverified	True	12270.0	3.45	False	ok	20260709	024060_AL	1800	True	False	379	2026-07-09 09:00:00	2026-07-09 15:35:00	210	2026-07-09 15:35:00	2.8525	3.26	4.3195	4.89	5.1345	5.1345	5.1345	5.1345	12900.0	2026-07-09 12:04:00	10	59	date_bound_bar_high_not_executable_price
scalp_preset_protect_profit	inferred	db_sell_price	16199	2026-07-09	319660	2026-07-09 10:30:36	report_observed_unverified	True	152000.0	-0.16	False	ok	20260709	319660_AL	1800	True	False	688	2026-07-09 08:00:00	2026-07-09 19:59:00	547	2026-07-09 19:59:00	0.2632	0.2632	0.5921	0.7895	0.7895	0.7895	0.7895	1.9737	155000.0	2026-07-09 17:40:00	10	60	date_bound_bar_high_not_executable_price
scalp_trailing_take_profit	inferred	db_sell_price	16209	2026-07-09	002990	2026-07-09 09:39:28	report_observed_unverified	True	16160.0	1.43	False	ok	20260709	002990_AL	1800	True	False	377	2026-07-09 09:02:00	2026-07-09 15:35:00	340	2026-07-09 15:35:00	2.599	2.599	2.599	2.599	2.599	2.599	2.599	11.3861	18000.0	2026-07-09 14:20:00	10	59	date_bound_bar_high_not_executable_price
scalp_trailing_take_profit	inferred	db_sell_price	16479	2026-07-10	095610	2026-07-10 12:53:59	report_observed_unverified	True	180700.0	1.68	False	ok	20260710	095610_AL	1800	True	False	691	2026-07-10 08:00:00	2026-07-10 19:59:00	407	2026-07-10 19:59:00	0.1107	0.1107	0.1107	0.1107	0.1107	0.1107	0.3874	0.3874	181400.0	2026-07-10 13:50:00	10	60	date_bound_bar_high_not_executable_price
scalp_trailing_take_profit	inferred	db_sell_price	16521	2026-07-10	007660	2026-07-10 12:03:18	report_observed_unverified	True	106100.0	0.72	False	ok	20260710	007660_AL	1800	True	False	692	2026-07-10 08:00:00	2026-07-10 19:59:00	458	2026-07-10 19:59:00	0.1885	0.2828	0.377	0.6598	0.8483	0.8483	0.8483	0.8483	107000.0	2026-07-10 12:20:00	10	60	date_bound_bar_high_not_executable_price
scalp_trailing_take_profit	inferred	db_sell_price	16495	2026-07-10	399720	2026-07-10 09:56:40	report_observed_unverified	True	55300.0	1.98	False	ok	20260710	399720_AL	1800	True	False	692	2026-07-10 08:00:00	2026-07-10 19:59:00	585	2026-07-10 19:59:00	0.7233	1.4467	1.4467	1.4467	1.4467	2.7125	3.6166	5.7866	58500.0	2026-07-10 12:01:00	10	60	date_bound_bar_high_not_executable_price
scalp_trailing_take_profit	inferred	db_sell_price	17400	2026-07-13	024060	2026-07-13 13:04:35	report_observed_unverified	True	12040.0	-0.06	False	ok	20260713	024060_AL	1800	True	False	381	2026-07-13 09:00:00	2026-07-13 15:35:00	136	2026-07-13 15:35:00	1.7442	1.9103	1.9103	1.9103	4.6512	5.9801	5.9801	5.9801	12760.0	2026-07-13 13:34:00	10	59	date_bound_bar_high_not_executable_price
scalp_trailing_take_profit	inferred	db_sell_price	17206	2026-07-13	087010	2026-07-13 08:10:36	report_observed_unverified	True	114200.0	2.0	False	ok	20260713	087010_AL	1800	True	False	690	2026-07-13 08:00:00	2026-07-13 19:59:00	681	2026-07-13 19:59:00	-0.1751	-0.0876	-0.0876	-0.0876	-0.0876	-0.0876	7.0053	7.0053	122200.0	2026-07-13 09:09:00	10	50	date_bound_bar_high_not_executable_price
scalp_trailing_take_profit	inferred	db_sell_price	18026	2026-07-14	003680	2026-07-14 14:00:59	report_observed_unverified	True	10780.0	0.7	False	ok	20260714	003680_AL	1800	True	False	377	2026-07-14 09:00:00	2026-07-14 15:35:00	81	2026-07-14 15:35:00	1.2987	2.0408	2.0408	2.0408	2.0408	2.0408	2.7829	3.6178	11170.0	2026-07-14 15:30:00	10	60	date_bound_bar_high_not_executable_price
scalp_trailing_take_profit	inferred	db_sell_price	18413	2026-07-14	097230	2026-07-14 13:39:43	report_observed_unverified	True	15330.0	0.43	False	ok	20260714	097230_AL	1800	True	False	382	2026-07-14 09:00:00	2026-07-14 15:35:00	102	2026-07-14 15:35:00	0.1305	0.1305	0.6523	1.0437	1.0437	1.0437	1.1089	1.1089	15500.0	2026-07-14 14:29:00	10	60	date_bound_bar_high_not_executable_price
scalp_trailing_take_profit	inferred	db_sell_price	18911	2026-07-15	083470	2026-07-15 14:44:42	report_observed_unverified	True	720.0	0.61	False	ok	20260715	083470_AL	1800	True	False	337	2026-07-15 09:00:00	2026-07-15 15:35:00	37	2026-07-15 15:35:00	-0.1389	-0.1389	-0.1389	-0.1389	-0.1389	-0.1389	0.0	0.0	720.0	2026-07-15 15:30:00	10	37	date_bound_bar_high_not_executable_price
scalp_trailing_take_profit	inferred	db_sell_price	18901	2026-07-15	002990	2026-07-15 12:17:26	report_observed_unverified	True	13000.0	0.13	False	ok	20260715	002990_AL	1800	True	False	380	2026-07-15 09:00:00	2026-07-15 15:35:00	183	2026-07-15 15:35:00	1.3846	5.3846	6.1538	6.1538	9.5385	9.5385	9.5385	9.5385	14240.0	2026-07-15 12:32:00	10	59	date_bound_bar_high_not_executable_price
scalp_trailing_take_profit	inferred	db_sell_price	18869	2026-07-15	240810	2026-07-15 10:26:09	report_observed_unverified	True	143200.0	0.5	False	ok	20260715	240810_AL	1800	True	False	382	2026-07-15 09:00:00	2026-07-15 15:35:00	295	2026-07-15 15:35:00	0.838	0.838	0.838	0.838	0.838	0.838	0.838	0.838	144400.0	2026-07-15 10:27:00	10	60	date_bound_bar_high_not_executable_price
scalp_trailing_take_profit	inferred	db_sell_price	20752	2026-07-20	024060	2026-07-20 14:56:39	report_observed_unverified	True	13110.0	1.24	False	ok	20260720	024060_AL	1800	True	False	382	2026-07-20 09:00:00	2026-07-20 15:35:00	25	2026-07-20 15:35:00	0.0763	0.0763	0.0763	1.7544	2.2121	2.5172	2.5172	2.5172	13440.0	2026-07-20 15:19:00	10	25	date_bound_bar_high_not_executable_price
scalp_trailing_take_profit	inferred	db_sell_price	20422	2026-07-20	002990	2026-07-20 14:39:55	report_observed_unverified	True	10590.0	0.05	False	ok	20260720	002990_AL	1800	True	False	379	2026-07-20 09:00:00	2026-07-20 15:35:00	42	2026-07-20 15:35:00	0.661	0.661	0.661	0.661	1.0387	4.8159	4.8159	4.8159	11100.0	2026-07-20 15:03:00	10	42	date_bound_bar_high_not_executable_price
scalp_trailing_take_profit	inferred	db_sell_price	20647	2026-07-20	099440	2026-07-20 13:45:23	report_observed_unverified	True	2825.0	-0.58	False	ok	20260720	099440_AL	1800	True	False	337	2026-07-20 09:00:00	2026-07-20 15:35:00	96	2026-07-20 15:35:00	3.0088	3.3628	3.5398	3.5398	3.5398	3.5398	3.5398	3.5398	2925.0	2026-07-20 13:49:00	10	60	date_bound_bar_high_not_executable_price
scalp_trailing_take_profit	inferred	db_sell_price	20372	2026-07-20	340440	2026-07-20 13:44:05	report_observed_unverified	True	1044.0	0.73	False	ok	20260720	340440_AL	1800	True	False	371	2026-07-20 09:02:00	2026-07-20 15:35:00	96	2026-07-20 15:35:00	-0.3831	0.4789	0.4789	0.4789	0.4789	0.4789	0.7663	1.8199	1063.0	2026-07-20 15:12:00	10	59	date_bound_bar_high_not_executable_price
scalp_trailing_take_profit	inferred	db_sell_price	20556	2026-07-20	303030	2026-07-20 13:30:05	report_observed_unverified	True	1859.0	2.25	False	ok	20260720	303030_AL	1800	True	False	299	2026-07-20 09:00:00	2026-07-20 15:35:00	99	2026-07-20 15:35:00	0.0	1.6138	1.6138	1.6138	1.6138	1.6138	1.6138	2.2055	1900.0	2026-07-20 14:35:00	10	55	date_bound_bar_high_not_executable_price
scalp_trailing_take_profit	inferred	db_sell_price	20566	2026-07-20	024060	2026-07-20 13:11:24	report_observed_unverified	True	13200.0	0.76	False	ok	20260720	024060_AL	1800	True	False	382	2026-07-20 09:00:00	2026-07-20 15:35:00	130	2026-07-20 15:35:00	0.2273	1.5152	1.5152	1.5152	1.5152	1.5152	1.5152	1.8182	13440.0	2026-07-20 15:19:00	10	60	date_bound_bar_high_not_executable_price
scalp_trailing_take_profit	inferred	db_sell_price	20390	2026-07-20	413630	2026-07-20 12:22:03	report_observed_unverified	True	3505.0	1.51	False	ok	20260720	413630_AL	1800	True	False	378	2026-07-20 09:00:00	2026-07-20 15:35:00	179	2026-07-20 15:35:00	1.5692	1.5692	1.8545	1.8545	1.8545	1.8545	1.8545	1.8545	3570.0	2026-07-20 12:27:00	10	60	date_bound_bar_high_not_executable_price
scalp_trailing_take_profit	inferred	db_sell_price	20512	2026-07-20	376180	2026-07-20 12:01:50	report_observed_unverified	True	1464.0	1.22	False	ok	20260720	376180_AL	1800	True	False	329	2026-07-20 09:00:00	2026-07-20 15:35:00	177	2026-07-20 15:35:00	0.0	0.0	0.7514	4.6448	4.6448	8.265	8.265	8.265	1585.0	2026-07-20 12:28:00	10	58	date_bound_bar_high_not_executable_price
scalp_trailing_take_profit	inferred	db_sell_price	20397	2026-07-20	475150	2026-07-20 10:42:04	report_observed_unverified	True	57700.0	0.38	False	ok	20260720	475150_AL	1800	True	False	381	2026-07-20 09:00:00	2026-07-20 15:35:00	279	2026-07-20 15:35:00	0.8666	0.8666	0.8666	0.8666	0.8666	0.8666	0.8666	0.8666	58200.0	2026-07-20 10:43:00	10	60	date_bound_bar_high_not_executable_price
scalp_trailing_take_profit	inferred	db_sell_price	20406	2026-07-20	024060	2026-07-20 10:21:01	report_observed_unverified	True	13300.0	0.07	False	ok	20260720	024060_AL	1800	True	False	382	2026-07-20 09:00:00	2026-07-20 15:35:00	300	2026-07-20 15:35:00	-0.2256	-0.1504	-0.1504	0.7519	3.3835	3.7594	3.7594	3.7594	13800.0	2026-07-20 10:43:00	10	60	date_bound_bar_high_not_executable_price
scalp_trailing_take_profit	inferred	db_sell_price	20554	2026-07-20	037070	2026-07-20 10:18:52	report_observed_unverified	True	7810.0	0.41	False	ok	20260720	037070_AL	1800	True	False	380	2026-07-20 09:00:00	2026-07-20 15:35:00	301	2026-07-20 15:35:00	0.0	0.0	0.0	0.0	0.0	0.0	0.0	0.0	7810.0	2026-07-20 10:19:00	10	60	date_bound_bar_high_not_executable_price
scalp_trailing_take_profit	inferred	db_sell_price	20479	2026-07-20	252990	2026-07-20 10:05:13	report_observed_unverified	True	14800.0	1.41	False	ok	20260720	252990_AL	1800	True	False	381	2026-07-20 09:00:00	2026-07-20 15:35:00	315	2026-07-20 15:35:00	2.027	2.027	2.027	2.027	2.027	2.027	2.9054	7.2297	15870.0	2026-07-20 13:54:00	10	60	date_bound_bar_high_not_executable_price
scalp_trailing_take_profit	inferred	db_sell_price	20363	2026-07-20	049080	2026-07-20 09:54:32	report_observed_unverified	True	12050.0	0.7	False	ok	20260720	049080_AL	1800	True	False	375	2026-07-20 09:00:00	2026-07-20 15:35:00	324	2026-07-20 15:35:00	1.9087	3.9004	3.9004	7.4689	8.7137	8.7137	19.5021	19.5021	14400.0	2026-07-20 10:45:00	10	58	date_bound_bar_high_not_executable_price
scalp_trailing_take_profit	inferred	db_sell_price	21127	2026-07-21	413630	2026-07-21 11:48:06	report_observed_unverified	True	3595.0	-0.37	False	ok	20260721	413630_AL	1800	True	False	382	2026-07-21 09:00:00	2026-07-21 15:35:00	213	2026-07-21 15:35:00	0.4172	4.5897	6.1196	6.2587	6.2587	6.2587	6.2587	6.2587	3820.0	2026-07-21 11:54:00	10	60	date_bound_bar_high_not_executable_price
scalp_trailing_take_profit	inferred	db_sell_price	21067	2026-07-21	066590	2026-07-21 10:26:35	report_observed_unverified	True	2970.0	-0.13	False	ok	20260721	066590_AL	1800	True	False	377	2026-07-21 09:00:00	2026-07-21 15:35:00	293	2026-07-21 15:35:00	0.8418	0.8418	0.8418	0.8418	1.5152	1.5152	3.1987	7.2391	3185.0	2026-07-21 14:55:00	10	60	date_bound_bar_high_not_executable_price
scalp_trailing_take_profit	inferred	db_sell_price	22041	2026-07-22	006340	2026-07-22 13:10:43	report_observed_unverified	True	12990.0	-0.08	False	ok	20260722	006340_AL	1800	True	False	382	2026-07-22 09:00:00	2026-07-22 15:35:00	131	2026-07-22 15:35:00	0.3079	1.1547	2.3865	2.3865	3.4642	3.4642	3.4642	3.4642	13440.0	2026-07-22 13:23:00	10	60	date_bound_bar_high_not_executable_price
scalp_trailing_take_profit	inferred	db_sell_price	21913	2026-07-22	066570	2026-07-22 12:33:56	report_observed_unverified	True	187800.0	0.3	False	ok	20260722	066570_AL	1800	True	False	692	2026-07-22 08:00:00	2026-07-22 19:59:00	428	2026-07-22 19:59:00	0.0532	0.213	0.213	0.3727	0.9052	0.9052	1.1715	1.1715	190000.0	2026-07-22 13:07:00	10	60	date_bound_bar_high_not_executable_price
scalp_trailing_take_profit	inferred	db_sell_price	22035	2026-07-22	012690	2026-07-22 12:20:30	report_observed_unverified	True	1924.0	0.29	False	ok	20260722	012690_AL	1800	True	False	378	2026-07-22 09:00:00	2026-07-22 15:35:00	179	2026-07-22 15:35:00	-0.052	0.2599	0.2599	0.2599	0.2599	0.2599	0.9356	0.9356	1942.0	2026-07-22 13:17:00	10	60	date_bound_bar_high_not_executable_price
scalp_trailing_take_profit	inferred	db_sell_price	22101	2026-07-22	049080	2026-07-22 10:56:15	report_observed_unverified	True	9720.0	1.44	False	ok	20260722	049080_AL	1800	True	False	380	2026-07-22 09:00:00	2026-07-22 15:35:00	265	2026-07-22 15:35:00	-0.4115	-0.4115	-0.4115	0.1029	2.0576	2.0576	2.0576	2.0576	9920.0	2026-07-22 11:13:00	10	60	date_bound_bar_high_not_executable_price
scalp_trailing_take_profit	inferred	db_sell_price	22175	2026-07-22	389260	2026-07-22 10:01:35	report_observed_unverified	True	14840.0	0.24	False	ok	20260722	389260_AL	1800	True	False	381	2026-07-22 09:00:00	2026-07-22 15:35:00	320	2026-07-22 15:35:00	0.6739	0.6739	2.8976	2.8976	2.8976	2.8976	2.8976	3.9084	15420.0	2026-07-22 11:26:00	10	60	date_bound_bar_high_not_executable_price
scalp_trailing_take_profit	inferred	db_sell_price	21845	2026-07-22	459510	2026-07-22 08:15:21	report_observed_unverified	True	14660.0	2.35	False	ok	20260722	459510_AL	1800	True	False	656	2026-07-22 08:00:00	2026-07-22 19:59:00	642	2026-07-22 19:59:00	4.161	7.0941	7.0941	7.0941	7.0941	7.0941	7.0941	7.0941	15700.0	2026-07-22 08:17:00	10	50	date_bound_bar_high_not_executable_price
scalp_trailing_take_profit	inferred	db_sell_price	21848	2026-07-22	460930	2026-07-22 08:13:07	report_observed_unverified	True	12940.0	1.1	False	ok	20260722	460930_AL	1800	True	False	688	2026-07-22 08:00:00	2026-07-22 19:59:00	674	2026-07-22 19:59:00	-0.1546	-0.1546	-0.1546	-0.1546	0.1546	0.1546	0.1546	0.8501	13050.0	2026-07-22 13:48:00	10	50	date_bound_bar_high_not_executable_price
scalp_trailing_take_profit	inferred	db_sell_price	21847	2026-07-22	102940	2026-07-22 08:08:01	report_observed_unverified	True	17140.0	0.23	False	ok	20260722	102940_AL	1800	True	False	680	2026-07-22 08:00:00	2026-07-22 19:59:00	673	2026-07-22 19:59:00	0.5834	0.5834	1.0502	1.1085	1.1085	1.1085	1.1085	7.6429	18450.0	2026-07-22 10:34:00	10	50	date_bound_bar_high_not_executable_price
scalp_trailing_take_profit	inferred	db_sell_price	23336	2026-07-23	036930	2026-07-23 13:31:46	report_observed_unverified	True	160100.0	0.27	False	ok	20260723	036930_AL	1800	True	False	382	2026-07-23 09:00:00	2026-07-23 15:35:00	110	2026-07-23 15:35:00	0.0625	0.6871	0.6871	0.6871	0.6871	0.6871	1.8114	2.3735	163900.0	2026-07-23 15:30:00	10	60	date_bound_bar_high_not_executable_price
scalp_trailing_take_profit	inferred	db_sell_price	23101	2026-07-23	001520	2026-07-23 12:40:30	report_observed_unverified	True	1121.0	-0.41	False	ok	20260723	001520_AL	1800	True	False	373	2026-07-23 09:00:00	2026-07-23 15:35:00	160	2026-07-23 15:35:00	0.8029	0.8029	0.8029	1.4273	1.4273	1.4273	1.4273	1.4273	1137.0	2026-07-23 12:49:00	10	60	date_bound_bar_high_not_executable_price
scalp_trailing_take_profit	inferred	db_sell_price	22732	2026-07-23	119850	2026-07-23 10:59:40	report_observed_unverified	True	41450.0	0.38	False	ok	20260723	119850_AL	1800	True	False	655	2026-07-23 08:00:00	2026-07-23 19:59:00	485	2026-07-23 19:59:00	0.7238	0.7238	0.8444	1.0856	1.5682	1.93	2.1713	9.8914	45550.0	2026-07-23 12:26:00	10	60	date_bound_bar_high_not_executable_price
scalp_trailing_take_profit	inferred	db_sell_price	22855	2026-07-23	066570	2026-07-23 10:15:42	report_observed_unverified	True	184700.0	0.26	False	ok	20260723	066570_AL	1800	True	False	692	2026-07-23 08:00:00	2026-07-23 19:59:00	566	2026-07-23 19:59:00	-0.0541	-0.0541	-0.0541	-0.0541	-0.0541	0.0	0.0	1.8408	188100.0	2026-07-23 19:59:00	10	60	date_bound_bar_high_not_executable_price
scalp_trailing_take_profit	inferred	db_sell_price	22888	2026-07-23	002990	2026-07-23 09:10:31	report_observed_unverified	True	11730.0	-1.79	False	ok	20260723	002990_AL	1800	True	False	380	2026-07-23 09:00:00	2026-07-23 15:35:00	371	2026-07-23 15:35:00	1.9608	3.8363	3.8363	3.8363	3.8363	3.8363	3.8363	3.8363	12180.0	2026-07-23 09:12:00	10	60	date_bound_bar_high_not_executable_price
scalp_trailing_take_profit	inferred	db_sell_price	22735	2026-07-23	459510	2026-07-23 08:32:39	report_observed_unverified	True	15000.0	-1.22	False	ok	20260723	459510_AL	1800	True	False	632	2026-07-23 08:00:00	2026-07-23 19:59:00	599	2026-07-23 19:59:00	0.0667	0.0667	0.0667	0.0667	0.0667	0.0667	0.0667	0.0667	15010.0	2026-07-23 08:33:00	10	50	date_bound_bar_high_not_executable_price
scalp_trailing_take_profit	inferred	db_sell_price	22762	2026-07-23	117730	2026-07-23 08:14:21	report_observed_unverified	True	14190.0	0.19	False	ok	20260723	117730_AL	1800	True	False	610	2026-07-23 08:00:00	2026-07-23 19:59:00	595	2026-07-23 19:59:00	-0.2114	-0.2114	-0.2114	-0.2114	-0.2114	-0.2114	-0.2114	-0.2114	14160.0	2026-07-23 08:15:00	10	50	date_bound_bar_high_not_executable_price
scalp_trailing_take_profit	inferred	db_sell_price	23752	2026-07-24	100090	2026-07-24 12:45:43	report_observed_unverified	True	19230.0	0.45	False	ok	20260724	100090_AL	1800	True	False	379	2026-07-24 09:00:00	2026-07-24 15:35:00	155	2026-07-24 15:35:00	0.052	0.052	0.052	0.624	0.78	1.7161	2.7561	2.7561	19760.0	2026-07-24 13:20:00	10	60	date_bound_bar_high_not_executable_price
scalp_trailing_take_profit	inferred	db_sell_price	23735	2026-07-24	096770	2026-07-24 12:19:13	report_observed_unverified	True	130800.0	0.31	False	ok	20260724	096770_AL	1800	True	False	688	2026-07-24 08:00:00	2026-07-24 19:59:00	438	2026-07-24 19:59:00	0.1529	0.4587	0.4587	0.5352	0.7645	0.7645	0.7645	1.682	133000.0	2026-07-24 13:58:00	10	60	date_bound_bar_high_not_executable_price
scalp_trailing_take_profit	inferred	db_sell_price	24195	2026-07-27	010120	2026-07-27 15:13:47	report_observed_unverified	True	200000.0	0.63	False	ok	20260727	010120_AL	1800	True	False	692	2026-07-27 08:00:00	2026-07-27 19:59:00	268	2026-07-27 19:59:00	0.25	0.25	0.25	0.5	0.5	0.5	0.5	1.0	202000.0	2026-07-27 18:55:00	6	42	date_bound_bar_high_not_executable_price
scalp_trailing_take_profit	inferred	db_sell_price	24652	2026-07-28	058610	2026-07-28 08:24:10	report_observed_unverified	True	71800.0	0.33	False	ok	20260728	058610_AL	1800	True	False	662	2026-07-28 08:00:00	2026-07-28 19:59:00	638	2026-07-28 19:59:00	1.2535	3.6212	8.3565	8.3565	8.3565	8.3565	8.3565	8.3565	77800.0	2026-07-28 08:29:00	10	50	date_bound_bar_high_not_executable_price
scalp_trailing_take_profit	inferred	db_sell_price	24651	2026-07-28	304100	2026-07-28 08:19:32	report_observed_unverified	True	14250.0	1.48	False	ok	20260728	304100_AL	1800	True	False	663	2026-07-28 08:00:00	2026-07-28 19:59:00	643	2026-07-28 19:59:00	3.3684	4.2807	4.2807	4.2807	4.2807	4.2807	4.2807	4.2807	14860.0	2026-07-28 08:22:00	10	50	date_bound_bar_high_not_executable_price
scalp_trailing_take_profit	inferred	db_sell_price	24659	2026-07-28	199430	2026-07-28 08:18:30	report_observed_unverified	True	17420.0	1.64	False	ok	20260728	199430_AL	1800	True	False	663	2026-07-28 08:00:00	2026-07-28 19:59:00	644	2026-07-28 19:59:00	0.5166	3.3295	6.4868	6.4868	6.4868	6.4868	6.4868	6.4868	18550.0	2026-07-28 08:22:00	10	50	date_bound_bar_high_not_executable_price
scalp_trailing_take_profit	inferred	db_sell_price	24655	2026-07-28	010120	2026-07-28 08:15:49	report_observed_unverified	True	190300.0	0.09	False	ok	20260728	010120_AL	1800	True	False	660	2026-07-28 08:00:00	2026-07-28 19:59:00	647	2026-07-28 19:59:00	0.0525	0.0525	0.0525	0.0525	0.0525	0.0525	0.0525	0.0525	190400.0	2026-07-28 08:16:00	10	50	date_bound_bar_high_not_executable_price
scalp_trailing_take_profit	inferred	db_sell_price	24649	2026-07-28	042700	2026-07-28 08:14:44	report_observed_unverified	True	191700.0	-0.02	False	ok	20260728	042700_AL	1800	True	False	663	2026-07-28 08:00:00	2026-07-28 19:59:00	648	2026-07-28 19:59:00	0.0	0.0	0.0	0.2087	0.313	0.313	0.5216	0.5216	192700.0	2026-07-28 09:00:00	10	50	date_bound_bar_high_not_executable_price
scalp_trailing_take_profit	inferred	db_sell_price	24646	2026-07-28	199430	2026-07-28 08:13:17	report_observed_unverified	True	16520.0	1.37	False	ok	20260728	199430_AL	1800	True	False	663	2026-07-28 08:00:00	2026-07-28 19:59:00	649	2026-07-28 19:59:00	4.2978	4.2978	6.477	12.2881	12.2881	12.2881	12.2881	12.2881	18550.0	2026-07-28 08:22:00	10	50	date_bound_bar_high_not_executable_price
scalp_trailing_take_profit	inferred	db_sell_price	24642	2026-07-28	304100	2026-07-28 08:08:01	report_observed_unverified	True	13890.0	0.57	False	ok	20260728	304100_AL	1800	True	False	663	2026-07-28 08:00:00	2026-07-28 19:59:00	654	2026-07-28 19:59:00	2.5198	2.5198	2.5198	2.5198	6.9834	6.9834	6.9834	6.9834	14860.0	2026-07-28 08:22:00	10	50	date_bound_bar_high_not_executable_price
scalp_trailing_take_profit	inferred	db_sell_price	25063	2026-07-29	475040	2026-07-29 12:57:05	report_observed_unverified	True	2990.0	-0.23	False	ok	20260729	475040_AL	1800	True	False	350	2026-07-29 09:00:00	2026-07-29 15:35:00	142	2026-07-29 15:35:00	1.505	2.8428	2.8428	3.5117	3.5117	3.5117	3.5117	3.5117	3095.0	2026-07-29 13:05:00	10	58	date_bound_bar_high_not_executable_price
scalp_trailing_take_profit	inferred	db_sell_price	24975	2026-07-29	035420	2026-07-29 08:33:41	report_observed_unverified	True	212000.0	0.24	False	ok	20260729	035420_AL	1800	True	False	663	2026-07-29 08:00:00	2026-07-29 19:59:00	629	2026-07-29 19:59:00	0.4717	0.4717	0.4717	0.4717	0.9434	0.9434	0.9434	0.9434	214000.0	2026-07-29 08:45:00	10	50	date_bound_bar_high_not_executable_price
scalp_trailing_take_profit	inferred	db_sell_price	24983	2026-07-29	095610	2026-07-29 08:27:33	report_observed_unverified	True	121100.0	0.43	False	ok	20260729	095610_AL	1800	True	False	662	2026-07-29 08:00:00	2026-07-29 19:59:00	634	2026-07-29 19:59:00	0.8258	1.4864	2.0644	2.0644	2.0644	2.147	3.9637	11.3955	134900.0	2026-07-29 09:49:00	10	50	date_bound_bar_high_not_executable_price
scalp_trailing_take_profit	inferred	db_sell_price	25712	2026-07-31	096770	2026-07-31 12:08:18	report_observed_unverified	True	111300.0	1.04	False	ok	20260731	096770_AL	1800	True	False	690	2026-07-31 08:00:00	2026-07-31 19:59:00	453	2026-07-31 19:59:00	0.2695	0.2695	0.2695	0.2695	0.2695	0.2695	0.2695	0.2695	111600.0	2026-07-31 12:09:00	10	60	date_bound_bar_high_not_executable_price
scalp_trailing_take_profit	inferred	db_sell_price	25439	2026-07-31	096770	2026-07-31 10:24:28	report_observed_unverified	True	109600.0	0.5	False	ok	20260731	096770_AL	1800	True	False	690	2026-07-31 08:00:00	2026-07-31 19:59:00	557	2026-07-31 19:59:00	0.365	0.365	0.365	0.365	0.365	0.365	0.8212	1.8248	111600.0	2026-07-31 12:06:00	10	60	date_bound_bar_high_not_executable_price
scalp_trailing_take_profit	inferred	db_sell_price	25691	2026-07-31	000250	2026-07-31 10:23:50	report_observed_unverified	True	148400.0	0.52	False	ok	20260731	000250_AL	1800	True	False	690	2026-07-31 08:00:00	2026-07-31 19:59:00	556	2026-07-31 19:59:00	1.0108	1.0108	1.0108	1.0108	1.0108	1.0108	1.0108	3.0997	153000.0	2026-07-31 14:46:00	10	60	date_bound_bar_high_not_executable_price
scalp_trailing_take_profit	inferred	db_sell_price	25678	2026-07-31	000250	2026-07-31 10:14:07	report_observed_unverified	True	147500.0	0.38	False	ok	20260731	000250_AL	1800	True	False	690	2026-07-31 08:00:00	2026-07-31 19:59:00	565	2026-07-31 19:59:00	0.2034	0.339	0.339	1.6271	1.6271	1.6271	1.6271	3.7288	153000.0	2026-07-31 14:46:00	10	60	date_bound_bar_high_not_executable_price
scalp_trailing_take_profit	inferred	db_sell_price	25413	2026-07-31	005930	2026-07-31 09:27:46	report_observed_unverified	True	247500.0	0.38	False	ok	20260731	005930_AL	1800	True	False	690	2026-07-31 08:00:00	2026-07-31 19:59:00	614	2026-07-31 19:59:00	0.8081	1.4141	1.6162	2.4242	2.4242	3.4343	5.6566	7.8788	267000.0	2026-07-31 15:05:00	10	60	date_bound_bar_high_not_executable_price
scalp_trailing_take_profit	inferred	db_sell_price	26448	2026-08-03	003530	2026-08-03 10:10:51	report_observed_unverified	True	4130.0	0.99	False	ok	20260803	003530_AL	1800	True	False	370	2026-08-03 09:00:00	2026-08-03 15:35:00	299	2026-08-03 15:35:00	0.2421	0.2421	0.2421	0.3632	1.0896	1.6949	2.5424	2.5424	4235.0	2026-08-03 11:06:00	10	60	date_bound_bar_high_not_executable_price
scalp_trailing_take_profit	inferred	db_sell_price	26237	2026-08-03	420770	2026-08-03 10:06:55	report_observed_unverified	True	118200.0	1.66	False	ok	20260803	420770_AL	1800	True	False	580	2026-08-03 08:00:00	2026-08-03 19:59:00	470	2026-08-03 19:59:00	4.5685	4.5685	4.5685	4.5685	4.5685	4.5685	4.5685	4.5685	123600.0	2026-08-03 10:07:00	10	60	date_bound_bar_high_not_executable_price
scalp_trailing_take_profit	inferred	db_sell_price	26140	2026-08-03	087010	2026-08-03 09:59:26	report_observed_unverified	True	145000.0	0.53	False	ok	20260803	087010_AL	1800	True	False	628	2026-08-03 08:00:00	2026-08-03 19:59:00	518	2026-08-03 19:59:00	2.4138	2.6207	2.6207	2.6207	2.6207	2.6207	13.2414	14.5517	166100.0	2026-08-03 11:11:00	10	60	date_bound_bar_high_not_executable_price
scalp_trailing_take_profit	inferred	db_sell_price	26321	2026-08-03	475150	2026-08-03 09:47:16	report_observed_unverified	True	43800.0	-0.23	False	ok	20260803	475150_AL	1800	True	False	382	2026-08-03 09:00:00	2026-08-03 15:35:00	334	2026-08-03 15:35:00	0.4566	0.9132	0.9132	1.3699	8.79	8.79	8.79	10.274	48300.0	2026-08-03 11:12:00	10	60	date_bound_bar_high_not_executable_price
scalp_trailing_take_profit	inferred	db_sell_price	26323	2026-08-03	199430	2026-08-03 09:32:54	report_observed_unverified	True	16310.0	3.25	False	ok	20260803	199430_AL	1800	True	False	379	2026-08-03 09:00:00	2026-08-03 15:35:00	348	2026-08-03 15:35:00	-1.0423	-1.0423	-1.0423	-1.0423	-1.0423	-1.0423	-1.0423	-1.0423	16140.0	2026-08-03 09:33:00	10	60	date_bound_bar_high_not_executable_price
scalp_trailing_take_profit	inferred	db_sell_price	26293	2026-08-03	010120	2026-08-03 09:08:16	report_observed_unverified	True	186600.0	3.14	False	ok	20260803	010120_AL	1800	True	False	691	2026-08-03 08:00:00	2026-08-03 19:59:00	633	2026-08-03 19:59:00	0.1072	0.1072	0.1072	2.0364	2.0364	2.0364	2.8403	2.8939	192000.0	2026-08-03 11:20:00	10	60	date_bound_bar_high_not_executable_price
scalp_trailing_take_profit	inferred	db_sell_price	26163	2026-08-03	108490	2026-08-03 08:34:36	report_observed_unverified	True	190900.0	-0.02	False	ok	20260803	108490_AL	1800	True	False	692	2026-08-03 08:00:00	2026-08-03 19:59:00	657	2026-08-03 19:59:00	0.2619	0.3667	0.3667	0.3667	0.3667	0.3667	3.6145	20.0891	229250.0	2026-08-03 11:23:00	10	50	date_bound_bar_high_not_executable_price
scalp_trailing_take_profit	inferred	db_sell_price	26170	2026-08-03	475400	2026-08-03 08:20:30	report_observed_unverified	True	20200.0	0.87	False	ok	20260803	475400_AL	1800	True	False	658	2026-08-03 08:00:00	2026-08-03 19:59:00	637	2026-08-03 19:59:00	0.9901	0.9901	2.4752	2.4752	2.4752	2.4752	2.4752	2.4752	20700.0	2026-08-03 08:24:00	10	50	date_bound_bar_high_not_executable_price
scalp_trailing_take_profit	inferred	db_sell_price	26164	2026-08-03	459510	2026-08-03 08:17:40	report_observed_unverified	True	14900.0	3.31	False	ok	20260803	459510_AL	1800	True	False	692	2026-08-03 08:00:00	2026-08-03 19:59:00	674	2026-08-03 19:59:00	-0.7383	-0.7383	-0.4698	3.6913	3.6913	3.6913	3.6913	19.7987	17850.0	2026-08-03 18:11:00	10	50	date_bound_bar_high_not_executable_price
scalp_trailing_take_profit	inferred	db_sell_price	26158	2026-08-03	000500	2026-08-03 08:13:23	report_observed_unverified	True	131300.0	0.15	False	ok	20260803	000500_AL	1800	True	False	690	2026-08-03 08:00:00	2026-08-03 19:59:00	676	2026-08-03 19:59:00	0.6093	0.9139	0.9139	0.9139	0.9139	0.9139	1.0663	8.1493	142000.0	2026-08-03 11:41:00	10	50	date_bound_bar_high_not_executable_price
scalp_trailing_take_profit	inferred	db_sell_price	26145	2026-08-03	484810	2026-08-03 08:05:53	report_observed_unverified	True	14690.0	-0.23	False	ok	20260803	484810_AL	1800	True	False	563	2026-08-03 08:00:00	2026-08-03 19:56:00	557	2026-08-03 19:56:00	1.2934	4.629	5.9224	8.305	15.5888	15.5888	16.2015	18.7883	17450.0	2026-08-03 09:18:00	10	50	date_bound_bar_high_not_executable_price
scalp_trailing_take_profit	inferred	db_sell_price	27041	2026-08-04	108860	2026-08-04 11:03:05	report_observed_unverified	True	11060.0	-0.32	False	ok	20260804	108860_AL	1800	True	False	692	2026-08-04 08:00:00	2026-08-04 19:59:00	518	2026-08-04 19:59:00	0.7233	0.7233	0.7233	0.7233	0.8137	0.8137	0.8137	0.8137	11150.0	2026-08-04 11:17:00	10	60	date_bound_bar_high_not_executable_price
scalp_trailing_take_profit	inferred	db_sell_price	27180	2026-08-04	459550	2026-08-04 10:57:57	report_observed_unverified	True	1534.0	2.03	False	ok	20260804	459550_AL	1800	True	False	380	2026-08-04 09:00:00	2026-08-04 15:35:00	262	2026-08-04 15:35:00	6.3885	6.8449	7.8227	12.7771	13.0378	13.0378	13.0378	24.4459	1909.0	2026-08-04 14:53:00	9	59	date_bound_bar_high_not_executable_price
scalp_trailing_take_profit	inferred	db_sell_price	27043	2026-08-04	402030	2026-08-04 10:43:53	report_observed_unverified	True	16710.0	0.7	False	ok	20260804	402030_AL	1800	True	False	666	2026-08-04 08:00:00	2026-08-04 19:59:00	513	2026-08-04 19:59:00	0.0	0.2992	0.2992	0.2992	0.4788	0.4788	0.6583	2.3339	17100.0	2026-08-04 14:06:00	10	60	date_bound_bar_high_not_executable_price
scalp_trailing_take_profit	inferred	db_sell_price	27107	2026-08-04	194700	2026-08-04 10:27:16	report_observed_unverified	True	14900.0	0.31	False	ok	20260804	194700_AL	1800	True	False	465	2026-08-04 08:08:00	2026-08-04 19:59:00	358	2026-08-04 19:59:00	-0.0671	0.2685	0.4027	0.604	0.9396	0.9396	0.9396	0.9396	15040.0	2026-08-04 10:47:00	10	60	date_bound_bar_high_not_executable_price
scalp_trailing_take_profit	inferred	db_sell_price	27262	2026-08-04	452280	2026-08-04 10:19:27	report_observed_unverified	True	12020.0	0.86	False	ok	20260804	452280_AL	1800	True	False	381	2026-08-04 09:00:00	2026-08-04 15:35:00	302	2026-08-04 15:35:00	0.416	0.9151	1.5807	2.995	3.9101	3.9101	3.9101	5.4077	12670.0	2026-08-04 11:40:00	10	60	date_bound_bar_high_not_executable_price
scalp_trailing_take_profit	inferred	db_sell_price	27214	2026-08-04	484810	2026-08-04 10:08:34	report_observed_unverified	True	16620.0	0.19	False	ok	20260804	484810_AL	1800	True	False	692	2026-08-04 08:00:00	2026-08-04 19:59:00	573	2026-08-04 19:59:00	0.1203	0.6017	0.6017	0.6017	0.9627	0.9627	0.9627	6.799	17750.0	2026-08-04 15:59:00	10	60	date_bound_bar_high_not_executable_price
scalp_trailing_take_profit	inferred	db_sell_price	27121	2026-08-04	322000	2026-08-04 09:53:11	report_observed_unverified	True	141300.0	1.28	False	ok	20260804	322000_AL	1800	True	False	382	2026-08-04 09:00:00	2026-08-04 15:35:00	328	2026-08-04 15:35:00	0.9908	0.9908	0.9908	0.9908	0.9908	0.9908	0.9908	0.9908	142700.0	2026-08-04 09:54:00	10	60	date_bound_bar_high_not_executable_price
scalp_trailing_take_profit	inferred	db_sell_price	27158	2026-08-04	105840	2026-08-04 09:26:51	report_observed_unverified	True	15010.0	1.19	False	ok	20260804	105840_AL	1800	True	False	358	2026-08-04 09:00:00	2026-08-04 15:35:00	332	2026-08-04 15:35:00	0.4664	2.2652	2.2652	2.2652	2.2652	2.2652	2.2652	2.2652	15350.0	2026-08-04 09:29:00	10	60	date_bound_bar_high_not_executable_price
scalp_trailing_take_profit	inferred	db_sell_price	27123	2026-08-04	484810	2026-08-04 09:25:00	report_observed_unverified	True	16520.0	-0.35	False	ok	20260804	484810_AL	1800	True	False	692	2026-08-04 08:00:00	2026-08-04 19:59:00	616	2026-08-04 19:59:00	0.4237	0.4237	0.4237	0.4237	0.4237	0.8475	1.5738	7.4455	17750.0	2026-08-04 15:59:00	10	60	date_bound_bar_high_not_executable_price
scalp_trailing_take_profit	inferred	db_sell_price	27077	2026-08-04	328130	2026-08-04 09:08:02	report_observed_unverified	True	10610.0	2.38	False	ok	20260804	328130_AL	1800	True	False	615	2026-08-04 08:00:00	2026-08-04 19:59:00	556	2026-08-04 19:59:00	0.8483	0.9425	1.3195	1.3195	4.147	4.147	4.147	4.147	11050.0	2026-08-04 09:24:00	10	60	date_bound_bar_high_not_executable_price
scalp_trailing_take_profit	inferred	db_sell_price	31631	2026-08-13	387690	2026-08-13 15:14:33	report_observed_unverified	True	10250.0	0.95	False	ok	20260813	387690_AL	1800	True	False	381	2026-08-13 09:00:00	2026-08-13 15:35:00	7	2026-08-13 15:35:00	1.0732	1.1707	1.1707	1.1707	1.1707	1.1707	1.1707	1.1707	10370.0	2026-08-13 15:16:00	5	7	date_bound_bar_high_not_executable_price
scalp_trailing_take_profit	inferred	db_sell_price	31484	2026-08-13	090460	2026-08-13 13:45:59	report_observed_unverified	True	19690.0	1.63	False	ok	20260813	090460_AL	1800	True	False	692	2026-08-13 08:00:00	2026-08-13 19:59:00	356	2026-08-13 19:59:00	0.3555	0.7618	0.7618	0.7618	1.2189	1.2189	1.2189	1.2189	19930.0	2026-08-13 13:58:00	10	60	date_bound_bar_high_not_executable_price
scalp_trailing_take_profit	inferred	db_sell_price	32292	2026-08-14	019210	2026-08-14 15:17:07	report_observed_unverified	True	18320.0	0.87	False	ok	20260814	019210_AL	1800	True	False	382	2026-08-14 09:00:00	2026-08-14 15:35:00	4	2026-08-14 15:35:00	0.0546	0.1092	0.1092	0.1092	0.1092	0.1092	0.1092	0.1092	18340.0	2026-08-14 15:19:00	2	4	date_bound_bar_high_not_executable_price
scalp_trailing_take_profit	inferred	db_sell_price	32279	2026-08-14	125490	2026-08-14 12:56:53	report_observed_unverified	True	13250.0	0.3	False	ok	20260814	125490_AL	1800	True	False	380	2026-08-14 09:00:00	2026-08-14 15:35:00	145	2026-08-14 15:35:00	0.3774	0.6792	0.8302	1.7358	1.7358	1.7358	1.7358	1.7358	13480.0	2026-08-14 13:05:00	10	60	date_bound_bar_high_not_executable_price
scalp_trailing_take_profit	inferred	db_sell_price	32227	2026-08-14	125490	2026-08-14 12:53:42	report_observed_unverified	True	13170.0	1.86	False	ok	20260814	125490_AL	1800	True	False	380	2026-08-14 09:00:00	2026-08-14 15:35:00	148	2026-08-14 15:35:00	0.2278	1.1769	1.2908	1.4427	2.3538	2.3538	2.3538	2.3538	13480.0	2026-08-14 13:05:00	10	60	date_bound_bar_high_not_executable_price
scalp_trailing_take_profit	inferred	db_sell_price	32002	2026-08-14	125490	2026-08-14 11:59:51	report_observed_unverified	True	12970.0	0.23	False	ok	20260814	125490_AL	1800	True	False	380	2026-08-14 09:00:00	2026-08-14 15:35:00	202	2026-08-14 15:35:00	0.9252	0.9252	0.9252	0.9252	0.9252	0.9252	2.8527	3.9322	13480.0	2026-08-14 13:05:00	10	60	date_bound_bar_high_not_executable_price
scalp_trailing_take_profit	inferred	db_sell_price	32701	2026-08-18	419050	2026-08-18 10:41:19	report_observed_unverified	True	1837.0	-0.22	False	ok	20260818	419050_AL	1800	True	False	379	2026-08-18 09:00:00	2026-08-18 15:35:00	277	2026-08-18 15:35:00	-0.3811	-0.3811	-0.3811	-0.3811	-0.3811	-0.3811	-0.3811	-0.3811	1830.0	2026-08-18 10:42:00	10	60	date_bound_bar_high_not_executable_price
scalp_trailing_take_profit	inferred	db_sell_price	32661	2026-08-18	322000	2026-08-18 10:10:09	report_observed_unverified	True	128700.0	0.32	False	ok	20260818	322000_AL	1800	True	False	382	2026-08-18 09:00:00	2026-08-18 15:35:00	311	2026-08-18 15:35:00	0.0	0.4662	1.0878	1.0878	1.3209	1.3986	1.3986	1.3986	130500.0	2026-08-18 10:31:00	10	60	date_bound_bar_high_not_executable_price
scalp_trailing_take_profit	inferred	db_sell_price	33175	2026-08-19	001550	2026-08-19 13:46:38	report_observed_unverified	True	12830.0	0.87	False	ok	20260819	001550_AL	1800	True	False	372	2026-08-19 09:00:00	2026-08-19 15:35:00	94	2026-08-19 15:35:00	0.2338	0.2338	0.2338	2.5721	6.0016	6.0016	6.781	6.781	13700.0	2026-08-19 14:25:00	9	59	date_bound_bar_high_not_executable_price
scalp_trailing_take_profit	inferred	post_sell_candidate	32997	2026-08-19	101730	2026-08-19 12:58:03	report_observed_unverified	False	4610.0	0.44	False	ok	20260819	101730_AL	1800	True	False	692	2026-08-19 08:00:00	2026-08-19 19:59:00	403	2026-08-19 19:59:00	-0.2169	-0.2169	0.1085	1.1931	1.1931	3.0369	3.0369	11.7137	5150.0	2026-08-19 14:50:00	10	60	date_bound_bar_high_not_executable_price
scalp_trailing_take_profit	inferred	post_sell_candidate	33072	2026-08-19	264850	2026-08-19 11:26:50	report_observed_unverified	False	6780.0	0.44	False	ok	20260819	264850_AL	1800	True	False	381	2026-08-19 09:00:00	2026-08-19 15:35:00	235	2026-08-19 15:35:00	-0.295	-0.295	-0.295	-0.295	-0.295	-0.295	-0.295	-0.295	6760.0	2026-08-19 11:27:00	10	60	date_bound_bar_high_not_executable_price
scalp_trailing_take_profit	inferred	post_sell_candidate	32964	2026-08-19	114840	2026-08-19 10:28:16	report_observed_unverified	False	9340.0	0.76	False	ok	20260819	114840_AL	1800	True	False	595	2026-08-19 08:01:00	2026-08-19 19:59:00	459	2026-08-19 19:59:00	1.3919	1.3919	1.3919	1.3919	1.4989	1.4989	1.4989	1.4989	9480.0	2026-08-19 10:39:00	10	58	date_bound_bar_high_not_executable_price
scalp_trailing_take_profit	inferred	missing	33067	2026-08-19	317400		missing	False	0.0	0.0	False	not_fetched	20260819																						sell_time_or_price_missing
scalp_trailing_take_profit	inferred	db_sell_price	33440	2026-08-20	237690	2026-08-20 13:50:53	report_observed_unverified	True	114100.0	0.83	False	ok	20260820	237690_AL	1800	True	False	687	2026-08-20 08:00:00	2026-08-20 19:59:00	351	2026-08-20 19:59:00	1.4023	1.4023	1.4023	1.4023	1.4023	2.6293	2.6293	2.6293	117100.0	2026-08-20 14:20:00	10	60	date_bound_bar_high_not_executable_price
scalp_trailing_take_profit	inferred	db_sell_price	33766	2026-08-20	387690	2026-08-20 13:29:44	report_observed_unverified	True	13370.0	1.05	False	ok	20260820	387690_AL	1800	True	False	379	2026-08-20 09:00:00	2026-08-20 15:35:00	109	2026-08-20 15:35:00	0.5984	1.1967	2.8422	2.8422	3.1414	8.003	20.5684	20.5684	16120.0	2026-08-20 14:12:00	10	57	date_bound_bar_high_not_executable_price
scalp_trailing_take_profit	inferred	db_sell_price	33654	2026-08-20	059090	2026-08-20 13:16:55	report_observed_unverified	True	18380.0	0.21	False	ok	20260820	059090_AL	1800	True	False	632	2026-08-20 08:00:00	2026-08-20 19:59:00	326	2026-08-20 19:59:00	0.3808	0.4353	0.4897	0.4897	0.4897	0.5985	0.5985	1.6866	18690.0	2026-08-20 19:16:00	10	60	date_bound_bar_high_not_executable_price
scalp_trailing_take_profit	inferred	db_sell_price	33569	2026-08-20	000660	2026-08-20 13:16:53	report_observed_unverified	True	1712000.0	0.53	False	ok	20260820	000660_AL	1800	True	False	692	2026-08-20 08:00:00	2026-08-20 19:59:00	385	2026-08-20 19:59:00	0.3505	0.5257	0.5257	0.5257	0.5257	0.5257	0.5257	0.5257	1721000.0	2026-08-20 13:19:00	10	60	date_bound_bar_high_not_executable_price
scalp_trailing_take_profit	inferred	db_sell_price	33470	2026-08-20	064260	2026-08-20 13:03:54	report_observed_unverified	True	5220.0	0.35	False	ok	20260820	064260_AL	1800	True	False	381	2026-08-20 09:00:00	2026-08-20 15:35:00	138	2026-08-20 15:35:00	0.3831	0.3831	0.5747	0.7663	0.7663	0.7663	0.7663	0.7663	5260.0	2026-08-20 13:09:00	10	60	date_bound_bar_high_not_executable_price
scalp_trailing_take_profit	inferred	db_sell_price	33388	2026-08-20	124500	2026-08-20 12:52:56	report_observed_unverified	True	31400.0	1.71	False	ok	20260820	124500_AL	1800	True	False	692	2026-08-20 08:00:00	2026-08-20 19:59:00	409	2026-08-20 19:59:00	0.3185	0.3185	0.3185	0.3185	0.3185	1.1146	1.1146	5.5732	33150.0	2026-08-20 19:39:00	10	60	date_bound_bar_high_not_executable_price
scalp_trailing_take_profit	inferred	db_sell_price	33703	2026-08-20	299660	2026-08-20 12:12:19	report_observed_unverified	True	1934.0	0.26	False	ok	20260820	299660_AL	1800	True	False	378	2026-08-20 09:02:00	2026-08-20 15:35:00	189	2026-08-20 15:35:00	0.3102	0.3102	0.3102	0.3102	0.3102	0.3102	0.3102	0.3102	1940.0	2026-08-20 12:13:00	10	60	date_bound_bar_high_not_executable_price
scalp_trailing_take_profit	inferred	db_sell_price	33537	2026-08-20	002990	2026-08-20 11:31:14	report_observed_unverified	True	15425.0	0.52	False	ok	20260820	002990_AL	1800	True	False	379	2026-08-20 09:00:00	2026-08-20 15:35:00	228	2026-08-20 15:35:00	1.7828	2.3663	3.0146	3.0794	3.5981	3.5981	3.5981	6.1912	16380.0	2026-08-20 13:11:00	8	58	date_bound_bar_high_not_executable_price
scalp_trailing_take_profit	inferred	db_sell_price	33493	2026-08-20	299660	2026-08-20 11:14:44	report_observed_unverified	True	1911.0	1.27	False	ok	20260820	299660_AL	1800	True	False	378	2026-08-20 09:02:00	2026-08-20 15:35:00	247	2026-08-20 15:35:00	1.5175	1.5175	1.5175	1.5175	1.5175	1.5175	1.6222	1.6222	1942.0	2026-08-20 12:10:00	10	60	date_bound_bar_high_not_executable_price
scalp_trailing_take_profit	inferred	db_sell_price	33629	2026-08-20	091590	2026-08-20 10:21:29	report_observed_unverified	True	6300.0	0.74	False	ok	20260820	091590_AL	1800	True	False	377	2026-08-20 09:00:00	2026-08-20 15:35:00	295	2026-08-20 15:35:00	0.6349	0.7937	0.7937	0.7937	0.7937	0.7937	10.3175	16.0317	7310.0	2026-08-20 13:19:00	9	58	date_bound_bar_high_not_executable_price
scalp_trailing_take_profit	inferred	db_sell_price	34057	2026-08-21	001210	2026-08-21 15:10:40	report_observed_unverified	True	8140.0	0.14	False	ok	20260821	001210_AL	1800	True	False	379	2026-08-21 09:00:00	2026-08-21 15:35:00	11	2026-08-21 15:35:00	0.9828	1.8428	2.7027	3.6855	3.6855	3.6855	3.6855	3.6855	8440.0	2026-08-21 15:16:00	9	11	date_bound_bar_high_not_executable_price
scalp_trailing_take_profit	inferred	db_sell_price	34080	2026-08-21	002990	2026-08-21 10:48:53	report_observed_unverified	True	16730.0	1.16	False	ok	20260821	002990_AL	1800	True	False	380	2026-08-21 09:00:00	2026-08-21 15:35:00	272	2026-08-21 15:35:00	0.1195	0.1195	0.1195	0.1195	0.1195	0.1195	0.1195	0.1195	16750.0	2026-08-21 10:49:00	10	59	date_bound_bar_high_not_executable_price
scalp_trailing_take_profit	inferred	db_sell_price	34017	2026-08-21	475560	2026-08-21 10:46:11	report_observed_unverified	True	18770.0	0.31	False	ok	20260821	475560_AL	1800	True	False	692	2026-08-21 08:00:00	2026-08-21 19:59:00	535	2026-08-21 19:59:00	-0.1598	-0.1598	-0.1598	-0.1598	-0.1598	-0.1598	0.3197	4.4219	19600.0	2026-08-21 15:41:00	10	60	date_bound_bar_high_not_executable_price
scalp_trailing_take_profit	inferred	db_sell_price	34172	2026-08-21	153890	2026-08-21 10:42:34	report_observed_unverified	True	13860.0	1.53	False	ok	20260821	153890_AL	1800	True	False	381	2026-08-21 09:00:00	2026-08-21 15:35:00	278	2026-08-21 15:35:00	-0.938	-0.938	-0.938	-0.938	-0.938	-0.0722	3.1746	7.9004	14955.0	2026-08-21 11:58:00	10	59	date_bound_bar_high_not_executable_price
scalp_trailing_take_profit	inferred	db_sell_price	34204	2026-08-21	001550	2026-08-21 10:41:47	report_observed_unverified	True	11900.0	-0.64	False	ok	20260821	001550_AL	1800	True	False	371	2026-08-21 09:00:00	2026-08-21 15:35:00	270	2026-08-21 15:35:00	1.2605	1.2605	1.2605	1.2605	1.2605	1.2605	1.2605	1.2605	12050.0	2026-08-21 10:42:00	10	58	date_bound_bar_high_not_executable_price
scalp_trailing_take_profit	inferred	db_sell_price	34200	2026-08-21	237880	2026-08-21 10:37:59	report_observed_unverified	True	13010.0	-0.15	False	ok	20260821	237880_AL	1800	True	False	609	2026-08-21 08:00:00	2026-08-21 19:59:00	461	2026-08-21 19:59:00	0.0769	0.0769	0.0769	1.0761	1.0761	1.0761	1.0761	1.0761	13150.0	2026-08-21 10:43:00	10	60	date_bound_bar_high_not_executable_price
scalp_trailing_take_profit	inferred	db_sell_price	34130	2026-08-21	001550	2026-08-21 10:33:16	report_observed_unverified	True	11980.0	0.52	False	ok	20260821	001550_AL	1800	True	False	371	2026-08-21 09:00:00	2026-08-21 15:35:00	277	2026-08-21 15:35:00	0.0835	0.5008	0.5008	1.1686	1.1686	1.1686	1.1686	1.1686	12120.0	2026-08-21 10:39:00	9	57	date_bound_bar_high_not_executable_price
scalp_trailing_take_profit	inferred	db_sell_price	34129	2026-08-21	153890	2026-08-21 10:02:15	report_observed_unverified	True	13840.0	1.08	False	ok	20260821	153890_AL	1800	True	False	381	2026-08-21 09:00:00	2026-08-21 15:35:00	318	2026-08-21 15:35:00	1.8064	1.8064	1.8064	1.8064	1.8064	1.8064	1.8064	8.0564	14955.0	2026-08-21 11:58:00	10	60	date_bound_bar_high_not_executable_price
scalp_trailing_take_profit	inferred	db_sell_price	34132	2026-08-21	003350	2026-08-21 09:44:02	report_observed_unverified	True	10970.0	-0.05	False	ok	20260821	003350_AL	1800	True	False	378	2026-08-21 09:00:00	2026-08-21 15:35:00	333	2026-08-21 15:35:00	0.0912	0.0912	0.0912	0.0912	0.0912	0.3646	1.9143	1.9143	11180.0	2026-08-21 10:20:00	10	60	date_bound_bar_high_not_executable_price
scalp_trailing_take_profit	inferred	db_sell_price	34085	2026-08-21	006660	2026-08-21 09:17:18	report_observed_unverified	True	15590.0	0.61	False	ok	20260821	006660_AL	1800	True	False	379	2026-08-21 09:00:00	2026-08-21 15:35:00	361	2026-08-21 15:35:00	0.1924	0.7056	0.7056	2.245	3.6562	3.6562	3.6562	3.6562	16160.0	2026-08-21 09:33:00	10	59	date_bound_bar_high_not_executable_price
scalp_trailing_take_profit	inferred	db_sell_price	34702	2026-08-24	003350	2026-08-24 14:10:27	report_observed_unverified	True	11860.0	0.71	False	ok	20260824	003350_AL	1800	True	False	381	2026-08-24 09:00:00	2026-08-24 15:35:00	71	2026-08-24 15:35:00	1.0961	1.0961	1.0961	1.0961	1.0961	1.0961	1.0961	1.0961	11990.0	2026-08-24 14:11:00	10	60	date_bound_bar_high_not_executable_price
scalp_trailing_take_profit	inferred	db_sell_price	34524	2026-08-24	249420	2026-08-24 13:32:05	report_observed_unverified	True	15480.0	0.29	False	ok	20260824	249420_AL	1800	True	False	689	2026-08-24 08:03:00	2026-08-24 19:59:00	369	2026-08-24 19:59:00	-0.1938	-0.1938	-0.1938	-0.1938	-0.1938	-0.1938	-0.1938	1.0982	15650.0	2026-08-24 16:11:00	10	60	date_bound_bar_high_not_executable_price
scalp_trailing_take_profit	inferred	db_sell_price	34639	2026-08-24	003350	2026-08-24 09:56:15	report_observed_unverified	True	11720.0	0.37	False	ok	20260824	003350_AL	1800	True	False	381	2026-08-24 09:00:00	2026-08-24 15:35:00	324	2026-08-24 15:35:00	1.1092	1.1092	1.1092	1.1092	1.1092	1.1092	1.1092	2.3038	11990.0	2026-08-24 14:11:00	10	60	date_bound_bar_high_not_executable_price
scalp_trailing_take_profit	inferred	db_sell_price	34620	2026-08-24	003530	2026-08-24 09:45:26	report_observed_unverified	True	5070.0	0.36	False	ok	20260824	003530_AL	1800	True	False	382	2026-08-24 09:00:00	2026-08-24 15:35:00	336	2026-08-24 15:35:00	-0.1972	0.1972	0.9862	0.9862	1.9724	1.9724	4.142	4.142	5280.0	2026-08-24 10:16:00	10	60	date_bound_bar_high_not_executable_price
scalp_trailing_take_profit	inferred	db_sell_price	35220	2026-08-25	484810	2026-08-25 16:28:27	report_observed_unverified	True	15480.0	0.22	False	ok	20260825	484810_AL	1800	True	False	692	2026-08-25 08:00:00	2026-08-25 19:59:00	211	2026-08-25 19:59:00	0.1938	0.323	0.323	0.323	0.323	0.323	0.323	0.323	15530.0	2026-08-25 16:30:00	10	60	date_bound_bar_high_not_executable_price
scalp_trailing_take_profit	inferred	post_sell_candidate	35596	2026-08-25	080580	2026-08-25 14:41:33	report_observed_unverified	False	19270.0	0.84	False	ok	20260825	080580_AL	1800	True	False	380	2026-08-25 09:00:00	2026-08-25 15:35:00	39	2026-08-25 15:35:00	0.3633	0.3633	0.3633	0.4152	0.6746	0.6746	0.6746	0.6746	19400.0	2026-08-25 14:54:00	10	39	date_bound_bar_high_not_executable_price
scalp_trailing_take_profit	inferred	db_sell_price	35399	2026-08-25	080580	2026-08-25 14:18:36	report_observed_unverified	True	19100.0	1.04	False	ok	20260825	080580_AL	1800	True	False	380	2026-08-25 09:00:00	2026-08-25 15:35:00	62	2026-08-25 15:35:00	0.1571	0.1571	0.5236	0.5236	1.0471	1.3089	1.5707	1.5707	19400.0	2026-08-25 14:54:00	10	59	date_bound_bar_high_not_executable_price
scalp_trailing_take_profit	inferred	db_sell_price	35391	2026-08-25	059090	2026-08-25 11:38:45	report_observed_unverified	True	18780.0	0.41	False	ok	20260825	059090_AL	1800	True	False	651	2026-08-25 08:00:00	2026-08-25 19:59:00	447	2026-08-25 19:59:00	0.4792	0.4792	0.9585	0.9585	0.9585	1.9702	3.7806	5.2716	19770.0	2026-08-25 15:01:00	10	60	date_bound_bar_high_not_executable_price
scalp_trailing_take_profit	inferred	db_sell_price	35225	2026-08-25	052690	2026-08-25 10:57:41	report_observed_unverified	True	101200.0	1.07	False	ok	20260825	052690_AL	1800	True	False	691	2026-08-25 08:00:00	2026-08-25 19:59:00	524	2026-08-25 19:59:00	0.0988	0.0988	0.0988	0.0988	0.0988	0.0988	0.0988	10.2767	111600.0	2026-08-25 14:03:00	10	60	date_bound_bar_high_not_executable_price
scalp_trailing_take_profit	inferred	db_sell_price	35355	2026-08-25	000720	2026-08-25 10:54:45	report_observed_unverified	True	116700.0	0.2	False	ok	20260825	000720_AL	1800	True	False	692	2026-08-25 08:00:00	2026-08-25 19:59:00	527	2026-08-25 19:59:00	0.2571	0.2571	0.2571	0.2571	0.2571	1.5424	2.0566	5.0557	122600.0	2026-08-25 12:36:00	10	60	date_bound_bar_high_not_executable_price
scalp_trailing_take_profit	inferred	db_sell_price	35224	2026-08-25	000720	2026-08-25 09:35:35	report_observed_unverified	True	114600.0	-0.23	False	ok	20260825	000720_AL	1800	True	False	692	2026-08-25 08:00:00	2026-08-25 19:59:00	606	2026-08-25 19:59:00	0.4363	1.4834	2.2688	2.2688	2.2688	2.2688	2.2688	6.9808	122600.0	2026-08-25 12:36:00	10	60	date_bound_bar_high_not_executable_price
scalp_trailing_take_profit	inferred	db_sell_price	35317	2026-08-25	356860	2026-08-25 09:28:31	report_observed_unverified	True	35150.0	0.92	False	ok	20260825	356860_AL	1800	True	False	691	2026-08-25 08:00:00	2026-08-25 19:59:00	612	2026-08-25 19:59:00	0.4267	0.4267	0.4267	1.4225	1.4225	2.1337	2.4182	12.9445	39700.0	2026-08-25 15:46:00	10	60	date_bound_bar_high_not_executable_price
scalp_trailing_take_profit	inferred	db_sell_price	36518	2026-08-27	950260	2026-08-27 12:50:37	report_observed_unverified	True	18040.0	1.23	False	ok	20260827	950260_AL	1800	True	False	382	2026-08-27 09:00:00	2026-08-27 15:35:00	151	2026-08-27 15:35:00	0.4435	0.5543	0.5543	0.7206	1.9401	1.9401	1.9401	1.9401	18390.0	2026-08-27 13:06:00	10	60	date_bound_bar_high_not_executable_price
scalp_trailing_take_profit	inferred	db_sell_price	37040	2026-08-28	003350	2026-08-28 10:30:02	report_observed_unverified	True	14450.0	0.12	False	ok	20260828	003350_AL	1800	True	False	380	2026-08-28 09:00:00	2026-08-28 15:35:00	289	2026-08-28 15:35:00	1.5225	2.4913	2.9758	2.9758	2.9758	4.9827	5.7439	5.7439	15280.0	2026-08-28 11:19:00	8	58	date_bound_bar_high_not_executable_price
scalp_trailing_take_profit	inferred	db_sell_price	36974	2026-08-28	001820	2026-08-28 10:18:38	report_observed_unverified	True	115500.0	0.73	False	ok	20260828	001820_AL	1800	True	False	382	2026-08-28 09:00:00	2026-08-28 15:35:00	303	2026-08-28 15:35:00	0.6061	0.7792	0.7792	0.7792	0.7792	0.7792	0.7792	0.7792	116400.0	2026-08-28 10:21:00	10	60	date_bound_bar_high_not_executable_price
scalp_trailing_take_profit	inferred	db_sell_price	37706	2026-08-31	484870	2026-08-31 09:25:31	report_observed_unverified	True	18380.0	-0.07	False	ok	20260831	484870_AL	1800	True	False	688	2026-08-31 08:00:00	2026-08-31 19:59:00	612	2026-08-31 19:59:00	2.1763	4.4614	5.3319	5.3319	5.5495	6.3112	6.3112	6.3112	19540.0	2026-08-31 09:54:00	10	60	date_bound_bar_high_not_executable_price
scalp_trailing_take_profit	inferred	db_sell_price	37595	2026-08-31	484870	2026-08-31 09:19:08	report_observed_unverified	True	18350.0	1.88	False	ok	20260831	484870_AL	1800	True	False	688	2026-08-31 08:00:00	2026-08-31 19:59:00	618	2026-08-31 19:59:00	0.545	0.545	0.9809	5.1226	5.5041	5.7221	6.485	6.485	19540.0	2026-08-31 09:54:00	10	60	date_bound_bar_high_not_executable_price
scalp_trailing_take_profit	inferred	db_sell_price	38279	2026-09-01	950260	2026-09-01 13:36:51	report_observed_unverified	True	18720.0	1.29	False	ok	20260901	950260_AL	1800	True	False	381	2026-09-01 09:00:00	2026-09-01 15:35:00	104	2026-09-01 15:35:00	0.1603	0.1603	0.1603	0.1603	0.1603	0.7479	2.2436	3.5791	19390.0	2026-09-01 15:19:00	10	60	date_bound_bar_high_not_executable_price
scalp_trailing_take_profit	inferred	db_sell_price	38227	2026-09-01	001210	2026-09-01 10:12:51	report_observed_unverified	True	13260.0	0.08	False	ok	20260901	001210_AL	1800	True	False	382	2026-09-01 09:00:00	2026-09-01 15:35:00	309	2026-09-01 15:35:00	1.2821	3.9216	4.0724	4.0724	4.0724	4.0724	5.4299	5.4299	13980.0	2026-09-01 10:59:00	10	60	date_bound_bar_high_not_executable_price
scalp_trailing_take_profit	inferred	db_sell_price	39439	2026-09-03	100090	2026-09-03 10:38:39	report_observed_unverified	True	13470.0	2.12	False	ok	20260903	100090_AL	1800	True	False	381	2026-09-03 09:00:00	2026-09-03 15:35:00	283	2026-09-03 15:35:00	0.7424	2.1529	4.3801	6.0134	6.0134	6.0134	6.0134	6.0134	14280.0	2026-09-03 10:44:00	10	60	date_bound_bar_high_not_executable_price
scalp_trailing_take_profit	inferred	db_sell_price	39381	2026-09-03	096770	2026-09-03 09:59:08	report_observed_unverified	True	134400.0	0.29	False	ok	20260903	096770_AL	1800	True	False	691	2026-09-03 08:00:00	2026-09-03 19:59:00	581	2026-09-03 19:59:00	0.372	0.8185	1.3393	2.0833	2.0833	2.0833	2.0833	2.0833	137200.0	2026-09-03 10:07:00	10	60	date_bound_bar_high_not_executable_price
scalp_trailing_take_profit	inferred	db_sell_price	39930	2026-09-04	199430	2026-09-04 14:25:51	report_observed_unverified	True	19350.0	0.76	False	ok	20260904	199430_AL	1800	True	False	691	2026-09-04 08:00:00	2026-09-04 19:59:00	316	2026-09-04 19:59:00	0.0	0.0	0.0	0.0	0.0	2.6357	3.876	6.2016	20550.0	2026-09-04 15:49:00	10	54	date_bound_bar_high_not_executable_price
scalp_trailing_take_profit	inferred	db_sell_price	42193	2026-09-10	024060	2026-09-10 10:11:01	report_observed_unverified	True	15130.0	1.17	False	ok	20260910	024060_AL	1800	True	False	380	2026-09-10 09:00:00	2026-09-10 15:35:00	309	2026-09-10 15:35:00	1.4541	2.3133	3.6352	3.8334	3.8334	3.8334	3.8334	3.8334	15710.0	2026-09-10 10:18:00	9	59	date_bound_bar_high_not_executable_price
scalp_trailing_take_profit	inferred	db_sell_price	42263	2026-09-10	003280	2026-09-10 10:09:36	report_observed_unverified	True	1958.0	0.62	False	ok	20260910	003280_AL	1800	True	False	378	2026-09-10 09:00:00	2026-09-10 15:35:00	309	2026-09-10 15:35:00	3.1665	3.1665	5.2094	8.6313	11.0827	12.3596	12.3596	12.3596	2200.0	2026-09-10 10:36:00	10	59	date_bound_bar_high_not_executable_price
scalp_trailing_take_profit	inferred	db_sell_price	42219	2026-09-10	475040	2026-09-10 09:53:04	report_observed_unverified	True	3615.0	1.61	False	ok	20260910	475040_AL	1800	True	False	381	2026-09-10 09:00:00	2026-09-10 15:35:00	327	2026-09-10 15:35:00		2.4896	2.4896	2.4896	2.4896	2.4896	6.9156	8.852	3935.0	2026-09-10 13:40:00	9	59	date_bound_bar_high_not_executable_price
scalp_trailing_take_profit	inferred	db_sell_price	42977	2026-09-11	317400	2026-09-11 14:59:34	report_observed_unverified	True	11470.0	0.39	False	ok	20260911	317400_AL	1800	True	False	381	2026-09-11 09:00:00	2026-09-11 15:35:00	22	2026-09-11 15:35:00	0.1744	0.1744	0.1744	0.1744	0.1744	0.1744	0.1744	0.1744	11490.0	2026-09-11 15:00:00	10	22	date_bound_bar_high_not_executable_price
scalp_trailing_take_profit	inferred	db_sell_price	42912	2026-09-11	001210	2026-09-11 14:45:06	report_observed_unverified	True	12670.0	1.53	False	ok	20260911	001210_AL	1800	True	False	382	2026-09-11 09:00:00	2026-09-11 15:35:00	36	2026-09-11 15:35:00	-1.105	-0.3157	-0.3157	-0.3157	-0.3157	-0.3157	-0.3157	-0.3157	12630.0	2026-09-11 14:48:00	10	36	date_bound_bar_high_not_executable_price
scalp_trailing_take_profit	inferred	db_sell_price	42854	2026-09-11	047040	2026-09-11 14:38:29	report_observed_unverified	True	20050.0	1.49	False	ok	20260911	047040_AL	1800	True	False	382	2026-09-11 09:00:00	2026-09-11 15:35:00	43	2026-09-11 15:35:00	0.2494	0.2494	0.2494	0.2494	0.2494	0.2494	0.2494	0.2494	20100.0	2026-09-11 14:39:00	10	43	date_bound_bar_high_not_executable_price
scalp_trailing_take_profit	inferred	db_sell_price	42998	2026-09-11	003350	2026-09-11 13:12:55	report_observed_unverified	True	16210.0	1.08	False	ok	20260911	003350_AL	1800	True	False	380	2026-09-11 09:00:00	2026-09-11 15:35:00	129	2026-09-11 15:35:00	1.0487	1.0487	1.2338	1.789	1.789	1.789	4.38	4.38	16920.0	2026-09-11 13:56:00	10	60	date_bound_bar_high_not_executable_price
scalp_trailing_take_profit	inferred	db_sell_price	42867	2026-09-11	062970	2026-09-11 11:22:21	report_observed_unverified	True	2055.0	0.24	False	ok	20260911	062970_AL	1800	True	False	381	2026-09-11 09:00:00	2026-09-11 15:35:00	239	2026-09-11 15:35:00	0.2433	0.2433	0.2433	0.2433	0.2433	0.2433	0.2433	0.2433	2060.0	2026-09-11 11:23:00	10	60	date_bound_bar_high_not_executable_price
scalp_trailing_take_profit	inferred	db_sell_price	42879	2026-09-11	417840	2026-09-11 11:13:45	report_observed_unverified	True	16270.0	0.82	False	ok	20260911	417840_AL	1800	True	False	380	2026-09-11 09:00:00	2026-09-11 15:35:00	248	2026-09-11 15:35:00	0.799	0.799	0.799	1.4136	1.4136	1.4136	1.4136	1.4136	16500.0	2026-09-11 11:20:00	10	60	date_bound_bar_high_not_executable_price
scalp_trailing_take_profit	inferred	db_sell_price	42909	2026-09-11	019210	2026-09-11 10:16:36	report_observed_unverified	True	13910.0	0.42	False	ok	20260911	019210_AL	1800	True	False	382	2026-09-11 09:00:00	2026-09-11 15:35:00	305	2026-09-11 15:35:00	0.0719	0.0719	1.0065	1.0065	1.0065	1.0065	1.0065	1.0065	14050.0	2026-09-11 10:20:00	10	60	date_bound_bar_high_not_executable_price
scalp_trailing_take_profit	inferred	db_sell_price	43348	2026-09-14	003200	2026-09-14 12:38:52	report_observed_unverified	False	11850.0	-1.68	False	ok	20260914	003200_AL	1800	True	False	681	2026-09-14 08:00:00	2026-09-14 19:59:00	419	2026-09-14 19:59:00	0.4219	0.5907	0.5907	1.097	1.097	1.2658	1.2658	8.8608	12900.0	2026-09-14 16:46:00	10	59	date_bound_bar_high_not_executable_price
scalp_trailing_take_profit	inferred	db_sell_price	44107	2026-09-15	125490	2026-09-15 11:20:34	report_observed_unverified	False	11690.0	0.28	False	ok	20260915	125490_AL	1800	True	False	620	2026-09-15 09:00:00	2026-09-15 19:59:00	480	2026-09-15 19:59:00	0.0855	0.4277	0.4277	0.4277	0.4277	0.4277	0.4277	0.4277	11740.0	2026-09-15 11:22:00	10	60	date_bound_bar_high_not_executable_price
scalp_trailing_take_profit	inferred	db_sell_price	46813	2026-09-22	041190	2026-09-22 09:48:50	report_observed_unverified	False	6450.0	0.24	False	ok	20260922	041190_AL	1800	True	False	621	2026-09-22 09:00:00	2026-09-22 19:59:00	572	2026-09-22 19:59:00	0.155	0.6202	0.6202	0.6202	0.6202	0.6202	0.6202	0.6202	6490.0	2026-09-22 09:51:00	10	60	date_bound_bar_high_not_executable_price
scalp_trailing_take_profit	inferred	db_sell_price	46725	2026-09-22	222800	2026-09-22 09:41:04	report_observed_unverified	False	155400.0	1.37	False	ok	20260922	222800_AL	1800	True	False	692	2026-09-22 08:00:00	2026-09-22 19:59:00	600	2026-09-22 19:59:00	-0.3218	0.3218	0.3218	0.3218	0.3218	0.3218	0.3218	0.3218	155900.0	2026-09-22 09:44:00	10	60	date_bound_bar_high_not_executable_price
scalp_trailing_take_profit	inferred	db_sell_price	46798	2026-09-22	469610	2026-09-22 09:12:44	report_observed_unverified	False	16620.0	0.01	False	ok	20260922	469610_AL	1800	True	False	527	2026-09-22 08:00:00	2026-09-22 19:59:00	464	2026-09-22 19:59:00	0.0	0.0	0.0	0.0	0.8424	3.1889	3.1889	3.1889	17150.0	2026-09-22 09:38:00	10	60	date_bound_bar_high_not_executable_price
scalp_trailing_take_profit	inferred	db_sell_price	47677	2026-09-23	161890	2026-09-23 12:06:30	official_fid_908	True	149300.0	0.30774410774410776	True	ok	20260923	161890_AL	1800	True	False	655	2026-09-23 08:00:00	2026-09-23 19:59:00	418	2026-09-23 19:59:00	0.3349	0.3349	0.3349	0.4689	0.4689	0.4689	0.4689	0.4689	150000.0	2026-09-23 12:16:00	10	60	date_bound_bar_high_not_executable_price
scalp_trailing_take_profit	inferred	db_sell_price	47823	2026-09-23	355390	2026-09-23 10:58:43	official_fid_908	True	1534.0	-2.1739130434782608	True	ok	20260923	355390_AL	1800	True	False	391	2026-09-23 09:00:00	2026-09-23 19:57:00	284	2026-09-23 19:57:00	0.9778	2.5424	2.5424	2.5424	2.5424	2.5424	2.5424	2.5424	1573.0	2026-09-23 11:01:00	10	55	date_bound_bar_high_not_executable_price
scalp_trailing_take_profit	inferred	db_sell_price	47662	2026-09-23	079370	2026-09-23 10:17:21	official_fid_908	True	12780.0	-0.7704280155642024	True	ok	20260923	079370_AL	1800	True	False	590	2026-09-23 09:00:00	2026-09-23 19:59:00	513	2026-09-23 19:59:00	0.0782	0.0782	0.0782	0.0782	0.0782	0.0782	0.0782	3.5994	13240.0	2026-09-23 13:15:00	10	60	date_bound_bar_high_not_executable_price
scalp_trailing_take_profit	inferred	db_sell_price	47581	2026-09-23	003160	2026-09-23 09:40:54	official_fid_908	True	36600.0	0.5950413223140496	True	ok	20260923	003160_AL	1800	True	False	692	2026-09-23 08:00:00	2026-09-23 19:59:00	601	2026-09-23 19:59:00	0.1366	0.1366	0.1366	0.1366	0.1366	0.1366	0.1366	0.9563	36950.0	2026-09-23 17:05:00	10	60	date_bound_bar_high_not_executable_price
scalp_trailing_take_profit	inferred	db_sell_price	47714	2026-09-23	468530	2026-09-23 09:37:34	official_fid_908	True	46400.0	-0.23060344827586207	True	ok	20260923	468530_AL	1800	True	False	673	2026-09-23 08:02:00	2026-09-23 19:59:00	587	2026-09-23 19:59:00	0.7543	1.1853	1.1853	1.1853	2.3707	2.3707	2.3707	5.6034	49000.0	2026-09-23 11:19:00	10	60	date_bound_bar_high_not_executable_price
scalp_trailing_take_profit	inferred	db_sell_price	47531	2026-09-23	010060		missing	False	201000.0	2.79	False	not_fetched	20260923																						sell_time_or_price_missing
scalp_trailing_take_profit	inferred	db_sell_price	47515	2026-09-23	058610		missing	False	103400.0	0.45	False	not_fetched	20260923																						sell_time_or_price_missing
