record_id	code	entry_session	exit_session	entry_time	sell_time	profit_rate_pct	profit_band	sell_price	pre_sell_peak_high	pre_sell_peak_time	pre_sell_drawdown_pct	peak_state	post_sell_10m_high_ret_pct	post_sell_10m_ge1	add_count	position_tag
14824	084370	REGULAR	REGULAR	2026-07-01 12:29:58.512692	2026-07-01 13:12:14	1.66	1_to_2	215000.0	216500	2026-07-01 13:10:00	0.6928	pullback_0.4_to_0.8	0.2326	False	0	SCANNER
14819	006340	REGULAR	REGULAR	2026-07-01 12:33:18.022003	2026-07-01 12:54:13	2.47	2_plus	13085.0	13160	2026-07-01 12:52:00	0.5699	pullback_0.4_to_0.8	0.1146	False	0	SCANNER
14765	006340	REGULAR	REGULAR	2026-07-01 10:26:09.565202	2026-07-01 12:30:25	1.82	1_to_2	12810.0	13050	2026-07-01 10:27:00	1.8391	pullback_ge0.8	0.3123	False	1	SCANNER
14753	084370	REGULAR	REGULAR	2026-07-01 10:51:10.063438	2026-07-01 11:39:28	1.41	1_to_2	213000.0	216000	2026-07-01 10:53:00	1.3889	pullback_ge0.8	1.6432	True	1	SCANNER
14762	347700	REGULAR	REGULAR	2026-07-01 11:08:37.163607	2026-07-01 11:27:41	2.94	2_plus	27600.0	27850	2026-07-01 11:24:00	0.8977	pullback_ge0.8	0.1812	False	0	SCANNER
14786	037350	REGULAR	REGULAR	2026-07-01 11:02:27.433332	2026-07-01 11:23:17	1.14	1_to_2	11040.0	11110	2026-07-01 11:22:00	0.6301	pullback_0.4_to_0.8	-0.4529	False	0	SCANNER
14770	045100	REGULAR	REGULAR	2026-07-01 10:41:28.112113	2026-07-01 10:51:00	2.33	2_plus	38000.0	38050	2026-07-01 10:50:00	0.1314	near_peak_lt0.4	0.2632	False	0	SCANNER
14749	336260	REGULAR	REGULAR	2026-07-01 09:58:58.166603	2026-07-01 10:35:33	2.93	2_plus	58600.0	59100	2026-07-01 10:33:00	0.846	pullback_ge0.8	1.1945	True	0	SCANNER
14750	062040	REGULAR	REGULAR	2026-07-01 10:11:45.462973	2026-07-01 10:27:12	1.12	1_to_2	261500.0	264500	2026-07-01 10:26:00	1.1342	pullback_ge0.8	1.5296	True	0	SCANNER
14747	033100	REGULAR	REGULAR	2026-07-01 09:52:24.463557	2026-07-01 10:26:56	1.37	1_to_2	54200.0	54900	2026-07-01 09:53:00	1.275	pullback_ge0.8	0.369	False	1	SCANNER
14758	001260	REGULAR	REGULAR	2026-07-01 10:14:57.074666	2026-07-01 10:24:59	0.97	0.5_to_1	10100.0	10240	2026-07-01 10:20:00	1.3672	pullback_ge0.8	2.2772	True	0	SCANNER
14730	084370	PREMARKET	REGULAR	2026-07-01 08:22:58.417219	2026-07-01 09:15:48	6.26	2_plus	207000.0	207000	2026-07-01 09:14:00	0	near_peak_lt0.4	5.314	True	1	SCANNER
14742	010120	REGULAR	REGULAR	2026-07-01 09:09:40.974718	2026-07-01 09:13:39	1.49	1_to_2	265500.0	268500	2026-07-01 09:12:00	1.1173	pullback_ge0.8	0.565	False	0	SCANNER
14731	062040	REGULAR	REGULAR	2026-07-01 09:08:10.853623	2026-07-01 09:12:40	1.67	1_to_2	268000.0	272500	2026-07-01 09:11:00	1.6514	pullback_ge0.8	0.9328	False	0	SCANNER
14717	336260	REGULAR	REGULAR	2026-07-01 09:07:33.666214	2026-07-01 09:11:33	1.9	1_to_2	57300.0	58000	2026-07-01 09:10:00	1.2069	pullback_ge0.8	4.014	True	0	SCANNER
14741	033100	PREMARKET	REGULAR	2026-07-01 08:38:21.316502	2026-07-01 09:07:07	1.45	1_to_2	54400.0	54700	2026-07-01 09:04:00	0.5484	pullback_0.4_to_0.8	1.4706	True	0	SCANNER
15105	013580	REGULAR	REGULAR	2026-07-02 14:49:13.991812	2026-07-02 15:03:08	1.65	1_to_2	28400.0	29200	2026-07-02 15:02:00	2.7397	pullback_ge0.8	2.4648	True	1	SCANNER
15106	007610	REGULAR	REGULAR	2026-07-02 14:57:02.713449	2026-07-02 15:01:27	-1.17	nonpositive	6330.0	6630	2026-07-02 14:58:00	4.5249	pullback_ge0.8	4.1074	True	0	SCANNER
15100	007610	REGULAR	REGULAR	2026-07-02 14:18:49.490983	2026-07-02 14:27:54	2.98	2_plus	6420.0	6470	2026-07-02 14:26:00	0.7728	pullback_0.4_to_0.8	1.7134	True	0	SCANNER
15036	013580	REGULAR	REGULAR	2026-07-02 13:59:30.161811	2026-07-02 14:03:18	3.53	2_plus	27500.0	28100	2026-07-02 14:02:00	2.1352	pullback_ge0.8	2.9091	True	0	SCANNER
15089	007610	REGULAR	REGULAR	2026-07-02 13:12:25.899546	2026-07-02 13:29:41	1.52	1_to_2	6030.0	6130	2026-07-02 13:19:00	1.6313	pullback_ge0.8	0.6633	False	1	SCANNER
15068	007610	REGULAR	REGULAR	2026-07-02 12:33:28.376257	2026-07-02 12:41:58	1.23	1_to_2	6260.0	6330	2026-07-02 12:39:00	1.1058	pullback_ge0.8	0.639	False	0	SCANNER
15056	001260	REGULAR	REGULAR	2026-07-02 11:14:54.835001	2026-07-02 11:20:22	1.6	1_to_2	11680.0	11790	2026-07-02 11:18:00	0.933	pullback_ge0.8	8.6473	True	0	SCANNER
15035	001260	REGULAR	REGULAR	2026-07-02 10:55:41.487598	2026-07-02 11:05:30	4.14	2_plus	11680.0	11840	2026-07-02 11:04:00	1.3514	pullback_ge0.8	3.5103	True	0	SCANNER
14996	082740	PREMARKET	PREMARKET	2026-07-02 08:26:56.843024	2026-07-02 08:45:27	2.19	2_plus	59000.0	59500	2026-07-02 08:44:00	0.8403	pullback_ge0.8	0.0	False	0	SCANNER
14984	082740	PREMARKET	PREMARKET	2026-07-02 08:15:18.301947	2026-07-02 08:17:57	1.68	1_to_2	58500.0	58700	2026-07-02 08:16:00	0.3407	near_peak_lt0.4	0.8547	False	0	SCANNER
15251	144960	REGULAR	REGULAR	2026-07-03 14:56:53.658175	2026-07-03 15:02:51	2.59	2_plus	8380.0	8460	2026-07-03 15:01:00	0.9456	pullback_ge0.8	1.1933	True	0	SCANNER
15255	477850	REGULAR	REGULAR	2026-07-03 14:40:37.071194	2026-07-03 14:51:40	0.7	0.5_to_1	21650.0	22050	2026-07-03 14:49:00	1.8141	pullback_ge0.8	4.388	True	0	SCANNER
15240	095500	REGULAR	REGULAR	2026-07-03 12:15:51.721666	2026-07-03 12:47:27	4.2	2_plus	8710.0	8850	2026-07-03 12:45:00	1.5819	pullback_ge0.8	0.8037	False	0	SCANNER
15241	037710	REGULAR	REGULAR	2026-07-03 12:05:58.619930	2026-07-03 12:25:34	1.3	1_to_2	39850.0	40250	2026-07-03 12:22:00	0.9938	pullback_ge0.8	1.6311	True	0	SCANNER
15233	095500	PREMARKET	PREMARKET	2026-07-03 08:16:56.199650	2026-07-03 08:24:57	4.13	2_plus	8170.0	8280	2026-07-03 08:17:00	1.3285	pullback_ge0.8	2.8152	True	1	SCANNER
15227	376900	PREMARKET	PREMARKET	2026-07-03 08:12:05.309411	2026-07-03 08:21:31	1.86	1_to_2	43250.0	43850	2026-07-03 08:19:00	1.3683	pullback_ge0.8	1.6185	True	1	SCANNER
15211	484810	PREMARKET	PREMARKET	2026-07-03 08:03:43.598276	2026-07-03 08:07:34	1.09	1_to_2	11380.0	11600	2026-07-03 08:04:00	1.8966	pullback_ge0.8	-0.6151	False	1	SCANNER
15209	000500	PREMARKET	PREMARKET	2026-07-03 08:04:19.534442	2026-07-03 08:06:17	0.57	0.5_to_1	315500.0	319500	2026-07-03 08:05:00	1.252	pullback_ge0.8	0.4754	False	0	SCANNER
15526	002990	REGULAR	REGULAR	2026-07-06 10:37:01.134021	2026-07-06 11:03:57	2.55	2_plus	9710.0	10060	2026-07-06 10:44:00	3.4791	pullback_ge0.8	1.3388	True	1	SCANNER
15465	042660	PREMARKET	REGULAR	2026-07-06 08:03:42.626096	2026-07-06 09:07:04	1.89	1_to_2	115200.0	117900	2026-07-06 09:04:00	2.2901	pullback_ge0.8	5.3819	True	0	SCANNER
15480	200710	PREMARKET	PREMARKET	2026-07-06 08:21:51.926484	2026-07-06 08:28:48	4.54	2_plus	32900.0	33700	2026-07-06 08:27:00	2.3739	pullback_ge0.8	0.6079	False	0	SCANNER
15718	399720	REGULAR	REGULAR	2026-07-07 14:00:36.446006	2026-07-07 14:09:10	1.35	1_to_2	48250.0	48500	2026-07-07 14:06:00	0.5155	pullback_0.4_to_0.8	-0.1036	False	0	SCANNER
15665	153890	REGULAR	REGULAR	2026-07-07 12:55:01.536565	2026-07-07 12:55:59	3.27	2_plus	15195.0				unknown	1.0859	True	0	SCANNER
15647	399720	REGULAR	REGULAR	2026-07-07 10:12:13.713020	2026-07-07 12:03:02	3.31	2_plus	48100.0	49000	2026-07-07 12:00:00	1.8367	pullback_ge0.8	3.4304	True	0	SCANNER
15692	002990	REGULAR	REGULAR	2026-07-07 10:56:33.144456	2026-07-07 11:06:49	1.93	1_to_2	14660.0	14860	2026-07-07 11:05:00	1.3459	pullback_ge0.8	0.3411	False	0	SCANNER
15662	002990	REGULAR	REGULAR	2026-07-07 10:17:16.347295	2026-07-07 10:33:59	3.53	2_plus	14880.0	14980	2026-07-07 10:32:00	0.6676	pullback_0.4_to_0.8	0.0672	False	0	SCANNER
15644	095500	PREMARKET	PREMARKET	2026-07-07 08:11:22.858292	2026-07-07 08:15:49	1.07	1_to_2	8550.0	8690	2026-07-07 08:14:00	1.611	pullback_ge0.8	0.3509	False	0	SCANNER
16057	365660	REGULAR	REGULAR	2026-07-08 11:34:47.102578	2026-07-08 11:48:24	1.1	1_to_2	13520.0	13650	2026-07-08 11:43:00	0.9524	pullback_ge0.8	3.1805	True	0	SCANNER
15954	073240	REGULAR	REGULAR	2026-07-08 10:18:09.539823	2026-07-08 10:37:18	4.6	2_plus	6500.0	6660	2026-07-08 10:36:00	2.4024	pullback_ge0.8	3.0769	True	0	SCANNER
15979	200710	PREMARKET	PREMARKET	2026-07-08 08:35:34.744351	2026-07-08 08:40:34	1.39	1_to_2	31300.0	31200	2026-07-08 08:39:00	0	near_peak_lt0.4	0.4792	False	0	SCANNER
16211	024060	REGULAR	REGULAR	2026-07-09 11:42:51.614692	2026-07-09 11:49:04	3.45	2_plus	12270.0	12300	2026-07-09 11:46:00	0.2439	near_peak_lt0.4	4.89	True	0	SCANNER
16199	319660	REGULAR	REGULAR	2026-07-09 09:39:15.835550	2026-07-09 10:30:36	-0.16	nonpositive	152000.0	156500	2026-07-09 10:21:00	2.8754	pullback_ge0.8	0.7895	False	0	SCANNER
16209	002990	REGULAR	REGULAR	2026-07-09 09:30:55.844998	2026-07-09 09:39:28	1.43	1_to_2	16160.0	16350	2026-07-09 09:35:00	1.1621	pullback_ge0.8	2.599	True	0	SCANNER
16479	095610	REGULAR	REGULAR	2026-07-10 12:24:10.904540	2026-07-10 12:53:59	1.68	1_to_2	180700.0	183700	2026-07-10 12:51:00	1.6331	pullback_ge0.8	0.1107	False	0	SCANNER
16521	007660	REGULAR	REGULAR	2026-07-10 11:32:26.352575	2026-07-10 12:03:18	0.72	0.5_to_1	106100.0	106700	2026-07-10 11:57:00	0.5623	pullback_0.4_to_0.8	0.6598	False	0	SCANNER
16495	399720	REGULAR	REGULAR	2026-07-10 09:49:28.045967	2026-07-10 09:56:40	1.98	1_to_2	55300.0	56000	2026-07-10 09:55:00	1.25	pullback_ge0.8	1.4467	True	0	SCANNER
17400	024060	REGULAR	REGULAR	2026-07-13 12:42:31.054356	2026-07-13 13:04:35	-0.06	nonpositive	12040.0	12150	2026-07-13 12:44:00	0.9053	pullback_ge0.8	1.9103	True	0	SCANNER
17206	087010	PREMARKET	PREMARKET	2026-07-13 08:07:28.191038	2026-07-13 08:10:36	2.0	2_plus	114200.0	112600	2026-07-13 08:09:00	0	near_peak_lt0.4	-0.0876	False	0	SCANNER
18026	003680	REGULAR	REGULAR	2026-07-14 13:56:45.028818	2026-07-14 14:00:59	0.7	0.5_to_1	10780.0	11150	2026-07-14 13:59:00	3.3184	pullback_ge0.8	2.0408	True	0	SCANNER
18413	097230	REGULAR	REGULAR	2026-07-14 13:36:27.710745	2026-07-14 13:39:43	0.43	0_to_0.5	15330.0	15430	2026-07-14 13:37:00	0.6481	pullback_0.4_to_0.8	1.0437	True	0	SCANNER
18911	083470	REGULAR	REGULAR	2026-07-15 14:44:17.514618	2026-07-15 14:44:42	0.61	0.5_to_1	720.0				unknown	-0.1389	False	0	SCANNER
18901	002990	REGULAR	REGULAR	2026-07-15 10:54:38.954878	2026-07-15 12:17:26	0.13	0_to_0.5	13000.0	13150	2026-07-15 12:16:00	1.1407	pullback_ge0.8	6.1538	True	1	SCANNER
18869	240810	REGULAR	REGULAR	2026-07-15 10:00:17.252621	2026-07-15 10:26:09	0.5	0.5_to_1	143200.0	144800	2026-07-15 10:23:00	1.105	pullback_ge0.8	0.838	False	1	SCANNER
20752	024060	REGULAR	REGULAR	2026-07-20 13:58:40.226083	2026-07-20 14:56:39	1.24	1_to_2	13110.0	13210	2026-07-20 14:55:00	0.757	pullback_0.4_to_0.8	1.7544	True	0	SCANNER
20422	002990	REGULAR	REGULAR	2026-07-20 14:31:51.605564	2026-07-20 14:39:55	0.05	0_to_0.5	10590.0	10690	2026-07-20 14:38:00	0.9355	pullback_ge0.8	0.661	False	0	SCANNER
20647	099440	REGULAR	REGULAR	2026-07-20 13:33:47.111895	2026-07-20 13:45:23	-0.58	nonpositive	2825.0	2870	2026-07-20 13:44:00	1.5679	pullback_ge0.8	3.5398	True	0	SCANNER
20372	340440	REGULAR	REGULAR	2026-07-20 13:35:43.654948	2026-07-20 13:44:05	0.73	0.5_to_1	1044.0	1057	2026-07-20 13:39:00	1.2299	pullback_ge0.8	0.4789	False	0	SCANNER
20556	303030	REGULAR	REGULAR	2026-07-20 13:25:24.151043	2026-07-20 13:30:05	2.25	2_plus	1859.0	1926	2026-07-20 13:27:00	3.4787	pullback_ge0.8	1.6138	True	0	SCANNER
20566	024060	REGULAR	REGULAR	2026-07-20 12:56:53.957627	2026-07-20 13:11:24	0.76	0.5_to_1	13200.0	13310	2026-07-20 13:07:00	0.8264	pullback_ge0.8	1.5152	True	0	SCANNER
20390	413630	REGULAR	REGULAR	2026-07-20 12:05:05.126066	2026-07-20 12:22:03	1.51	1_to_2	3505.0	3550	2026-07-20 12:21:00	1.2676	pullback_ge0.8	1.8545	True	0	SCANNER
20512	376180	REGULAR	REGULAR	2026-07-20 12:00:09.102600	2026-07-20 12:01:50	1.22	1_to_2	1464.0				unknown	4.6448	True	0	SCANNER
20397	475150	REGULAR	REGULAR	2026-07-20 10:33:34.790150	2026-07-20 10:42:04	0.38	0_to_0.5	57700.0	58500	2026-07-20 10:41:00	1.3675	pullback_ge0.8	0.8666	False	0	SCANNER
20406	024060	REGULAR	REGULAR	2026-07-20 10:03:15.472295	2026-07-20 10:21:01	0.07	0_to_0.5	13300.0	13380	2026-07-20 10:14:00	0.5979	pullback_0.4_to_0.8	0.7519	False	0	SCANNER
20554	037070	REGULAR	REGULAR	2026-07-20 10:16:06.424221	2026-07-20 10:18:52	0.41	0_to_0.5	7810.0	7850	2026-07-20 10:17:00	0.5096	pullback_0.4_to_0.8	0.0	False	0	SCANNER
20479	252990	REGULAR	REGULAR	2026-07-20 10:03:15.472562	2026-07-20 10:05:13	1.41	1_to_2	14800.0	14890	2026-07-20 10:04:00	0.6044	pullback_0.4_to_0.8	2.027	True	0	SCANNER
20363	049080	REGULAR	REGULAR	2026-07-20 09:53:00.427373	2026-07-20 09:54:32	0.7	0.5_to_1	12050.0				unknown	7.4689	True	0	SCANNER
21127	413630	REGULAR	REGULAR	2026-07-21 11:46:32.140384	2026-07-21 11:48:06	-0.37	nonpositive	3595.0	3615	2026-07-21 11:47:00	0.5533	pullback_0.4_to_0.8	6.2587	True	0	SCANNER
21067	066590	REGULAR	REGULAR	2026-07-21 10:24:30.796332	2026-07-21 10:26:35	-0.13	nonpositive	2970.0	3015	2026-07-21 10:25:00	1.4925	pullback_ge0.8	0.8418	False	0	SCANNER
22041	006340	REGULAR	REGULAR	2026-07-22 12:32:35.789087	2026-07-22 13:10:43	-0.08	nonpositive	12990.0	13100	2026-07-22 13:03:00	0.8397	pullback_ge0.8	2.3865	True	0	SCANNER
21913	066570	REGULAR	REGULAR	2026-07-22 12:10:47.193203	2026-07-22 12:33:56	0.3	0_to_0.5	187800.0	189000	2026-07-22 12:29:00	0.6349	pullback_0.4_to_0.8	0.3727	False	0	SCANNER
22035	012690	REGULAR	REGULAR	2026-07-22 12:14:20.803128	2026-07-22 12:20:30	0.29	0_to_0.5	1924.0	1944	2026-07-22 12:18:00	1.0288	pullback_ge0.8	0.2599	False	0	SCANNER
22101	049080	REGULAR	REGULAR	2026-07-22 10:50:47.674188	2026-07-22 10:56:15	1.44	1_to_2	9720.0	9760	2026-07-22 10:55:00	0.4098	pullback_0.4_to_0.8	0.1029	False	0	SCANNER
22175	389260	REGULAR	REGULAR	2026-07-22 09:57:29.716467	2026-07-22 10:01:35	0.24	0_to_0.5	14840.0	15020	2026-07-22 09:59:00	1.1984	pullback_ge0.8	2.8976	True	0	SCANNER
21845	459510	PREMARKET	PREMARKET	2026-07-22 08:14:00.136350	2026-07-22 08:15:21	2.35	2_plus	14660.0				unknown	7.0941	True	0	SCANNER
21848	460930	PREMARKET	PREMARKET	2026-07-22 08:09:00.345113	2026-07-22 08:13:07	1.1	1_to_2	12940.0	13000	2026-07-22 08:12:00	0.4615	pullback_0.4_to_0.8	-0.1546	False	0	SCANNER
21847	102940	PREMARKET	PREMARKET	2026-07-22 08:05:56.099739	2026-07-22 08:08:01	0.23	0_to_0.5	17140.0	17670	2026-07-22 08:07:00	2.9994	pullback_ge0.8	1.1085	True	0	SCANNER
23336	036930	REGULAR	REGULAR	2026-07-23 13:26:39.501378	2026-07-23 13:31:46	0.27	0_to_0.5	160100.0	161000	2026-07-23 13:29:00	0.559	pullback_0.4_to_0.8	0.6871	False	0	SCANNER
23101	001520	REGULAR	REGULAR	2026-07-23 12:23:23.740334	2026-07-23 12:40:30	-0.41	nonpositive	1121.0	1147	2026-07-23 12:32:00	2.2668	pullback_ge0.8	1.4273	True	0	SCANNER
22732	119850	REGULAR	REGULAR	2026-07-23 10:52:38.373829	2026-07-23 10:59:40	0.38	0_to_0.5	41450.0	41450	2026-07-23 10:53:00	0	near_peak_lt0.4	1.0856	True	0	SCANNER
22855	066570	REGULAR	REGULAR	2026-07-23 10:03:14.868075	2026-07-23 10:15:42	0.26	0_to_0.5	184700.0	185600	2026-07-23 10:11:00	0.4849	pullback_0.4_to_0.8	-0.0541	False	0	SCANNER
22888	002990	REGULAR	REGULAR	2026-07-23 09:10:23.433309	2026-07-23 09:10:31	-1.79	nonpositive	11730.0				unknown	3.8363	True	0	SCANNER
22735	459510	PREMARKET	PREMARKET	2026-07-23 08:29:58.574487	2026-07-23 08:32:39	-1.22	nonpositive	15000.0	15340	2026-07-23 08:31:00	2.2164	pullback_ge0.8	0.0667	False	0	SCANNER
22762	117730	PREMARKET	PREMARKET	2026-07-23 08:13:22.970704	2026-07-23 08:14:21	0.19	0_to_0.5	14190.0				unknown	-0.2114	False	1	SCANNER
23752	100090	REGULAR	REGULAR	2026-07-24 12:33:25.237625	2026-07-24 12:45:43	0.45	0_to_0.5	19230.0	19310	2026-07-24 12:39:00	0.4143	pullback_0.4_to_0.8	0.624	False	0	SCANNER
23735	096770	REGULAR	REGULAR	2026-07-24 11:49:33.607623	2026-07-24 12:19:13	0.31	0_to_0.5	130800.0	131600	2026-07-24 12:16:00	0.6079	pullback_0.4_to_0.8	0.5352	False	0	SCANNER
24195	010120	REGULAR	REGULAR	2026-07-27 14:25:37.145069	2026-07-27 15:13:47	0.63	0.5_to_1	200000.0	199800	2026-07-27 15:12:00	0	near_peak_lt0.4	0.5	False	0	SCANNER
24652	058610	PREMARKET	PREMARKET	2026-07-28 08:21:35.228900	2026-07-28 08:24:10	0.33	0_to_0.5	71800.0	72000	2026-07-28 08:23:00	0.2778	near_peak_lt0.4	8.3565	True	0	SCANNER
24651	304100	PREMARKET	PREMARKET	2026-07-28 08:16:25.337512	2026-07-28 08:19:32	1.48	1_to_2	14250.0	14000	2026-07-28 08:17:00	0	near_peak_lt0.4	4.2807	True	0	SCANNER
24659	199430	PREMARKET	PREMARKET	2026-07-28 08:14:18.514815	2026-07-28 08:18:30	1.64	1_to_2	17420.0	17150	2026-07-28 08:17:00	0	near_peak_lt0.4	6.4868	True	0	SCANNER
24655	010120	PREMARKET	PREMARKET	2026-07-28 08:12:01.818089	2026-07-28 08:15:49	0.09	0_to_0.5	190300.0	191500	2026-07-28 08:13:00	0.6266	pullback_0.4_to_0.8	0.0525	False	0	SCANNER
24649	042700	PREMARKET	PREMARKET	2026-07-28 08:10:11.701218	2026-07-28 08:14:44	-0.02	nonpositive	191700.0	193100	2026-07-28 08:13:00	0.725	pullback_0.4_to_0.8	0.2087	False	0	SCANNER
24646	199430	PREMARKET	PREMARKET	2026-07-28 08:12:28.934624	2026-07-28 08:13:17	1.37	1_to_2	16520.0				unknown	12.2881	True	0	SCANNER
24642	304100	PREMARKET	PREMARKET	2026-07-28 08:06:24.410131	2026-07-28 08:08:01	0.57	0.5_to_1	13890.0	13990	2026-07-28 08:07:00	0.7148	pullback_0.4_to_0.8	2.5198	True	0	SCANNER
25063	475040	REGULAR	REGULAR	2026-07-29 12:56:17.816304	2026-07-29 12:57:05	-0.23	nonpositive	2990.0				unknown	3.5117	True	0	SCANNER
24975	035420	PREMARKET	PREMARKET	2026-07-29 08:18:02.294975	2026-07-29 08:33:41	0.24	0_to_0.5	212000.0	213000	2026-07-29 08:32:00	0.4695	pullback_0.4_to_0.8	0.4717	False	0	SCANNER
24983	095610	PREMARKET	PREMARKET	2026-07-29 08:23:25.738776	2026-07-29 08:27:33	0.43	0_to_0.5	121100.0	121400	2026-07-29 08:26:00	0.2471	near_peak_lt0.4	2.0644	True	0	SCANNER
25712	096770	REGULAR	REGULAR	2026-07-31 10:24:45.625847	2026-07-31 12:08:18	1.04	1_to_2	111300.0	111600	2026-07-31 12:06:00	0.2688	near_peak_lt0.4	0.2695	False	0	SCANNER
25439	096770	REGULAR	REGULAR	2026-07-31 10:16:38.606329	2026-07-31 10:24:28	0.5	0.5_to_1	109600.0	110100	2026-07-31 10:23:00	0.4541	pullback_0.4_to_0.8	0.365	False	0	SCANNER
25691	000250	REGULAR	REGULAR	2026-07-31 10:15:30.222231	2026-07-31 10:23:50	0.52	0.5_to_1	148400.0	148000	2026-07-31 10:16:00	0	near_peak_lt0.4	1.0108	True	0	SCANNER
25678	000250	REGULAR	REGULAR	2026-07-31 10:12:34.607347	2026-07-31 10:14:07	0.38	0_to_0.5	147500.0	148600	2026-07-31 10:13:00	0.7402	pullback_0.4_to_0.8	1.6271	True	0	SCANNER
25413	005930	REGULAR	REGULAR	2026-07-31 09:22:53.625823	2026-07-31 09:27:46	0.38	0_to_0.5	247500.0	248000	2026-07-31 09:25:00	0.2016	near_peak_lt0.4	2.4242	True	0	SCANNER
26448	003530	REGULAR	REGULAR	2026-08-03 09:49:08.884615	2026-08-03 10:10:51	0.99	0.5_to_1	4130.0	4150	2026-08-03 10:09:00	0.4819	pullback_0.4_to_0.8	0.3632	False	0	SCANNER
26237	420770	REGULAR	REGULAR	2026-08-03 09:46:45.593207	2026-08-03 10:06:55	1.66	1_to_2	118200.0	123900	2026-08-03 10:04:00	4.6005	pullback_ge0.8	4.5685	True	0	SCANNER
26140	087010	REGULAR	REGULAR	2026-08-03 09:54:56.796233	2026-08-03 09:59:26	0.53	0.5_to_1	145000.0	147000	2026-08-03 09:58:00	1.3605	pullback_ge0.8	2.6207	True	0	SCANNER
26321	475150	REGULAR	REGULAR	2026-08-03 09:40:57.204402	2026-08-03 09:47:16	-0.23	nonpositive	43800.0	44250	2026-08-03 09:46:00	1.0169	pullback_ge0.8	1.3699	True	0	SCANNER
26323	199430	REGULAR	REGULAR	2026-08-03 09:31:45.405485	2026-08-03 09:32:54	3.25	2_plus	16310.0				unknown	-1.0423	False	0	SCANNER
26293	010120	REGULAR	REGULAR	2026-08-03 09:04:21.121376	2026-08-03 09:08:16	3.14	2_plus	186600.0	187500	2026-08-03 09:07:00	0.48	pullback_0.4_to_0.8	2.0364	True	0	SCANNER
26163	108490	PREMARKET	PREMARKET	2026-08-03 08:27:33.583279	2026-08-03 08:34:36	-0.02	nonpositive	190900.0	192100	2026-08-03 08:32:00	0.6247	pullback_0.4_to_0.8	0.3667	False	0	SCANNER
26170	475400	PREMARKET	PREMARKET	2026-08-03 08:19:45.576878	2026-08-03 08:20:30	0.87	0.5_to_1	20200.0				unknown	2.4752	True	0	SCANNER
26164	459510	PREMARKET	PREMARKET	2026-08-03 08:08:01.375711	2026-08-03 08:17:40	3.31	2_plus	14900.0	14480	2026-08-03 08:09:00	0	near_peak_lt0.4	3.6913	True	0	SCANNER
26158	000500	PREMARKET	PREMARKET	2026-08-03 08:06:49.030397	2026-08-03 08:13:23	0.15	0_to_0.5	131300.0	132300	2026-08-03 08:12:00	0.7559	pullback_0.4_to_0.8	0.9139	False	0	SCANNER
26145	484810	PREMARKET	PREMARKET	2026-08-03 08:05:27.116849	2026-08-03 08:05:53	-0.23	nonpositive	14690.0				unknown	8.305	True	0	SCANNER
27041	108860	REGULAR	REGULAR	2026-08-04 09:46:01.737494	2026-08-04 11:03:05	-0.32	nonpositive	11060.0	11250	2026-08-04 09:47:00	1.6889	pullback_ge0.8	0.7233	False	1	SCANNER
27180	459550	REGULAR	REGULAR	2026-08-04 10:28:49.636964	2026-08-04 10:57:57	2.03	2_plus	1534.0	1504	2026-08-04 10:30:00	0	near_peak_lt0.4	12.7771	True	0	SCANNER
27043	402030	REGULAR	REGULAR	2026-08-04 09:37:18.950950	2026-08-04 10:43:53	0.7	0.5_to_1	16710.0	16960	2026-08-04 09:45:00	1.4741	pullback_ge0.8	0.2992	False	1	SCANNER
27107	194700	REGULAR	REGULAR	2026-08-04 10:24:54.247081	2026-08-04 10:27:16	0.31	0_to_0.5	14900.0	14990	2026-08-04 10:26:00	0.6004	pullback_0.4_to_0.8	0.604	False	0	SCANNER
27262	452280	REGULAR	REGULAR	2026-08-04 10:10:40.944477	2026-08-04 10:19:27	0.86	0.5_to_1	12020.0	11880	2026-08-04 10:11:00	0	near_peak_lt0.4	2.995	True	0	SCANNER
27214	484810	REGULAR	REGULAR	2026-08-04 09:25:28.644910	2026-08-04 10:08:34	0.19	0_to_0.5	16620.0	16700	2026-08-04 10:07:00	0.479	pullback_0.4_to_0.8	0.6017	False	0	SCANNER
27121	322000	REGULAR	REGULAR	2026-08-04 09:49:37.444478	2026-08-04 09:53:11	1.28	1_to_2	141300.0	142400	2026-08-04 09:52:00	0.7725	pullback_0.4_to_0.8	0.9908	False	0	SCANNER
27158	105840	REGULAR	REGULAR	2026-08-04 09:12:35.140055	2026-08-04 09:26:51	1.19	1_to_2	15010.0	15080	2026-08-04 09:25:00	0.4642	pullback_0.4_to_0.8	2.2652	True	0	SCANNER
27123	484810	REGULAR	REGULAR	2026-08-04 09:23:48.246674	2026-08-04 09:25:00	-0.35	nonpositive	16520.0	16710	2026-08-04 09:24:00	1.137	pullback_ge0.8	0.4237	False	0	SCANNER
27077	328130	PREMARKET	REGULAR	2026-08-04 08:34:15.501975	2026-08-04 09:08:02	2.38	2_plus	10610.0	10790	2026-08-04 09:02:00	1.6682	pullback_ge0.8	1.3195	True	0	SCANNER
31631	387690	REGULAR	REGULAR	2026-08-13 15:13:01.894898	2026-08-13 15:14:33	0.95	0.5_to_1	10250.0				unknown	1.1707	True	0	SCANNER
31484	090460	REGULAR	REGULAR	2026-08-13 13:21:43.101885	2026-08-13 13:45:59	1.63	1_to_2	19690.0	19590	2026-08-13 13:44:00	0	near_peak_lt0.4	0.7618	False	0	SCANNER
32292	019210	REGULAR	REGULAR	2026-08-14 15:13:13.717095	2026-08-14 15:17:07	0.87	0.5_to_1	18320.0	18400	2026-08-14 15:16:00	0.4348	pullback_0.4_to_0.8	0.1092	False	0	SCANNER
32279	125490	REGULAR	REGULAR	2026-08-14 12:54:25.071810	2026-08-14 12:56:53	0.3	0_to_0.5	13250.0	13240	2026-08-14 12:55:00	0	near_peak_lt0.4	1.7358	True	0	SCANNER
32227	125490	REGULAR	REGULAR	2026-08-14 12:12:28.286416	2026-08-14 12:53:42	1.86	1_to_2	13170.0	13100	2026-08-14 12:52:00	0	near_peak_lt0.4	1.4427	True	0	SCANNER
32002	125490	REGULAR	REGULAR	2026-08-14 11:54:31.701012	2026-08-14 11:59:51	0.23	0_to_0.5	12970.0	12990	2026-08-14 11:58:00	0.154	near_peak_lt0.4	0.9252	False	0	SCANNER
32701	419050	REGULAR	REGULAR	2026-08-18 10:16:36	2026-08-18 10:41:19	-0.22	nonpositive	1837.0	1843	2026-08-18 10:17:00	0.3256	near_peak_lt0.4	-0.3811	False	0	SCANNER
32661	322000	REGULAR	REGULAR	2026-08-18 09:51:04	2026-08-18 10:10:09	0.32	0_to_0.5	128700.0	129400	2026-08-18 10:08:00	0.541	pullback_0.4_to_0.8	1.0878	True	0	SCALP_BASE
33175	001550	REGULAR	REGULAR	2026-08-19 13:41:49	2026-08-19 13:46:38	0.87	0.5_to_1	12830.0	12850	2026-08-19 13:45:00	0.1556	near_peak_lt0.4	2.5721	True	0	SCANNER
32997	101730	REGULAR	REGULAR	2026-08-19 12:51:33	2026-08-19 12:58:03	0.44	0_to_0.5	4610.0	4640	2026-08-19 12:57:00	0.6466	pullback_0.4_to_0.8	1.1931	True	0	SCANNER
33072	264850	REGULAR	REGULAR	2026-08-19 11:25:25	2026-08-19 11:26:50	0.44	0_to_0.5	6780.0				unknown	-0.295	False	0	SCANNER
32964	114840	REGULAR	REGULAR	2026-08-19 10:24:03	2026-08-19 10:28:16	0.76	0.5_to_1	9340.0	9360	2026-08-19 10:26:00	0.2137	near_peak_lt0.4	1.3919	True	0	SCANNER
33067	317400	REGULAR	UNKNOWN	2026-08-19 09:41:53		0.0	nonpositive	0.0				unknown		False	0	SCANNER
33440	237690	REGULAR	REGULAR	2026-08-20 13:46:17	2026-08-20 13:50:53	0.83	0.5_to_1	114100.0	114700	2026-08-20 13:49:00	0.5231	pullback_0.4_to_0.8	1.4023	True	0	SCANNER
33766	387690	REGULAR	REGULAR	2026-08-20 13:23:02	2026-08-20 13:29:44	1.05	1_to_2	13370.0	13280	2026-08-20 13:28:00	0	near_peak_lt0.4	2.8422	True	0	SCANNER
33654	059090	REGULAR	REGULAR	2026-08-20 10:40:33	2026-08-20 13:16:55	0.21	0_to_0.5	18380.0	18490	2026-08-20 10:49:00	0.5949	pullback_0.4_to_0.8	0.4897	False	0	SCANNER
33569	000660	REGULAR	REGULAR	2026-08-20 12:54:14	2026-08-20 13:16:53	0.53	0.5_to_1	1712000.0	1719000	2026-08-20 13:14:00	0.4072	pullback_0.4_to_0.8	0.5257	False	0	SCANNER
33470	064260	REGULAR	REGULAR	2026-08-20 12:31:28	2026-08-20 13:03:54	0.35	0_to_0.5	5220.0	5230	2026-08-20 12:48:00	0.1912	near_peak_lt0.4	0.7663	False	0	SCANNER
33388	124500	REGULAR	REGULAR	2026-08-20 12:32:06	2026-08-20 12:52:56	1.71	1_to_2	31400.0	31400	2026-08-20 12:51:00	0	near_peak_lt0.4	0.3185	False	1	SCANNER
33703	299660	REGULAR	REGULAR	2026-08-20 11:16:17	2026-08-20 12:12:19	0.26	0_to_0.5	1934.0	1942	2026-08-20 12:10:00	0.4119	pullback_0.4_to_0.8	0.3102	False	0	SCANNER
33537	002990	REGULAR	REGULAR	2026-08-20 11:29:55	2026-08-20 11:31:14	0.52	0.5_to_1	15425.0	15320	2026-08-20 11:30:00	0	near_peak_lt0.4	3.0794	True	0	SCANNER
33493	299660	REGULAR	REGULAR	2026-08-20 11:09:09	2026-08-20 11:14:44	1.27	1_to_2	1911.0	1894	2026-08-20 11:10:00	0	near_peak_lt0.4	1.5175	True	0	SCANNER
33629	091590	REGULAR	REGULAR	2026-08-20 10:20:13	2026-08-20 10:21:29	0.74	0.5_to_1	6300.0				unknown	0.7937	False	0	SCANNER
34057	001210	REGULAR	REGULAR	2026-08-21 15:10:19	2026-08-21 15:10:40	0.14	0_to_0.5	8140.0				unknown	3.6855	True	0	SCANNER
34080	002990	REGULAR	REGULAR	2026-08-21 10:43:49	2026-08-21 10:48:53	1.16	1_to_2	16730.0	16750	2026-08-21 10:47:00	0.1194	near_peak_lt0.4	0.1195	False	0	SCANNER
34017	475560	REGULAR	REGULAR	2026-08-21 10:27:29	2026-08-21 10:46:11	0.31	0_to_0.5	18770.0	18870	2026-08-21 10:44:00	0.5299	pullback_0.4_to_0.8	-0.1598	False	0	SCANNER
34172	153890	REGULAR	REGULAR	2026-08-21 10:41:59	2026-08-21 10:42:34	1.53	1_to_2	13860.0				unknown	-0.938	False	0	SCANNER
34204	001550	REGULAR	REGULAR	2026-08-21 10:34:57	2026-08-21 10:41:47	-0.64	nonpositive	11900.0	12120	2026-08-21 10:39:00	1.8152	pullback_ge0.8	1.2605	True	0	SCANNER
34200	237880	REGULAR	REGULAR	2026-08-21 10:30:02	2026-08-21 10:37:59	-0.15	nonpositive	13010.0	13110	2026-08-21 10:34:00	0.7628	pullback_0.4_to_0.8	1.0761	True	0	SCANNER
34130	001550	REGULAR	REGULAR	2026-08-21 10:24:45	2026-08-21 10:33:16	0.52	0.5_to_1	11980.0	11910	2026-08-21 10:25:00	0	near_peak_lt0.4	1.1686	True	0	SCANNER
34129	153890	REGULAR	REGULAR	2026-08-21 10:01:47	2026-08-21 10:02:15	1.08	1_to_2	13840.0				unknown	1.8064	True	0	SCANNER
34132	003350	REGULAR	REGULAR	2026-08-21 09:43:38	2026-08-21 09:44:02	-0.05	nonpositive	10970.0				unknown	0.0912	False	0	SCANNER
34085	006660	REGULAR	REGULAR	2026-08-21 09:13:52.603154	2026-08-21 09:17:18	0.61	0.5_to_1	15590.0	15660	2026-08-21 09:16:00	0.447	pullback_0.4_to_0.8	2.245	True	0	SCANNER
34702	003350	REGULAR	REGULAR	2026-08-24 13:36:05	2026-08-24 14:10:27	0.71	0.5_to_1	11860.0	11890	2026-08-24 14:07:00	0.2523	near_peak_lt0.4	1.0961	True	0	SCANNER
34524	249420	REGULAR	REGULAR	2026-08-24 12:25:00	2026-08-24 13:32:05	0.29	0_to_0.5	15480.0	15550	2026-08-24 13:31:00	0.4502	pullback_0.4_to_0.8	-0.1938	False	0	SCANNER
34639	003350	REGULAR	REGULAR	2026-08-24 09:48:52	2026-08-24 09:56:15	0.37	0_to_0.5	11720.0	11760	2026-08-24 09:55:00	0.3401	near_peak_lt0.4	1.1092	True	0	SCANNER
34620	003530	REGULAR	REGULAR	2026-08-24 09:40:42	2026-08-24 09:45:26	0.36	0_to_0.5	5070.0	5110	2026-08-24 09:44:00	0.7828	pullback_0.4_to_0.8	0.9862	False	0	SCANNER
35220	484810	REGULAR	INTEGRATED_AFTERMARKET	2026-08-25 14:46:51	2026-08-25 16:28:27	0.22	0_to_0.5	15480.0	15520	2026-08-25 16:27:00	0.2577	near_peak_lt0.4	0.323	False	0	SCANNER
35596	080580	REGULAR	REGULAR	2026-08-25 14:19:58	2026-08-25 14:41:33	0.84	0.5_to_1	19270.0	19340	2026-08-25 14:40:00	0.3619	near_peak_lt0.4	0.4152	False	0	SCANNER
35399	080580	REGULAR	REGULAR	2026-08-25 14:13:00	2026-08-25 14:18:36	1.04	1_to_2	19100.0	19180	2026-08-25 14:16:00	0.4171	pullback_0.4_to_0.8	0.5236	False	0	SCANNER
35391	059090	REGULAR	REGULAR	2026-08-25 10:59:07	2026-08-25 11:38:45	0.41	0_to_0.5	18780.0	18880	2026-08-25 11:37:00	0.5297	pullback_0.4_to_0.8	0.9585	False	0	SCANNER
35225	052690	REGULAR	REGULAR	2026-08-25 10:32:35	2026-08-25 10:57:41	1.07	1_to_2	101200.0	100300	2026-08-25 10:56:00	0	near_peak_lt0.4	0.0988	False	0	SCANNER
35355	000720	REGULAR	REGULAR	2026-08-25 10:30:32	2026-08-25 10:54:45	0.2	0_to_0.5	116700.0	117000	2026-08-25 10:52:00	0.2564	near_peak_lt0.4	0.2571	False	0	SCANNER
35224	000720	REGULAR	REGULAR	2026-08-25 09:33:45	2026-08-25 09:35:35	-0.23	nonpositive	114600.0	115800	2026-08-25 09:34:00	1.0363	pullback_ge0.8	2.2688	True	0	SCANNER
35317	356860	REGULAR	REGULAR	2026-08-25 09:24:59	2026-08-25 09:28:31	0.92	0.5_to_1	35150.0	35250	2026-08-25 09:27:00	0.2837	near_peak_lt0.4	1.4225	True	0	SCANNER
36518	950260	REGULAR	REGULAR	2026-08-27 12:16:15	2026-08-27 12:50:37	1.23	1_to_2	18040.0	17920	2026-08-27 12:49:00	0	near_peak_lt0.4	0.7206	False	0	SCANNER
37040	003350	REGULAR	REGULAR	2026-08-28 10:27:37	2026-08-28 10:30:02	0.12	0_to_0.5	14450.0	14530	2026-08-28 10:29:00	0.5506	pullback_0.4_to_0.8	2.9758	True	0	SCANNER
36974	001820	REGULAR	REGULAR	2026-08-28 10:11:30	2026-08-28 10:18:38	0.73	0.5_to_1	115500.0	116100	2026-08-28 10:17:00	0.5168	pullback_0.4_to_0.8	0.7792	False	0	SCANNER
37706	484870	REGULAR	REGULAR	2026-08-31 09:23:01	2026-08-31 09:25:31	-0.07	nonpositive	18380.0	18530	2026-08-31 09:24:00	0.8095	pullback_ge0.8	5.3319	True	0	SCANNER
37595	484870	REGULAR	REGULAR	2026-08-31 09:14:49	2026-08-31 09:19:08	1.88	1_to_2	18350.0	18710	2026-08-31 09:18:00	1.9241	pullback_ge0.8	5.1226	True	0	SCANNER
38279	950260	REGULAR	REGULAR	2026-09-01 11:22:08	2026-09-01 13:36:51	1.29	1_to_2	18720.0	18500	2026-09-01 11:24:00	0	near_peak_lt0.4	0.1603	False	0	SCANNER
38227	001210	REGULAR	REGULAR	2026-09-01 10:12:09	2026-09-01 10:12:51	0.08	0_to_0.5	13260.0				unknown	4.0724	True	0	SCANNER
39439	100090	REGULAR	REGULAR	2026-09-03 10:32:58	2026-09-03 10:38:39	2.12	2_plus	13470.0	13320	2026-09-03 10:36:00	0	near_peak_lt0.4	6.0134	True	0	SCANNER
39381	096770	REGULAR	REGULAR	2026-09-03 09:55:10	2026-09-03 09:59:08	0.29	0_to_0.5	134400.0	135100	2026-09-03 09:58:00	0.5181	pullback_0.4_to_0.8	2.0833	True	0	SCANNER
39930	199430	REGULAR	REGULAR	2026-09-04 14:22:23	2026-09-04 14:25:51	0.76	0.5_to_1	19350.0	19280	2026-09-04 14:24:00	0	near_peak_lt0.4	0.0	False	0	SCANNER
42193	024060	REGULAR	REGULAR	2026-09-10 09:51:21	2026-09-10 10:11:01	1.17	1_to_2	15130.0	15250	2026-09-10 10:10:00	0.7869	pullback_0.4_to_0.8	3.8334	True	0	SCANNER
42263	003280	REGULAR	REGULAR	2026-09-10 09:51:55	2026-09-10 10:09:36	0.62	0.5_to_1	1958.0	1948	2026-09-10 09:52:00	0	near_peak_lt0.4	8.6313	True	0	SCANNER
42219	475040	REGULAR	REGULAR	2026-09-10 09:19:35	2026-09-10 09:53:04	1.61	1_to_2	3615.0	3650	2026-09-10 09:52:00	0.9589	pullback_ge0.8	2.4896	True	0	SCANNER
42977	317400	REGULAR	REGULAR	2026-09-11 14:43:44	2026-09-11 14:59:34	0.39	0_to_0.5	11470.0	11490	2026-09-11 14:48:00	0.1741	near_peak_lt0.4	0.1744	False	0	SCANNER
42912	001210	REGULAR	REGULAR	2026-09-11 14:44:25	2026-09-11 14:45:06	1.53	1_to_2	12670.0				unknown	-0.3157	False	0	SCANNER
42854	047040	REGULAR	REGULAR	2026-09-11 14:10:31	2026-09-11 14:38:29	1.49	1_to_2	20050.0	20150	2026-09-11 14:37:00	0.4963	pullback_0.4_to_0.8	0.2494	False	0	SCANNER
42998	003350	REGULAR	REGULAR	2026-09-11 13:11:43	2026-09-11 13:12:55	1.08	1_to_2	16210.0				unknown	1.789	True	0	SCANNER
42867	062970	REGULAR	REGULAR	2026-09-11 11:19:04	2026-09-11 11:22:21	0.24	0_to_0.5	2055.0	2065	2026-09-11 11:20:00	0.4843	pullback_0.4_to_0.8	0.2433	False	0	SCANNER
42879	417840	REGULAR	REGULAR	2026-09-11 10:12:18	2026-09-11 11:13:45	0.82	0.5_to_1	16270.0	16330	2026-09-11 11:12:00	0.3674	near_peak_lt0.4	1.4136	True	1	SCANNER
42909	019210	REGULAR	REGULAR	2026-09-11 10:12:42	2026-09-11 10:16:36	0.42	0_to_0.5	13910.0	13920	2026-09-11 10:13:00	0.0718	near_peak_lt0.4	1.0065	True	0	SCANNER
43348	003200	REGULAR	REGULAR	2026-09-14 11:20:15	2026-09-14 12:38:52	-1.68	nonpositive	11850.0	12310	2026-09-14 11:23:00	3.7368	pullback_ge0.8	1.097	True	1	SCANNER
44107	125490	REGULAR	REGULAR	2026-09-15 11:15:01	2026-09-15 11:20:34	0.28	0_to_0.5	11690.0	11750	2026-09-15 11:19:00	0.5106	pullback_0.4_to_0.8	0.4277	False	0	SCANNER
46813	041190	REGULAR	REGULAR	2026-09-22 09:46:40	2026-09-22 09:48:50	0.24	0_to_0.5	6450.0	6490	2026-09-22 09:47:00	0.6163	pullback_0.4_to_0.8	0.6202	False	0	SCANNER
46725	222800	REGULAR	REGULAR	2026-09-22 09:31:57	2026-09-22 09:41:04	1.37	1_to_2	155400.0	156600	2026-09-22 09:39:00	0.7663	pullback_0.4_to_0.8	0.3218	False	0	SCANNER
46798	469610	PREMARKET	REGULAR	2026-09-22 08:22:55	2026-09-22 09:12:44	0.01	0_to_0.5	16620.0	17120	2026-09-22 08:23:00	2.9206	pullback_ge0.8	0.0	False	0	SCANNER
47677	161890	REGULAR	REGULAR	2026-09-23 09:12:47	2026-09-23 12:06:30	0.30774410774410776	0_to_0.5	149300.0	149800	2026-09-23 12:05:00	0.3338	near_peak_lt0.4	0.4689	False	0	SCANNER
47823	355390	REGULAR	REGULAR	2026-09-23 10:53:05	2026-09-23 10:58:43	-2.1739130434782608	nonpositive	1534.0	1576	2026-09-23 10:54:00	2.665	pullback_ge0.8	2.5424	True	0	SCANNER
47662	079370	REGULAR	REGULAR	2026-09-23 09:53:34	2026-09-23 10:17:21	-0.7704280155642024	nonpositive	12780.0	12970	2026-09-23 10:13:00	1.4649	pullback_ge0.8	0.0782	False	0	SCANNER
47581	003160	REGULAR	REGULAR	2026-09-23 09:23:43	2026-09-23 09:40:54	0.5950413223140496	0.5_to_1	36600.0	36800	2026-09-23 09:38:00	0.5435	pullback_0.4_to_0.8	0.1366	False	0	SCANNER
47714	468530	REGULAR	REGULAR	2026-09-23 09:28:11	2026-09-23 09:37:34	-0.23060344827586207	nonpositive	46400.0	46750	2026-09-23 09:29:00	0.7487	pullback_0.4_to_0.8	1.1853	True	0	SCANNER
47531	010060	PREMARKET	UNKNOWN	2026-09-23 08:38:32		2.79	2_plus	201000.0				unknown		False	0	SCANNER
47515	058610	PREMARKET	UNKNOWN	2026-09-23 08:14:57		0.45	0_to_0.5	103400.0				unknown		False	0	SCANNER
