record_id	date	session	split	mechanical_trigger_time	trailing_trigger_time	first_winner	joint_model_net_pct	mechanical_only_net_pct	trailing_only_net_pct	fixed20_net_pct
14824	2026-07-01	REGULAR	train		2026-07-01 12:34:00	trailing	0.4793	0.4793	0.4793	0.4793
14819	2026-07-01	REGULAR	train	2026-07-01 12:52:00	2026-07-01 12:42:00	trailing	0.1616	2.8242	0.1616	2.276
14762	2026-07-01	REGULAR	train	2026-07-01 11:14:00	2026-07-01 11:12:00	trailing	0.3295	1.6349	0.3295	2.0078
14786	2026-07-01	REGULAR	train	2026-07-01 11:22:00		mechanical	1.6939	1.6939	1.6939	1.6939
14770	2026-07-01	REGULAR	train	2026-07-01 10:49:00	2026-07-01 10:48:00	trailing	0.7125	2.0589	0.7125	-0.3646
14749	2026-07-01	REGULAR	train			fallback_20m	-1.9865	-1.9865	-1.9865	-1.9865
14750	2026-07-01	REGULAR	train	2026-07-01 10:25:00	2026-07-01 10:26:00	mechanical	1.7035	1.7035	1.6069	1.8969
14758	2026-07-01	REGULAR	train	2026-07-01 10:20:00	2026-07-01 10:17:00	trailing	0.9197	1.8694	0.9197	1.3695
14742	2026-07-01	REGULAR	train	2026-07-01 09:20:00	2026-07-01 09:13:00	trailing	-0.0389	2.0636	-0.0389	-0.8034
14731	2026-07-01	REGULAR	train	2026-07-01 09:12:00	2026-07-01 09:12:00	same_minute	1.8564	1.8564	1.8564	-1.1784
14717	2026-07-01	REGULAR	train	2026-07-01 09:11:00	2026-07-01 09:11:00	same_minute	2.7933	2.7933	2.7933	1.1927
15106	2026-07-02	REGULAR	train	2026-07-02 15:03:00	2026-07-02 14:59:00	trailing	2.7366	2.7366	2.7366	-1.1668
15100	2026-07-02	REGULAR	train	2026-07-02 14:22:00	2026-07-02 14:23:00	mechanical	1.6948	1.6948	1.0532	0.8928
15036	2026-07-02	REGULAR	train	2026-07-02 14:03:00	2026-07-02 14:02:00	trailing	5.0409	4.2879	5.0409	3.9114
15068	2026-07-02	REGULAR	train	2026-07-02 12:38:00	2026-07-02 12:39:00	mechanical	1.7104	1.7104	2.0338	0.5785
15056	2026-07-02	REGULAR	train	2026-07-02 11:18:00	2026-07-02 11:20:00	mechanical	2.4665	2.4665	1.0748	5.25
15035	2026-07-02	REGULAR	train	2026-07-02 11:02:00	2026-07-02 11:00:00	trailing	-0.4083	2.4448	-0.4083	2.9798
14996	2026-07-02	PREMARKET	train	2026-07-02 08:43:00	2026-07-02 08:41:00	trailing	0.6361	1.8485	0.6361	1.3289
14984	2026-07-02	PREMARKET	train		2026-07-02 08:17:00	trailing	1.8558	-1.2729	1.8558	-1.2729
15251	2026-07-03	REGULAR	train	2026-07-03 15:00:00	2026-07-03 15:00:00	same_minute	2.708	2.708	2.708	2.402
15255	2026-07-03	REGULAR	train	2026-07-03 14:49:00	2026-07-03 14:47:00	trailing	1.6305	2.3282	1.6305	4.4213
15240	2026-07-03	REGULAR	train			fallback_20m	-1.3067	-1.3067	-1.3067	-1.3067
15241	2026-07-03	REGULAR	train	2026-07-03 12:23:00	2026-07-03 12:23:00	same_minute	1.6764	1.6764	1.6764	1.1681
15209	2026-07-03	PREMARKET	train		2026-07-03 08:06:00	trailing	-1.0269	-2.3019	-1.0269	-2.3019
15465	2026-07-06	PREMARKET	train			fallback_20m	-0.4953	-0.4953	-0.4953	-0.4953
15480	2026-07-06	PREMARKET	train	2026-07-06 08:25:00	2026-07-06 08:27:00	mechanical	3.1063	3.1063	4.8538	0.2466
15718	2026-07-07	REGULAR	train	2026-07-07 14:06:00	2026-07-07 14:02:00	trailing	0.6102	1.8704	0.6102	-1.2802
15665	2026-07-07	REGULAR	train	2026-07-07 13:06:00	2026-07-07 12:57:00	trailing	1.2652	2.1487	1.2652	2.1487
15647	2026-07-07	REGULAR	train			fallback_20m	-2.3779	-2.3779	-2.3779	-2.3779
15692	2026-07-07	REGULAR	train	2026-07-07 11:03:00	2026-07-07 11:01:00	trailing	0.3957	2.1339	0.3957	0.1176
15662	2026-07-07	REGULAR	train	2026-07-07 10:29:00	2026-07-07 10:20:00	trailing	-0.2996	1.9268	-0.2996	2.4138
15644	2026-07-07	PREMARKET	train		2026-07-07 08:14:00	trailing	0.4793	-1.6485	0.4793	-1.6485
16057	2026-07-08	REGULAR	train	2026-07-08 11:44:00	2026-07-08 11:45:00	mechanical	1.7741	1.7741	1.0263	3.5688
15954	2026-07-08	REGULAR	train	2026-07-08 10:25:00	2026-07-08 10:27:00	mechanical	1.862	1.862	2.9884	4.1148
16211	2026-07-09	REGULAR	train	2026-07-09 11:46:00	2026-07-09 11:45:00	trailing	2.5271	3.4546	2.5271	8.6821
16199	2026-07-09	REGULAR	train	2026-07-09 09:47:00	2026-07-09 09:49:00	mechanical	1.4777	1.4777	0.8209	-0.3614
16209	2026-07-09	REGULAR	train	2026-07-09 09:35:00	2026-07-09 09:36:00	mechanical	2.626	2.626	1.81	1.2451
16479	2026-07-10	REGULAR	train	2026-07-10 12:44:00		mechanical	1.5144	1.5144	1.5144	1.5144
16521	2026-07-10	REGULAR	train		2026-07-10 11:48:00	trailing	0.3396	0.6244	0.3396	0.6244
16495	2026-07-10	REGULAR	train	2026-07-10 09:53:00	2026-07-10 09:55:00	mechanical	1.4298	1.4298	2.7207	1.7986
17400	2026-07-13	REGULAR	train		2026-07-13 12:57:00	trailing	0.185	0.766	0.185	0.766
17206	2026-07-13	PREMARKET	train	2026-07-13 08:13:00	2026-07-13 08:11:00	trailing	0.7525	1.8244	0.7525	-0.3193
18026	2026-07-14	REGULAR	train	2026-07-14 14:01:00	2026-07-14 14:00:00	trailing	0.5173	1.9186	0.5173	0.4239
18413	2026-07-14	REGULAR	train		2026-07-14 13:38:00	trailing	0.5561	1.0147	0.5561	1.0147
18911	2026-07-15	REGULAR	train			fallback_20m	-1.2081	-1.2081	-1.2081	-1.2081
20752	2026-07-20	REGULAR	train			fallback_20m	-0.5389	-0.5389	-0.5389	-0.5389
20422	2026-07-20	REGULAR	train		2026-07-20 14:39:00	trailing	0.1479	-0.7969	0.1479	-0.7969
20647	2026-07-20	REGULAR	train	2026-07-20 13:45:00	2026-07-20 13:44:00	trailing	-0.054	2.2335	-0.054	1.5296
20372	2026-07-20	REGULAR	train	2026-07-20 13:39:00	2026-07-20 13:42:00	mechanical	1.9893	1.9893	1.8928	0.2524
20556	2026-07-20	REGULAR	train	2026-07-20 13:29:00	2026-07-20 13:27:00	trailing	4.335	2.245	4.335	-0.45
20566	2026-07-20	REGULAR	train	2026-07-20 13:13:00	2026-07-20 13:10:00	trailing	1.144	1.5257	1.144	1.9837
20390	2026-07-20	REGULAR	train	2026-07-20 12:20:00	2026-07-20 12:11:00	trailing	-0.23	2.3765	-0.23	1.3628
20512	2026-07-20	REGULAR	train	2026-07-20 12:06:00	2026-07-20 12:03:00	trailing	0.3231	1.9825	0.3231	4.4716
20397	2026-07-20	REGULAR	train			fallback_20m	-1.8827	-1.8827	-1.8827	-1.8827
20406	2026-07-20	REGULAR	train			fallback_20m	-0.8319	-0.8319	-0.8319	-0.8319
20554	2026-07-20	REGULAR	train			fallback_20m	-4.3442	-4.3442	-4.3442	-4.3442
20479	2026-07-20	REGULAR	train	2026-07-20 10:19:00	2026-07-20 10:06:00	trailing	2.785	1.5516	2.785	2.5795
20363	2026-07-20	REGULAR	train	2026-07-20 09:57:00	2026-07-20 09:57:00	same_minute	3.0374	3.0374	3.0374	3.121
21127	2026-07-21	REGULAR	train	2026-07-21 11:51:00	2026-07-21 11:53:00	mechanical	3.6499	3.6499	5.0356	1.1557
21067	2026-07-21	REGULAR	train		2026-07-21 10:26:00	trailing	0.2071	-0.2973	0.2071	-0.2973
22041	2026-07-22	REGULAR	train			fallback_20m	-0.8839	-0.8839	-0.8839	-0.8839
21913	2026-07-22	REGULAR	train			fallback_20m	0.7314	0.7314	0.7314	0.7314
22035	2026-07-22	REGULAR	train			fallback_20m	-1.2725	-1.2725	-1.2725	-1.2725
22101	2026-07-22	REGULAR	train	2026-07-22 10:55:00	2026-07-22 10:54:00	trailing	1.1267	1.6485	1.1267	-0.23
22175	2026-07-22	REGULAR	train		2026-07-22 10:00:00	trailing	0.7157	-1.6485	0.7157	-1.6485
21845	2026-07-22	PREMARKET	train	2026-07-22 08:18:00	2026-07-22 08:17:00	trailing	8.3576	6.682	8.3576	5.7045
21848	2026-07-22	PREMARKET	train		2026-07-22 08:13:00	trailing	0.7857	0.8638	0.7857	0.8638
21847	2026-07-22	PREMARKET	train		2026-07-22 08:14:00	trailing	0.4118	-1.747	0.4118	-1.747
23336	2026-07-23	REGULAR	train		2026-07-23 13:31:00	trailing	0.271	0.1458	0.271	0.1458
23101	2026-07-23	REGULAR	train	2026-07-23 12:32:00	2026-07-23 12:26:00	trailing	1.1026	1.9022	1.1026	-0.3188
22732	2026-07-23	REGULAR	train		2026-07-23 11:07:00	trailing	0.8597	0.4965	0.8597	0.4965
22855	2026-07-23	REGULAR	train			fallback_20m	-0.3386	-0.3386	-0.3386	-0.3386
22888	2026-07-23	REGULAR	train			fallback_20m	-3.3795	-3.3795	-3.3795	-3.3795
23752	2026-07-24	REGULAR	train		2026-07-24 12:41:00	trailing	0.3446	0.5535	0.3446	0.5535
23735	2026-07-24	REGULAR	train			fallback_20m	0.0767	0.0767	0.0767	0.0767
24195	2026-07-27	REGULAR	train			fallback_20m	-0.0287	-0.0287	-0.0287	-0.0287
24652	2026-07-28	PREMARKET	holdout	2026-07-28 08:26:00	2026-07-28 08:24:00	trailing	0.1892	2.5647	0.1892	4.9402
24651	2026-07-28	PREMARKET	holdout	2026-07-28 08:20:00	2026-07-28 08:20:00	same_minute	4.5413	4.5413	4.5413	-0.8709
24659	2026-07-28	PREMARKET	holdout	2026-07-28 08:18:00	2026-07-28 08:19:00	mechanical	2.1621	2.1621	1.3453	4.0875
24655	2026-07-28	PREMARKET	holdout		2026-07-28 08:15:00	trailing	0.0856	-0.6507	0.0856	-0.6507
24649	2026-07-28	PREMARKET	holdout		2026-07-28 08:14:00	trailing	-0.23	0.0308	-0.23	0.0308
24646	2026-07-28	PREMARKET	holdout	2026-07-28 08:16:00	2026-07-28 08:14:00	trailing	4.0651	3.0834	4.0651	9.8329
24642	2026-07-28	PREMARKET	holdout	2026-07-28 08:19:00	2026-07-28 08:08:00	trailing	3.0281	4.9105	3.0281	3.1729
25063	2026-07-29	REGULAR	train	2026-07-29 13:05:00	2026-07-29 12:59:00	trailing	2.4394	1.7721	2.4394	-2.3989
24975	2026-07-29	PREMARKET	holdout		2026-07-29 08:35:00	trailing	0.0064	-0.23	0.0064	-0.23
24983	2026-07-29	PREMARKET	holdout	2026-07-29 08:30:00	2026-07-29 08:29:00	trailing	0.6823	1.7604	0.6823	1.1799
25712	2026-07-31	REGULAR	train			fallback_20m	-1.7733	-1.7733	-1.7733	-1.7733
25439	2026-07-31	REGULAR	train		2026-07-31 10:27:00	trailing	0.4119	-0.4134	0.4119	-0.4134
25691	2026-07-31	REGULAR	train		2026-07-31 10:24:00	trailing	1.1247	-1.246	1.1247	-1.246
25678	2026-07-31	REGULAR	train	2026-07-31 10:24:00	2026-07-31 10:14:00	trailing	0.2464	1.6075	0.2464	-1.2508
25413	2026-07-31	REGULAR	train	2026-07-31 09:30:00	2026-07-31 09:36:00	mechanical	1.5951	1.5951	2.4062	1.3923
26448	2026-08-03	REGULAR	train			fallback_20m	0.9927	0.9927	0.9927	0.9927
26237	2026-08-03	REGULAR	train	2026-08-03 10:05:00	2026-08-03 10:06:00	mechanical	1.6622	1.6622	3.2103	3.2103
26140	2026-08-03	REGULAR	train	2026-08-03 09:58:00	2026-08-03 09:59:00	mechanical	1.5033	1.5033	1.226	-0.646
26321	2026-08-03	REGULAR	train	2026-08-03 09:58:00		mechanical	2.2756	2.2756	5.0091	5.0091
26323	2026-08-03	REGULAR	train		2026-08-03 09:34:00	trailing	0.3398	-4.4715	0.3398	-4.4715
26293	2026-08-03	REGULAR	train	2026-08-03 09:08:00	2026-08-03 09:06:00	trailing	0.986	2.5337	0.986	2.5337
26163	2026-08-03	PREMARKET	holdout			fallback_20m	-1.4346	-1.4346	-1.4346	-1.4346
26170	2026-08-03	PREMARKET	holdout	2026-08-03 08:24:00	2026-08-03 08:23:00	trailing	0.6189	2.3666	0.6189	-0.4297
26164	2026-08-03	PREMARKET	holdout	2026-08-03 08:17:00	2026-08-03 08:18:00	mechanical	2.4046	2.4046	1.5033	5.386
26158	2026-08-03	PREMARKET	holdout		2026-08-03 08:13:00	trailing	0.1514	-0.5351	0.1514	-0.5351
26145	2026-08-03	PREMARKET	holdout	2026-08-03 08:09:00	2026-08-03 08:08:00	trailing	3.6413	3.9129	3.6413	15.1871
27180	2026-08-04	REGULAR	train			fallback_20m	-0.7621	-0.7621	-0.7621	-0.7621
27107	2026-08-04	REGULAR	train		2026-08-04 10:27:00	trailing	0.2412	0.5779	0.2412	0.5779
27262	2026-08-04	REGULAR	train	2026-08-04 10:22:00	2026-08-04 10:20:00	trailing	0.9448	1.5321	0.9448	2.7908
27214	2026-08-04	REGULAR	train			fallback_20m	-1.5562	-1.5562	-1.5562	-1.5562
27121	2026-08-04	REGULAR	train	2026-08-04 09:53:00	2026-08-04 09:53:00	same_minute	1.9919	1.9919	1.9919	-1.3051
27158	2026-08-04	REGULAR	train	2026-08-04 09:25:00	2026-08-04 09:26:00	mechanical	1.3879	1.3879	1.2531	-0.9041
27123	2026-08-04	REGULAR	train			fallback_20m	-1.6174	-1.6174	-1.6174	-1.6174
31484	2026-08-13	REGULAR	train			fallback_20m	-0.1784	-0.1784	-0.1784	-0.1784
32279	2026-08-14	REGULAR	train	2026-08-14 13:04:00	2026-08-14 13:02:00	trailing	0.6784	1.9652	0.6784	0.527
32227	2026-08-14	REGULAR	train			fallback_20m	-1.7768	-1.7768	-1.7768	-1.7768
32002	2026-08-14	REGULAR	train		2026-08-14 12:00:00	trailing	0.6201	-0.5391	0.6201	-0.5391
32701	2026-08-18	REGULAR	train			fallback_20m	-0.5016	-0.5016	-0.5016	-0.5016
33175	2026-08-19	REGULAR	holdout	2026-08-19 13:53:00	2026-08-19 13:47:00	trailing	0.7135	2.6004	0.7135	6.0597
32997	2026-08-19	REGULAR	holdout		2026-08-19 13:05:00	trailing	0.8568	-0.23	0.8568	-0.23
33072	2026-08-19	REGULAR	holdout			fallback_20m	-2.0037	-2.0037	-2.0037	-2.0037
32964	2026-08-19	REGULAR	holdout	2026-08-19 10:33:00	2026-08-19 10:29:00	trailing	1.1691	1.3844	1.1691	1.7073
33067	2026-08-19	REGULAR	holdout	2026-08-19 09:45:00	2026-08-19 09:45:00	same_minute	2.2082	2.2082	2.2082	5.2315
33440	2026-08-20	REGULAR	holdout	2026-08-20 13:51:00	2026-08-20 13:50:00	trailing	0.9188	1.8909	0.9188	-0.0533
33766	2026-08-20	REGULAR	holdout	2026-08-20 13:30:00	2026-08-20 13:31:00	mechanical	1.4328	1.4328	0.9793	3.0957
33654	2026-08-20	REGULAR	holdout			fallback_20m	-0.8297	-0.8297	-0.8297	-0.8297
33569	2026-08-20	REGULAR	holdout			fallback_20m	0.8857	0.8857	0.8857	0.8857
33470	2026-08-20	REGULAR	holdout			fallback_20m	-0.0378	-0.0378	-0.0378	-0.0378
33703	2026-08-20	REGULAR	holdout			fallback_20m	-2.4068	-2.4068	-2.4068	-2.4068
33537	2026-08-20	REGULAR	holdout	2026-08-20 11:33:00	2026-08-20 11:32:00	trailing	1.7902	2.7025	1.7902	3.0935
33493	2026-08-20	REGULAR	holdout	2026-08-20 11:15:00	2026-08-20 11:16:00	mechanical	2.5252	2.5252	1.9954	-0.7069
33629	2026-08-20	REGULAR	holdout		2026-08-20 10:24:00	trailing	0.7293	-2.6283	0.7293	-2.6283
34080	2026-08-21	REGULAR	holdout		2026-08-21 10:48:00	trailing	1.1003	-1.8021	1.1003	-1.8021
34017	2026-08-21	REGULAR	holdout		2026-08-21 10:46:00	trailing	0.1441	0.1441	0.1441	0.1441
34172	2026-08-21	REGULAR	holdout			fallback_20m	-2.7206	-2.7206	-2.7206	-2.7206
34204	2026-08-21	REGULAR	holdout		2026-08-21 10:41:00	trailing	0.2709	-7.5771	0.2709	-7.5771
34200	2026-08-21	REGULAR	holdout		2026-08-21 10:37:00	trailing	-0.0765	-0.4602	-0.0765	-0.4602
34130	2026-08-21	REGULAR	holdout	2026-08-21 10:39:00	2026-08-21 10:35:00	trailing	-0.6496	0.1056	-0.6496	-5.0968
34129	2026-08-21	REGULAR	holdout	2026-08-21 10:05:00	2026-08-21 10:03:00	trailing	0.8656	2.0342	0.8656	-4.101
34132	2026-08-21	REGULAR	holdout			fallback_20m	-1.2323	-1.2323	-1.2323	-1.2323
34085	2026-08-21	REGULAR	holdout	2026-08-21 09:24:00	2026-08-21 09:17:00	trailing	0.738	2.545	0.738	2.9322
34702	2026-08-24	REGULAR	holdout			fallback_20m	-0.23	-0.23	-0.23	-0.23
34524	2026-08-24	REGULAR	holdout			fallback_20m	0.0939	0.0939	0.0939	0.0939
34639	2026-08-24	REGULAR	holdout		2026-08-24 09:57:00	trailing	0.2838	-0.23	0.2838	-0.23
34620	2026-08-24	REGULAR	holdout		2026-08-24 09:45:00	trailing	-0.032	0.7598	-0.032	0.7598
35220	2026-08-25	REGULAR	holdout			fallback_20m	-0.8774	-0.8774	-0.8774	-0.8774
35596	2026-08-25	REGULAR	holdout			fallback_20m	0.8664	0.8664	0.8664	0.8664
35399	2026-08-25	REGULAR	holdout		2026-08-25 14:20:00	trailing	0.9867	1.0925	0.9867	1.0925
35391	2026-08-25	REGULAR	holdout			fallback_20m	-0.3904	-0.3904	-0.3904	-0.3904
35225	2026-08-25	REGULAR	holdout			fallback_20m	-0.5296	-0.5296	-0.5296	-0.5296
35355	2026-08-25	REGULAR	holdout			fallback_20m	0.0276	0.0276	0.0276	0.0276
35224	2026-08-25	REGULAR	holdout	2026-08-25 09:39:00	2026-08-25 09:35:00	trailing	-0.0559	1.6853	-0.0559	0.3794
35317	2026-08-25	REGULAR	holdout	2026-08-25 09:36:00	2026-08-25 09:27:00	trailing	0.9184	2.0669	0.9184	0.2007
36518	2026-08-27	REGULAR	holdout			fallback_20m	-1.689	-1.689	-1.689	-1.689
37040	2026-08-28	REGULAR	holdout	2026-08-28 10:35:00	2026-08-28 10:35:00	same_minute	2.68	2.68	2.68	0.3243
36974	2026-08-28	REGULAR	holdout	2026-08-28 10:22:00	2026-08-28 10:18:00	trailing	0.7293	1.5142	0.7293	-1.3637
37706	2026-08-31	REGULAR	holdout	2026-08-31 09:27:00	2026-08-31 09:29:00	mechanical	2.5973	2.5973	4.2284	4.2828
37595	2026-08-31	REGULAR	holdout	2026-08-31 09:18:00	2026-08-31 09:18:00	same_minute	2.2684	2.2684	2.2684	7.2097
38279	2026-09-01	REGULAR	holdout			fallback_20m	-1.8532	-1.8532	-1.8532	-1.8532
38227	2026-09-01	REGULAR	holdout	2026-09-01 10:17:00	2026-09-01 10:16:00	trailing	1.2794	2.6378	1.2794	2.2605
39439	2026-09-03	REGULAR	holdout	2026-09-03 10:38:00	2026-09-03 10:38:00	same_minute	2.4235	2.4235	2.4235	0.5281
39381	2026-09-03	REGULAR	holdout	2026-09-03 10:04:00	2026-09-03 10:08:00	mechanical	1.5609	1.5609	1.4117	1.1132
39930	2026-09-04	REGULAR	holdout		2026-09-04 14:27:00	trailing	-0.2821	-1.3235	-0.2821	-1.3235
42193	2026-09-10	REGULAR	holdout	2026-09-10 10:11:00		mechanical	1.7761	1.7761	1.7761	1.7761
42263	2026-09-10	REGULAR	holdout	2026-09-10 10:09:00	2026-09-10 10:10:00	mechanical	2.0831	2.0831	2.4943	1.9803
42219	2026-09-10	REGULAR	holdout			fallback_20m	-0.7921	-0.7921	-0.7921	-0.7921
42977	2026-09-11	REGULAR	holdout			fallback_20m	0.1201	0.1201	0.1201	0.1201
42912	2026-09-11	REGULAR	holdout		2026-09-11 14:49:00	trailing	0.5714	-0.4704	0.5714	-0.4704
42854	2026-09-11	REGULAR	holdout			fallback_20m	0.1243	0.1243	0.1243	0.1243
42998	2026-09-11	REGULAR	holdout	2026-09-11 13:15:00	2026-09-11 13:13:00	trailing	1.0171	1.5783	1.0171	1.0795
42867	2026-09-11	REGULAR	holdout			fallback_20m	-2.1815	-2.1815	-2.1815	-2.1815
42909	2026-09-11	REGULAR	holdout		2026-09-11 10:21:00	trailing	0.2032	-0.0134	0.2032	-0.0134
44107	2026-09-15	REGULAR	holdout		2026-09-15 11:19:00	trailing	0.2847	-0.8305	0.2847	-0.8305
46813	2026-09-22	REGULAR	holdout		2026-09-22 09:52:00	trailing	-0.23	-1.4732	-0.23	-1.4732
46725	2026-09-22	REGULAR	holdout	2026-09-22 09:39:00	2026-09-22 09:38:00	trailing	0.9768	1.9552	0.9768	-0.5888
46798	2026-09-22	PREMARKET	holdout			fallback_20m	-2.1556	-2.1556	-2.1556	-2.1556
47677	2026-09-23	REGULAR	holdout			fallback_20m	-1.7081	-1.7081	-1.7081	-1.7081
47823	2026-09-23	REGULAR	holdout			fallback_20m	-2.0162	-2.0162	-2.0162	-2.0162
47662	2026-09-23	REGULAR	holdout			fallback_20m	0.5464	0.5464	0.5464	0.5464
47581	2026-09-23	REGULAR	holdout		2026-09-23 09:39:00	trailing	0.5945	-0.0926	0.5945	-0.0926
47714	2026-09-23	REGULAR	holdout			fallback_20m	-2.3802	-2.3802	-2.3802	-2.3802
47515	2026-09-23	PREMARKET	holdout			fallback_20m	-0.5214	-0.5214	-0.5214	-0.5214
