kind	path	line	function	callee_or_reference	api_ids	runtime_reachability
endpoint_site	src/engine/kiwoom_orders.py	1242	_get_deposit_real	_post_kiwoom_with_auth_retry	kt00001	static_only
endpoint_site	src/engine/kiwoom_orders.py	1406	get_my_inventory	_post_kiwoom_with_auth_retry	kt00018	static_only
endpoint_site	src/engine/kiwoom_orders.py	2193	send_buy_order_market	_post_kiwoom_with_auth_retry	kt10000	static_only
endpoint_site	src/engine/kiwoom_orders.py	2416	send_sell_order_market	_post_kiwoom_with_auth_retry	kt10001	static_only
endpoint_site	src/engine/kiwoom_orders.py	2556	send_cancel_order	_post_kiwoom_with_auth_retry	kt10003	static_only
endpoint_site	src/engine/kiwoom_sniper_v2.py	8208	_fetch_rest_quote_snapshot_for_ws_gap	kiwoom_utils.fetch_kiwoom_api_continuous	ka10001	static_only
endpoint_site	src/engine/market_panic_breadth_collector.py	1238	fetch_kiwoom_market_breadth	kiwoom_utils.fetch_kiwoom_api_continuous	ka20003	static_only
endpoint_site	src/engine/monitoring/low_price_two_leg_tuning.py	400	load_realized_pnl_ka10073	kiwoom_utils.fetch_kiwoom_api_continuous	ka10073	static_only
endpoint_site	src/engine/signal_radar.py	448	get_market_regime	kiwoom_utils.fetch_kiwoom_api_continuous	ka20006	static_only
endpoint_site	src/engine/sniper_state_handlers.py	48553	_fetch_holding_rest_quote_snapshot	kiwoom_utils.fetch_kiwoom_api_continuous	ka10001	static_only
endpoint_site	src/trading/low_price_two_leg/gateway.py	396	seed_fetch	self._post	ka10080	static_only
endpoint_site	src/trading/low_price_two_leg/gateway.py	418	completed_sor_minute_bars	self._post	ka10080	static_only
endpoint_site	src/trading/low_price_two_leg/gateway.py	547	submit_limit_buy	self._post	kt10000	static_only
endpoint_site	src/trading/low_price_two_leg/gateway.py	576	submit_limit_sell	self._post	kt10001	static_only
endpoint_site	src/trading/low_price_two_leg/gateway.py	595	cancel_buy	self._post	kt10003	static_only
endpoint_site	src/trading/low_price_two_leg/gateway.py	639	execution_snapshot	self._post	kt00007	static_only
endpoint_site	src/trading/low_price_two_leg/gateway.py	783	current_open_sell_snapshot	self._post	ka10075	static_only
endpoint_site	src/trading/order/adaptive_exit/broker.py	860	submit_closed_group_residual	self._write	kt10001	static_only
endpoint_site	src/trading/order/adaptive_exit/broker.py	961	cancel_owned_sell	self._write	kt10003	static_only
endpoint_site	src/trading/order/adaptive_exit/broker.py	993	amend_owned_sell	self._write	kt10002	static_only
endpoint_site	src/trading/order/adaptive_exit/broker.py	1014	submit_owned_sell	self._write	kt10001	static_only
endpoint_site	src/trading/order/adaptive_exit/broker.py	1082	submit_partial_cancel_residual	self._write	kt10001	static_only
endpoint_site	src/trading/order/adaptive_exit/buy_cancel.py	343	cancel_owned_buy	t._write	kt10003	static_only
endpoint_site	src/trading/samsung_afternoon_one_share/gateway.py	299	seed_fetch	self._post	ka10080	static_only
endpoint_site	src/trading/samsung_afternoon_one_share/gateway.py	321	completed_sor_minute_bars	self._post	ka10080	static_only
endpoint_site	src/trading/samsung_afternoon_one_share/gateway.py	445	submit_limit_sell	self._post	kt10001	static_only
endpoint_site	src/trading/samsung_afternoon_one_share/gateway.py	464	cancel_buy	self._post	kt10003	static_only
endpoint_site	src/trading/samsung_afternoon_one_share/gateway.py	509	execution_snapshot	self._post	kt00007	static_only
endpoint_site	src/trading/samsung_midday_one_share/gateway.py	297	seed_fetch	self._post	ka10080	static_only
endpoint_site	src/trading/samsung_midday_one_share/gateway.py	319	completed_sor_minute_bars	self._post	ka10080	static_only
endpoint_site	src/trading/samsung_midday_one_share/gateway.py	443	submit_limit_sell	self._post	kt10001	static_only
endpoint_site	src/trading/samsung_midday_one_share/gateway.py	462	cancel_buy	self._post	kt10003	static_only
endpoint_site	src/trading/samsung_midday_one_share/gateway.py	507	execution_snapshot	self._post	kt00007	static_only
endpoint_site	src/trading/samsung_morning_one_share/gateway.py	323	opening_price	self._post	ka10080	static_only
endpoint_site	src/trading/samsung_morning_one_share/gateway.py	364	seed_fetch	self._post	ka10080	static_only
endpoint_site	src/trading/samsung_morning_one_share/gateway.py	386	completed_sor_minute_bars	self._post	ka10080	static_only
endpoint_site	src/trading/samsung_morning_one_share/gateway.py	522	submit_limit_sell	self._post	kt10001	static_only
endpoint_site	src/trading/samsung_morning_one_share/gateway.py	542	cancel	self._post	kt10003	static_only
endpoint_site	src/trading/samsung_morning_one_share/gateway.py	564	cancel_manual_addon_remaining	self._post	kt10003	static_only
endpoint_site	src/trading/samsung_morning_one_share/gateway.py	606	_execution_snapshot_for_quantity	self._post	kt00007	static_only
endpoint_site	src/utils/kiwoom_utils.py	760	_request_new_kiwoom_token	requests.post	au10001	static_only
endpoint_site	src/utils/kiwoom_utils.py	856	get_account_balance_kt00005	fetch_kiwoom_api_continuous	kt00005	static_only
endpoint_site	src/utils/kiwoom_utils.py	948	get_account_balance_kt00005_with_meta	fetch_kiwoom_api_continuous	kt00005	static_only
endpoint_site	src/utils/kiwoom_utils.py	1030	get_account_execution_snapshot_kt00008	fetch_kiwoom_api_continuous	kt00008	static_only
endpoint_site	src/utils/kiwoom_utils.py	1100	get_orderable_by_margin_kt00011	fetch_kiwoom_api_continuous	kt00011	static_only
endpoint_site	src/utils/kiwoom_utils.py	1697	get_order_reference_snapshot_kt00007	fetch_kiwoom_api_continuous	kt00007	static_only
endpoint_site	src/utils/kiwoom_utils.py	1740	get_order_reference_snapshot_kt00007_with_meta	_fetch_kiwoom_api_continuous_with_meta	kt00007	static_only
endpoint_site	src/utils/kiwoom_utils.py	1785	get_order_reference_snapshot_ka10076	fetch_kiwoom_api_continuous	ka10076	static_only
endpoint_site	src/utils/kiwoom_utils.py	1821	get_unfilled_order_snapshot_ka10075	fetch_kiwoom_api_continuous	ka10075	static_only
endpoint_site	src/utils/kiwoom_utils.py	1855	get_unfilled_order_snapshot_ka10075_with_meta	_fetch_kiwoom_api_continuous_with_meta	ka10075	static_only
endpoint_site	src/utils/kiwoom_utils.py	1954	get_industry_list_ka10101	fetch_kiwoom_api_continuous	ka10101	static_only
endpoint_site	src/utils/kiwoom_utils.py	1985	get_theme_group_list_ka90001	fetch_kiwoom_api_continuous	ka90001	static_only
endpoint_site	src/utils/kiwoom_utils.py	2011	get_stock_theme_groups_ka90001	fetch_kiwoom_api_continuous	ka90001	static_only
endpoint_site	src/utils/kiwoom_utils.py	2033	get_nxt_enabled_codes_ka10099	fetch_kiwoom_api_continuous	ka10099	static_only
endpoint_site	src/utils/kiwoom_utils.py	2128	get_stock_eligibility_map_ka10099	fetch_kiwoom_api_continuous	ka10099	static_only
endpoint_site	src/utils/kiwoom_utils.py	2327	get_basic_info_ka10001	fetch_kiwoom_api_continuous	ka10001	static_only
endpoint_site	src/utils/kiwoom_utils.py	2505	get_daily_ohlcv_ka10081_df	_fetch_kiwoom_api_continuous_with_meta	ka10081	static_only
endpoint_site	src/utils/kiwoom_utils.py	2599	get_item_info_ka10100	fetch_kiwoom_api_continuous	ka10100	static_only
endpoint_site	src/utils/kiwoom_utils.py	2620	get_index_daily_ka20006	fetch_kiwoom_api_continuous	ka20006	static_only
endpoint_site	src/utils/kiwoom_utils.py	2649	get_index_minute_candles_ka20005_with_meta	_fetch_kiwoom_api_continuous_with_meta	ka20005	static_only
endpoint_site	src/utils/kiwoom_utils.py	2718	get_realtime_hot_stocks_ka00198	fetch_kiwoom_api_continuous	ka00198	static_only
endpoint_site	src/utils/kiwoom_utils.py	2779	get_daily_data_ka10005_df	fetch_kiwoom_api_continuous	ka10005	static_only
endpoint_site	src/utils/kiwoom_utils.py	2863	get_investor_daily_ka10059_df	fetch_kiwoom_api_continuous	ka10059	static_only
endpoint_site	src/utils/kiwoom_utils.py	2951	get_margin_daily_ka10013_df	fetch_kiwoom_api_continuous	ka10013	static_only
endpoint_site	src/utils/kiwoom_utils.py	3039	get_top_fluctuation_ka10027	fetch_kiwoom_api_continuous	ka10027	static_only
endpoint_site	src/utils/kiwoom_utils.py	3171	get_top_open_fluctuation_ka10028	fetch_kiwoom_api_continuous	ka10028	static_only
endpoint_site	src/utils/kiwoom_utils.py	3357	get_realtime_item_rank_ka00198	fetch_kiwoom_api_continuous	ka00198	static_only
endpoint_site	src/utils/kiwoom_utils.py	3492	get_price_jump_ka10019	fetch_kiwoom_api_continuous	ka10019	static_only
endpoint_site	src/utils/kiwoom_utils.py	3550	get_high_price_proximity_ka10018	fetch_kiwoom_api_continuous	ka10018	static_only
endpoint_site	src/utils/kiwoom_utils.py	3619	get_new_high_ka10016	fetch_kiwoom_api_continuous	ka10016	static_only
endpoint_site	src/utils/kiwoom_utils.py	3676	get_value_top_ka10032	fetch_kiwoom_api_continuous	ka10032	static_only
endpoint_site	src/utils/kiwoom_utils.py	3769	get_stock_orderbook_ka10004	fetch_kiwoom_api_continuous	ka10004	static_only
endpoint_site	src/utils/kiwoom_utils.py	3935	get_bid_balance_surge_ka10021	fetch_kiwoom_api_continuous	ka10021	static_only
endpoint_site	src/utils/kiwoom_utils.py	3996	get_vi_triggered_ka10054	fetch_kiwoom_api_continuous	ka10054	static_only
endpoint_site	src/utils/kiwoom_utils.py	4076	get_zero_base_volume_surge_ka10023	fetch_kiwoom_api_continuous	ka10023	static_only
endpoint_site	src/utils/kiwoom_utils.py	4146	scan_volume_spike_ka10023	fetch_kiwoom_api_continuous	ka10023	static_only
endpoint_site	src/utils/kiwoom_utils.py	4227	scan_orderbook_spike_ka10021	fetch_kiwoom_api_continuous	ka10021	static_only
endpoint_site	src/utils/kiwoom_utils.py	4284	check_program_buying_ka90008	fetch_kiwoom_api_continuous	ka90008	static_only
endpoint_site	src/utils/kiwoom_utils.py	4399	check_execution_strength_ka10046	fetch_kiwoom_api_continuous	ka10046	static_only
endpoint_site	src/utils/kiwoom_utils.py	4564	get_tick_history_ka10003	fetch_kiwoom_api_continuous	ka10003	static_only
endpoint_site	src/utils/kiwoom_utils.py	4904	get_recent_signed_trades_ka10084	fetch_kiwoom_api_continuous	ka10084	static_only
endpoint_site	src/utils/kiwoom_utils.py	5034	get_minute_candles_ka10080_with_meta	_fetch_kiwoom_api_continuous_with_meta	ka10080	static_only
endpoint_site	src/utils/kiwoom_utils.py	5947	get_investor_period_total_ka10061	fetch_kiwoom_api_continuous	ka10061	static_only
endpoint_site	src/utils/kiwoom_utils.py	6000	get_intraday_investor_trade_ka10063	fetch_kiwoom_api_continuous	ka10063	static_only
endpoint_site	src/utils/kiwoom_utils.py	6051	get_intraday_investor_chart_ka10064	fetch_kiwoom_api_continuous	ka10064	static_only
endpoint_site	src/utils/kiwoom_utils.py	6093	get_postclose_investor_trade_ka10066	fetch_kiwoom_api_continuous	ka10066	static_only
call	src/notify/telegram_manager.py	912	process_manual_add_step	kiwoom_utils.get_kiwoom_token	au10001	static_only
call	src/notify/telegram_manager.py	914	process_manual_add_step	kiwoom_utils.get_basic_info_ka10001	au10001|ka10001	static_only
call	src/utils/kiwoom_utils.py	533	_refresh_kiwoom_token_after_8005	get_kiwoom_token_after_auth_failure	au10001	static_only
call	src/utils/kiwoom_utils.py	1030	get_account_execution_snapshot_kt00008	fetch_kiwoom_api_continuous	au10001	static_only
call	src/utils/kiwoom_utils.py	1100	get_orderable_by_margin_kt00011	fetch_kiwoom_api_continuous	au10001	static_only
call	src/utils/kiwoom_utils.py	1697	get_order_reference_snapshot_kt00007	fetch_kiwoom_api_continuous	au10001	static_only
call	src/utils/kiwoom_utils.py	1740	get_order_reference_snapshot_kt00007_with_meta	_fetch_kiwoom_api_continuous_with_meta	au10001	static_only
call	src/utils/kiwoom_utils.py	1785	get_order_reference_snapshot_ka10076	fetch_kiwoom_api_continuous	au10001	static_only
call	src/utils/kiwoom_utils.py	1821	get_unfilled_order_snapshot_ka10075	fetch_kiwoom_api_continuous	au10001	static_only
call	src/utils/kiwoom_utils.py	1855	get_unfilled_order_snapshot_ka10075_with_meta	_fetch_kiwoom_api_continuous_with_meta	au10001	static_only
call	src/utils/kiwoom_utils.py	1954	get_industry_list_ka10101	fetch_kiwoom_api_continuous	au10001	static_only
call	src/utils/kiwoom_utils.py	1985	get_theme_group_list_ka90001	fetch_kiwoom_api_continuous	au10001	static_only
call	src/utils/kiwoom_utils.py	2011	get_stock_theme_groups_ka90001	fetch_kiwoom_api_continuous	au10001	static_only
call	src/utils/kiwoom_utils.py	2070	get_nxt_flag_map_ka10099	get_nxt_enabled_codes_ka10099	au10001|ka10099	static_only
call	src/utils/kiwoom_utils.py	2327	get_basic_info_ka10001	fetch_kiwoom_api_continuous	au10001	static_only
call	src/utils/kiwoom_utils.py	2505	get_daily_ohlcv_ka10081_df	_fetch_kiwoom_api_continuous_with_meta	au10001	static_only
call	src/utils/kiwoom_utils.py	2599	get_item_info_ka10100	fetch_kiwoom_api_continuous	au10001	static_only
call	src/utils/kiwoom_utils.py	2620	get_index_daily_ka20006	fetch_kiwoom_api_continuous	au10001	static_only
call	src/utils/kiwoom_utils.py	2649	get_index_minute_candles_ka20005_with_meta	_fetch_kiwoom_api_continuous_with_meta	au10001	static_only
call	src/utils/kiwoom_utils.py	2718	get_realtime_hot_stocks_ka00198	fetch_kiwoom_api_continuous	au10001	static_only
call	src/utils/kiwoom_utils.py	2779	get_daily_data_ka10005_df	fetch_kiwoom_api_continuous	au10001	static_only
call	src/utils/kiwoom_utils.py	2863	get_investor_daily_ka10059_df	fetch_kiwoom_api_continuous	au10001	static_only
call	src/utils/kiwoom_utils.py	2951	get_margin_daily_ka10013_df	fetch_kiwoom_api_continuous	au10001	static_only
call	src/utils/kiwoom_utils.py	3039	get_top_fluctuation_ka10027	fetch_kiwoom_api_continuous	au10001	static_only
call	src/utils/kiwoom_utils.py	3171	get_top_open_fluctuation_ka10028	fetch_kiwoom_api_continuous	au10001	static_only
call	src/utils/kiwoom_utils.py	4076	get_zero_base_volume_surge_ka10023	fetch_kiwoom_api_continuous	au10001	static_only
call	src/utils/kiwoom_utils.py	4146	scan_volume_spike_ka10023	fetch_kiwoom_api_continuous	au10001	static_only
call	src/utils/kiwoom_utils.py	4227	scan_orderbook_spike_ka10021	fetch_kiwoom_api_continuous	au10001	static_only
call	src/utils/kiwoom_utils.py	4284	check_program_buying_ka90008	fetch_kiwoom_api_continuous	au10001	static_only
call	src/utils/kiwoom_utils.py	4376	get_program_flow_realtime	check_program_buying_ka90008	au10001|ka90008	static_only
call	src/utils/kiwoom_utils.py	4399	check_execution_strength_ka10046	fetch_kiwoom_api_continuous	au10001	static_only
call	src/utils/kiwoom_utils.py	4564	get_tick_history_ka10003	fetch_kiwoom_api_continuous	au10001	static_only
call	src/utils/kiwoom_utils.py	4904	get_recent_signed_trades_ka10084	fetch_kiwoom_api_continuous	au10001	static_only
call	src/utils/kiwoom_utils.py	5034	get_minute_candles_ka10080_with_meta	_fetch_kiwoom_api_continuous_with_meta	au10001	static_only
call	src/utils/kiwoom_utils.py	5103	get_minute_candles_ka10080	get_minute_candles_ka10080_with_meta	au10001|ka10080	static_only
call	src/utils/kiwoom_utils.py	5847	get_investor_flow_summary_ka10059	get_investor_daily_ka10059_df	au10001|ka10059	static_only
call	src/utils/kiwoom_utils.py	5947	get_investor_period_total_ka10061	fetch_kiwoom_api_continuous	au10001	static_only
call	src/utils/kiwoom_utils.py	6000	get_intraday_investor_trade_ka10063	fetch_kiwoom_api_continuous	au10001	static_only
call	src/utils/kiwoom_utils.py	6051	get_intraday_investor_chart_ka10064	fetch_kiwoom_api_continuous	au10001	static_only
call	src/utils/kiwoom_utils.py	6093	get_postclose_investor_trade_ka10066	fetch_kiwoom_api_continuous	au10001	static_only
call	src/utils/kiwoom_utils.py	6122	summarize_ticks_for_realtime_ka10003	get_tick_history_ka10003	au10001|ka10003	static_only
call	src/utils/kiwoom_utils.py	833	get_kiwoom_token	_request_new_kiwoom_token	au10001	static_only
call	src/utils/kiwoom_utils.py	856	get_account_balance_kt00005	fetch_kiwoom_api_continuous	au10001	static_only
call	src/utils/kiwoom_utils.py	948	get_account_balance_kt00005_with_meta	fetch_kiwoom_api_continuous	au10001	static_only
call	src/utils/kiwoom_utils.py	2033	get_nxt_enabled_codes_ka10099	fetch_kiwoom_api_continuous	au10001	static_only
call	src/utils/kiwoom_utils.py	2128	get_stock_eligibility_map_ka10099	fetch_kiwoom_api_continuous	au10001	static_only
call	src/utils/kiwoom_utils.py	2472	_fetch_kiwoom_api_continuous_with_meta	fetch_kiwoom_api_continuous	au10001	static_only
call	src/utils/kiwoom_utils.py	3357	get_realtime_item_rank_ka00198	fetch_kiwoom_api_continuous	au10001	static_only
call	src/utils/kiwoom_utils.py	3492	get_price_jump_ka10019	fetch_kiwoom_api_continuous	au10001	static_only
call	src/utils/kiwoom_utils.py	3550	get_high_price_proximity_ka10018	fetch_kiwoom_api_continuous	au10001	static_only
call	src/utils/kiwoom_utils.py	3619	get_new_high_ka10016	fetch_kiwoom_api_continuous	au10001	static_only
call	src/utils/kiwoom_utils.py	3676	get_value_top_ka10032	fetch_kiwoom_api_continuous	au10001	static_only
call	src/utils/kiwoom_utils.py	3769	get_stock_orderbook_ka10004	fetch_kiwoom_api_continuous	au10001	static_only
call	src/utils/kiwoom_utils.py	3935	get_bid_balance_surge_ka10021	fetch_kiwoom_api_continuous	au10001	static_only
call	src/utils/kiwoom_utils.py	3996	get_vi_triggered_ka10054	fetch_kiwoom_api_continuous	au10001	static_only
call	src/utils/kiwoom_utils.py	5195	fetch_kiwoom_api_continuous	_fetch_kiwoom_api_continuous_transport	au10001	static_only
reference	src/utils/kiwoom_utils.py	5274	fetch_kiwoom_api_continuous	scoped_market_read	au10001	static_only
call	src/utils/kiwoom_utils.py	568	get_kiwoom_token_after_auth_failure	get_kiwoom_token	au10001	static_only
call	src/utils/kiwoom_utils.py	571	get_kiwoom_token_after_auth_failure	get_kiwoom_token	au10001	static_only
call	src/utils/kiwoom_utils.py	1880	get_order_reference_snapshot_2nd_pass	get_order_reference_snapshot_kt00007	au10001|kt00007	static_only
call	src/utils/kiwoom_utils.py	1892	get_order_reference_snapshot_2nd_pass	get_order_reference_snapshot_ka10076	au10001|ka10076	static_only
call	src/utils/kiwoom_utils.py	2484	_fetch_kiwoom_api_continuous_with_meta	fetch_kiwoom_api_continuous	au10001	static_only
call	src/utils/kiwoom_utils.py	4193	get_positive_volume_surge_ka10023	scan_volume_spike_ka10023	au10001|ka10023	static_only
call	src/utils/kiwoom_utils.py	4335	check_program_buying_ka90008	check_program_buying_ka90008	au10001|ka90008	static_only
call	src/utils/kiwoom_utils.py	5239	fetch_market_read	_fetch_kiwoom_api_continuous_transport	au10001	static_only
call	src/utils/kiwoom_utils.py	5270	scoped_market_read	fetch_market_read	au10001	static_only
call	src/utils/kiwoom_utils.py	6361	build_realtime_analysis_context	check_execution_strength_ka10046	au10001|ka10046	static_only
call	src/utils/kiwoom_utils.py	6366	build_realtime_analysis_context	get_program_flow_realtime	au10001|ka90008	static_only
call	src/utils/kiwoom_utils.py	6371	build_realtime_analysis_context	get_investor_flow_summary_ka10059	au10001|ka10059	static_only
call	src/utils/kiwoom_utils.py	6376	build_realtime_analysis_context	summarize_ticks_for_realtime_ka10003	au10001|ka10003	static_only
call	src/utils/kiwoom_utils.py	6381	build_realtime_analysis_context	get_minute_candles_ka10080	au10001|ka10080	static_only
call	src/utils/kiwoom_utils.py	6386	build_realtime_analysis_context	get_daily_ohlcv_ka10081_df	au10001|ka10081	static_only
reference	src/utils/kiwoom_utils.py	5269	scoped_market_read	stable_scope_fetch	au10001	static_only
call	src/utils/kiwoom_utils.py	5633	_fetch_kiwoom_api_continuous_transport	get_kiwoom_token_after_auth_failure	au10001	static_only
call	src/utils/kiwoom_utils.py	5265	stable_scope_fetch	fetch_market_read	au10001	static_only
call	src/utils/update_kospi.py	355	_collect_and_store_market_eligibility	kiwoom_utils.get_stock_eligibility_map_ka10099	au10001|ka10099	static_only
call	src/utils/update_kospi.py	625	update_kospi_data	kiwoom_utils.get_kiwoom_token	au10001	static_only
call	src/utils/update_kospi.py	387	process_and_save_stock	kiwoom_utils.get_daily_ohlcv_ka10081_df	au10001|ka10081	static_only
call	src/utils/update_kospi.py	393	process_and_save_stock	kiwoom_utils.get_investor_daily_ka10059_df	au10001|ka10059	static_only
call	src/utils/update_kospi.py	399	process_and_save_stock	kiwoom_utils.get_margin_daily_ka10013_df	au10001|ka10013	static_only
call	src/utils/update_kospi.py	405	process_and_save_stock	kiwoom_utils.get_basic_info_ka10001	au10001|ka10001	static_only
call	src/scanners/final_ensemble_scanner.py	159	run_integrated_scanner	kiwoom_utils.get_kiwoom_token	au10001	static_only
call	src/scanners/final_ensemble_scanner.py	180	run_integrated_scanner	kiwoom_utils.get_index_daily_ka20006	au10001|ka20006	static_only
reference	src/scanners/scalping_scanner.py	6695	run_scalper_iteration	kiwoom_utils.get_realtime_item_rank_ka00198	au10001|ka00198	static_only
reference	src/scanners/scalping_scanner.py	6702	run_scalper_iteration	kiwoom_utils.get_price_jump_ka10019	au10001|ka10019	static_only
reference	src/scanners/scalping_scanner.py	6715	run_scalper_iteration	kiwoom_utils.scan_volume_spike_ka10023	au10001|ka10023	static_only
reference	src/scanners/scalping_scanner.py	6725	run_scalper_iteration	kiwoom_utils.get_bid_balance_surge_ka10021	au10001|ka10021	static_only
reference	src/scanners/scalping_scanner.py	6733	run_scalper_iteration	kiwoom_utils.get_high_price_proximity_ka10018	au10001|ka10018	static_only
reference	src/scanners/scalping_scanner.py	6746	run_scalper_iteration	kiwoom_utils.get_new_high_ka10016	au10001|ka10016	static_only
reference	src/scanners/scalping_scanner.py	6759	run_scalper_iteration	kiwoom_utils.get_top_open_fluctuation_ka10028	au10001|ka10028	static_only
reference	src/scanners/scalping_scanner.py	6766	run_scalper_iteration	kiwoom_utils.get_value_top_ka10032	au10001|ka10032	static_only
reference	src/scanners/scalping_scanner.py	6773	run_scalper_iteration	kiwoom_utils.get_vi_triggered_ka10054	au10001|ka10054	static_only
call	src/scanners/scalping_scanner.py	7002	run_scalper	kiwoom_utils.get_kiwoom_token	au10001	static_only
reference	src/scanners/scalping_scanner.py	6651	run_scalper_iteration	kiwoom_utils.get_top_fluctuation_ka10027	au10001|ka10027	static_only
call	src/scanners/scalping_scanner.py	6353	_build_low_rebound_rising_missed_targets	kiwoom_utils.get_minute_candles_ka10080	au10001|ka10080	static_only
reference	src/scanners/zero_base_discovery_source.py	63	fetch_discovery_panels	kiwoom_utils.get_top_fluctuation_ka10027	au10001|ka10027	static_only
reference	src/scanners/zero_base_discovery_source.py	64	fetch_discovery_panels	kiwoom_utils.get_zero_base_volume_surge_ka10023	au10001|ka10023	static_only
call	src/scanners/kosdaq_scanner.py	123	run_kosdaq_scanner	kiwoom_utils.get_kiwoom_token	au10001	static_only
call	src/scanners/kosdaq_scanner.py	132	run_kosdaq_scanner	kiwoom_utils.get_top_open_fluctuation_ka10028	au10001|ka10028	static_only
call	src/scanners/kosdaq_scanner.py	135	run_kosdaq_scanner	kiwoom_utils.scan_volume_spike_ka10023	au10001|ka10023	static_only
call	src/scanners/kosdaq_scanner.py	167	run_kosdaq_scanner	kiwoom_utils.check_program_buying_ka90008	au10001|ka90008	static_only
call	src/scanners/kosdaq_scanner.py	179	run_kosdaq_scanner	kiwoom_utils.get_daily_ohlcv_ka10081_df	au10001|ka10081	static_only
call	src/scanners/kosdaq_scanner.py	186	run_kosdaq_scanner	kiwoom_utils.get_investor_daily_ka10059_df	au10001|ka10059	static_only
call	src/scanners/kosdaq_scanner.py	187	run_kosdaq_scanner	kiwoom_utils.get_margin_daily_ka10013_df	au10001|ka10013	static_only
call	src/engine/sniper_post_sell_feedback.py	185	_fetch_minute_candles_with_meta	kiwoom_utils.get_minute_candles_ka10080_with_meta	au10001|ka10080	static_only
call	src/engine/sniper_post_sell_feedback.py	190	_fetch_minute_candles_with_meta	kiwoom_utils.get_minute_candles_ka10080	au10001|ka10080	static_only
call	src/engine/sniper_post_sell_feedback.py	1493	evaluate_post_sell_candidates	kiwoom_utils.get_kiwoom_token	au10001	static_only
call	src/engine/sniper_post_sell_feedback.py	1714	evaluate_sim_post_sell_candidates	kiwoom_utils.get_kiwoom_token	au10001	static_only
call	src/engine/sniper_analysis.py	190	analyze_stock_now	kiwoom_utils.get_program_flow_realtime	au10001|ka90008	static_only
call	src/engine/sniper_analysis.py	196	analyze_stock_now	kiwoom_utils.get_investor_daily_ka10059_df	au10001|ka10059	static_only
call	src/engine/sniper_analysis.py	349	get_detailed_reason	kiwoom_utils.get_tick_history_ka10003	au10001|ka10003	static_only
call	src/engine/sniper_analysis.py	88	analyze_stock_now	kiwoom_utils.get_basic_info_ka10001	au10001|ka10001	static_only
call	src/engine/sniper_analysis.py	104	analyze_stock_now	kiwoom_utils.get_tick_history_ka10003	au10001|ka10003	static_only
call	src/engine/sniper_analysis.py	318	get_detailed_reason	kiwoom_utils.get_tick_history_ka10003	au10001|ka10003	static_only
call	src/engine/sniper_analysis.py	494	get_realtime_ai_scores	kiwoom_utils.get_tick_history_ka10003	au10001|ka10003	static_only
call	src/engine/sniper_analysis.py	470	get_realtime_ai_scores	kiwoom_utils.get_tick_history_ka10003	au10001|ka10003	static_only
call	src/trading/samsung_afternoon_one_share/gateway.py	396	entry_liquidity_snapshot	kiwoom_utils.get_stock_orderbook_ka10004	au10001|ka10004	static_only
call	src/trading/samsung_afternoon_one_share/gateway.py	418	entry_execution_velocity_snapshot	kiwoom_utils.get_tick_history_ka10003	au10001|ka10003	static_only
call	src/engine/sniper_overnight_gatekeeper.py	273	_build_scalping_overnight_ctx	kiwoom_utils.build_realtime_analysis_context	au10001|ka10003|ka10046|ka10059|ka10080|ka10081|ka90008	static_only
call	src/engine/sniper_overnight_gatekeeper.py	336	_build_overnight_holding_context	kiwoom_utils.get_tick_history_ka10003	au10001|ka10003	static_only
call	src/engine/sniper_overnight_gatekeeper.py	341	_build_overnight_holding_context	kiwoom_utils.get_minute_candles_ka10080_with_meta	au10001|ka10080	static_only
call	src/engine/sniper_overnight_gatekeeper.py	819	_apply_overnight_flow_override	kiwoom_utils.get_tick_history_ka10003	au10001|ka10003	static_only
call	src/engine/sniper_overnight_gatekeeper.py	822	_apply_overnight_flow_override	kiwoom_utils.get_minute_candles_ka10080	au10001|ka10080	static_only
call	src/engine/kiwoom_orders.py	2269	send_buy_order	send_buy_order_market	au10001|kt10000	static_only
call	src/engine/kiwoom_orders.py	823	_post_kiwoom_with_auth_retry	kiwoom_utils.get_kiwoom_token_after_auth_failure	au10001	static_only
call	src/engine/kiwoom_orders.py	1156	get_deposit	_get_deposit_real	au10001|kt00001	static_only
call	src/engine/kiwoom_orders.py	2193	send_buy_order_market	_post_kiwoom_with_auth_retry	au10001	static_only
call	src/engine/kiwoom_orders.py	2416	send_sell_order_market	_post_kiwoom_with_auth_retry	au10001	static_only
call	src/engine/kiwoom_orders.py	2556	send_cancel_order	_post_kiwoom_with_auth_retry	au10001	static_only
call	src/engine/kiwoom_orders.py	2665	send_smart_sell_order	send_sell_order_market	au10001|kt10001	static_only
call	src/engine/kiwoom_orders.py	2769	reserve_buy_order_ai	send_buy_order_market	au10001|kt10000	static_only
call	src/engine/kiwoom_orders.py	1242	_get_deposit_real	_post_kiwoom_with_auth_retry	au10001	static_only
call	src/engine/kiwoom_orders.py	1406	get_my_inventory	_post_kiwoom_with_auth_retry	au10001	static_only
call	src/engine/kiwoom_orders.py	2629	send_smart_sell_order	send_sell_order_market	au10001|kt10001	static_only
call	src/engine/kiwoom_orders.py	2647	send_smart_sell_order	send_sell_order_market	au10001|kt10001	static_only
call	src/engine/kiwoom_orders.py	2683	send_smart_sell_order	send_sell_order_market	au10001|kt10001	static_only
call	src/engine/kiwoom_orders.py	2703	send_smart_sell_order	send_sell_order_market	au10001|kt10001	static_only
call	src/engine/kiwoom_orders.py	2719	send_smart_sell_order	send_sell_order_market	au10001|kt10001	static_only
call	src/engine/monitoring/low_price_two_leg_tuning.py	400	load_realized_pnl_ka10073	kiwoom_utils.fetch_kiwoom_api_continuous	au10001	static_only
call	src/engine/monitoring/low_price_two_leg_tuning.py	3032	load	kiwoom_utils.get_kiwoom_token	au10001	static_only
reference	src/engine/monitoring/pruned_candidate_bbo_collector.py	161	__init__	kiwoom_utils.get_stock_orderbook_ka10004	au10001|ka10004	static_only
reference	src/engine/monitoring/research_native_capacity_source.py	141	_acquire	native.get_account_balance_kt00005_with_meta	au10001|kt00005	static_only
reference	src/engine/monitoring/research_native_capacity_source.py	142	_acquire	native.get_unfilled_order_snapshot_ka10075_with_meta	au10001|ka10075	static_only
reference	src/engine/monitoring/research_native_capacity_source.py	143	_acquire	orders.get_deposit	au10001|kt00001	static_only
reference	src/engine/monitoring/research_native_capacity_source.py	145	_acquire	native.get_orderable_by_margin_kt00011	au10001|kt00011	static_only
reference	src/engine/monitoring/market_opportunity_census.py	908	capture_market_snapshots	kiwoom_utils.get_top_fluctuation_ka10027	au10001|ka10027	static_only
reference	src/engine/monitoring/market_opportunity_census.py	909	capture_market_snapshots	kiwoom_utils.get_stock_orderbook_ka10004	au10001|ka10004	static_only
call	src/engine/monitoring/market_opportunity_census.py	4950	main	kiwoom_utils.get_kiwoom_token	au10001	static_only
call	src/trading/order/manual_episode_exit_reconciliation.py	137	load_manual_sell_receipts	kiwoom_utils.get_order_reference_snapshot_kt00007	au10001|kt00007	static_only
call	src/trading/order/symbol_owner_policy_apply.py	333	collect_broker_snapshot	kiwoom_orders.get_my_inventory	au10001|kt00018	static_only
call	src/trading/order/symbol_owner_policy_apply.py	338	collect_broker_snapshot	kiwoom_utils.get_unfilled_order_snapshot_ka10075_with_meta	au10001|ka10075	static_only
call	src/trading/order/symbol_owner_policy_apply.py	387	collect_broker_snapshot	kiwoom_utils.get_order_reference_snapshot_kt00007_with_meta	au10001|kt00007	static_only
call	src/trading/order/symbol_owner_policy_auto_apply.py	639	run_auto_apply	kiwoom_utils.get_kiwoom_token	au10001	static_only
call	src/engine/wait6579_ev_cohort_report.py	140	_fetch_minute_candles_with_meta	kiwoom_utils.get_minute_candles_ka10080_with_meta	au10001|ka10080	static_only
call	src/engine/wait6579_ev_cohort_report.py	145	_fetch_minute_candles_with_meta	kiwoom_utils.get_minute_candles_ka10080	au10001|ka10080	static_only
call	src/engine/wait6579_ev_cohort_report.py	1572	build_wait6579_ev_cohort_report	kiwoom_utils.get_kiwoom_token	au10001	static_only
reference	src/engine/swing_sector_theme_source.py	296	fetch_kiwoom_sector_theme_map	kiwoom_utils.get_theme_group_list_ka90001	au10001|ka90001	static_only
call	src/engine/sniper_execution_receipts.py	5368	_cancel_replacement_sell_once	kiwoom_orders.send_cancel_order	au10001|kt10003	static_only
call	src/engine/sniper_execution_receipts.py	9840	_submit_opening_rotation_profit_order	kiwoom_orders.send_sell_order_market	au10001|kt10001	static_only
call	src/engine/sniper_execution_receipts.py	7203	_cancel_replacement_buys_after_late_parent_fill	kiwoom_orders.send_cancel_order	au10001|kt10003	static_only
call	src/engine/kiwoom_sniper_v2.py	1679	check_watching_conditions	kiwoom_orders.get_deposit	au10001|kt00001	static_only
call	src/engine/kiwoom_sniper_v2.py	12453	run_sniper	kiwoom_utils.get_kiwoom_token	au10001	static_only
call	src/engine/kiwoom_sniper_v2.py	8208	_fetch_rest_quote_snapshot_for_ws_gap	kiwoom_utils.fetch_kiwoom_api_continuous	au10001	static_only
call	src/engine/sniper_trade_utils.py	485	send_market_exit_now	kiwoom_orders.send_sell_order_market	au10001|kt10001	static_only
call	src/engine/sniper_trade_utils.py	535	send_exit_best_ioc	kiwoom_orders.send_sell_order_market	au10001|kt10001	static_only
call	src/engine/sniper_trade_utils.py	675	send_cancel_order_with_exchange_retry	kiwoom_orders.send_cancel_order	au10001|kt10003	static_only
call	src/engine/sniper_trade_utils.py	710	send_cancel_order_with_exchange_retry	kiwoom_orders.send_cancel_order	au10001|kt10003	static_only
call	src/engine/sniper_trade_utils.py	321	resolve_pending_sell_order_no	kiwoom_utils.get_order_reference_snapshot_kt00007_with_meta	au10001|kt00007	static_only
call	src/engine/sniper_trade_utils.py	331	resolve_pending_sell_order_no	kiwoom_utils.get_unfilled_order_snapshot_ka10075_with_meta	au10001|ka10075	static_only
call	src/engine/sniper_trade_utils.py	648	_resolve_cancel_exchange_from_unfilled_snapshot	kiwoom_utils.get_unfilled_order_snapshot_ka10075	au10001|ka10075	static_only
call	src/engine/sniper_trade_utils.py	728	_cancelled_sell_order_absence_confirmed	kiwoom_utils.get_unfilled_order_snapshot_ka10075_with_meta	au10001|ka10075	static_only
call	src/engine/sniper_trade_utils.py	956	confirm_cancel_or_reload_remaining	kiwoom_orders.get_my_inventory	au10001|kt00018	static_only
reference	src/engine/sniper_trade_utils.py	888	confirm_cancel_or_reload_remaining	kiwoom_orders.send_cancel_order	au10001|kt10003	static_only
call	src/engine/sniper_s15_fast_track.py	510	_s15_inventory_and_orders	kiwoom_utils.get_unfilled_order_snapshot_ka10075_with_meta	au10001|ka10075	static_only
call	src/engine/sniper_s15_fast_track.py	553	_s15_inventory_and_orders	kiwoom_utils.get_account_balance_kt00005_with_meta	au10001|kt00005	static_only
call	src/engine/sniper_s15_fast_track.py	1064	_submit_s15_stop_cancel	kiwoom_orders.send_cancel_order	au10001|kt10003	static_only
call	src/engine/sniper_s15_fast_track.py	1559	_send_s15_limit_sell	kiwoom_orders.send_sell_order_market	au10001|kt10001	static_only
call	src/engine/sniper_s15_fast_track.py	1572	_send_s15_market_sell	kiwoom_orders.send_sell_order_market	au10001|kt10001	static_only
call	src/engine/sniper_s15_fast_track.py	1585	_send_exit_best_ioc	kiwoom_orders.send_sell_order_market	au10001|kt10001	static_only
call	src/engine/sniper_s15_fast_track.py	1259	_recover_s15_custody	kiwoom_orders.send_cancel_order	au10001|kt10003	static_only
call	src/trading/samsung_morning_one_share/gateway.py	457	entry_liquidity_snapshot	kiwoom_utils.get_stock_orderbook_ka10004	au10001|ka10004	static_only
call	src/trading/samsung_morning_one_share/gateway.py	479	entry_execution_velocity_snapshot	kiwoom_utils.get_tick_history_ka10003	au10001|ka10003	static_only
call	src/engine/sniper_state_handlers.py	66050	_submit_watching_triggered_entry	kiwoom_orders.get_deposit	au10001|kt00001	static_only
call	src/engine/sniper_state_handlers.py	80343	_maybe_reprice_pending_entry_order	kiwoom_orders.send_buy_order	au10001|kt10000	static_only
call	src/engine/sniper_state_handlers.py	93072	_broker_position_qty_for_sell_reconciliation	kiwoom_orders.get_my_inventory	au10001|kt00018	static_only
call	src/engine/sniper_state_handlers.py	3053	fetch	kiwoom_utils.get_orderable_by_margin_kt00011	au10001|kt00011	static_only
call	src/engine/sniper_state_handlers.py	25834	_get_holding_minute_candles_with_meta	kiwoom_utils.get_minute_candles_ka10080_with_meta	au10001|ka10080	static_only
call	src/engine/sniper_state_handlers.py	48553	_fetch_holding_rest_quote_snapshot	kiwoom_utils.fetch_kiwoom_api_continuous	au10001	static_only
call	src/engine/sniper_state_handlers.py	56274	_evaluate_holding_flow_override	kiwoom_utils.get_tick_history_ka10003	au10001|ka10003	static_only
call	src/engine/sniper_state_handlers.py	58715	_opening_rotation_holding_ai_once	kiwoom_utils.get_tick_history_ka10003	au10001|ka10003	static_only
call	src/engine/sniper_state_handlers.py	61722	prepare	kiwoom_utils.get_tick_history_ka10003	au10001|ka10003	static_only
call	src/engine/sniper_state_handlers.py	77038	_resolve_entry_cancel_exchange_from_unfilled_snapshot	kiwoom_utils.get_unfilled_order_snapshot_ka10075	au10001|ka10075	static_only
call	src/engine/sniper_state_handlers.py	77169	_order_terminal_inventory_reconciliation	kiwoom_utils.get_unfilled_order_snapshot_ka10075_with_meta	au10001|ka10075	static_only
call	src/engine/sniper_state_handlers.py	77193	_order_terminal_inventory_reconciliation	kiwoom_orders.get_my_inventory	au10001|kt00018	static_only
call	src/engine/sniper_state_handlers.py	80186	_maybe_reprice_pending_entry_order	kiwoom_orders.send_cancel_order	au10001|kt10003	static_only
call	src/engine/sniper_state_handlers.py	89566	_pending_add_blocks_sell_dispatch	kiwoom_utils.get_unfilled_order_snapshot_ka10075_with_meta	au10001|ka10075	static_only
call	src/engine/sniper_state_handlers.py	89592	_pending_add_blocks_sell_dispatch	kiwoom_orders.get_my_inventory	au10001|kt00018	static_only
call	src/engine/sniper_state_handlers.py	90948	execute_scale_in_order	kiwoom_orders.get_deposit	au10001|kt00001	static_only
call	src/engine/sniper_state_handlers.py	92126	execute_scale_in_order	kiwoom_orders.send_buy_order	au10001|kt10000	static_only
call	src/engine/sniper_state_handlers.py	93111	_sell_order_terminal_absence_confirmed	kiwoom_utils.get_unfilled_order_snapshot_ka10075_with_meta	au10001|ka10075	static_only
call	src/engine/sniper_state_handlers.py	25818	_get_holding_minute_candles_with_meta	kiwoom_utils.get_minute_candles_ka10080	au10001|ka10080	static_only
call	src/engine/sniper_state_handlers.py	32009	_pre_submit_refresh_rest_orderbook_snapshot	kiwoom_utils.get_stock_orderbook_ka10004	au10001|ka10004	static_only
call	src/engine/sniper_state_handlers.py	32387	_retry_holding_ai_submit_authority_before_block	kiwoom_utils.get_tick_history_ka10003	au10001|ka10003	static_only
call	src/engine/sniper_state_handlers.py	32823	_refresh_scale_in_reversal_features_if_needed	kiwoom_utils.get_tick_history_ka10003	au10001|ka10003	static_only
call	src/engine/sniper_state_handlers.py	32836	_refresh_scale_in_reversal_features_if_needed	kiwoom_utils.get_minute_candles_ka10080	au10001|ka10080	static_only
call	src/engine/sniper_state_handlers.py	41865	_refresh_pre_submit_micro_context_before_block	kiwoom_utils.get_tick_history_ka10003	au10001|ka10003	static_only
call	src/engine/sniper_state_handlers.py	41873	_refresh_pre_submit_micro_context_before_block	kiwoom_utils.get_minute_candles_ka10080	au10001|ka10080	static_only
call	src/engine/sniper_state_handlers.py	47651	_apply_entry_ai_price_canary	kiwoom_utils.get_tick_history_ka10003	au10001|ka10003	static_only
call	src/engine/sniper_state_handlers.py	59947	_opening_rotation_feature_packet	kiwoom_utils.get_minute_candles_ka10080	au10001|ka10080	static_only
call	src/engine/sniper_state_handlers.py	71248	_submit_watching_triggered_entry	kiwoom_orders.send_buy_order	au10001|kt10000	static_only
call	src/engine/sniper_state_handlers.py	78109	_initial_quantity_submit_successor_leg	kiwoom_orders.send_buy_order	au10001|kt10000	static_only
call	src/engine/sniper_state_handlers.py	78397	_cancel_pending_entry_orders	kiwoom_orders.send_cancel_order	au10001|kt10003	static_only
call	src/engine/sniper_state_handlers.py	84288	_submit_entry_split_probe_residual_locked	kiwoom_orders.send_buy_order	au10001|kt10000	static_only
call	src/engine/sniper_state_handlers.py	87703	handle_holding_state	kiwoom_orders.get_my_inventory	au10001|kt00018	static_only
call	src/engine/sniper_state_handlers.py	88534	handle_holding_state	kiwoom_orders.send_smart_sell_order	au10001|kt10001	static_only
call	src/engine/sniper_state_handlers.py	94024	process_sell_cancellation	kiwoom_orders.send_cancel_order	au10001|kt10003	static_only
call	src/engine/sniper_state_handlers.py	39651	_worker	kiwoom_utils.get_recent_signed_trades_ka10084	au10001|ka10084	static_only
call	src/engine/sniper_state_handlers.py	42033	_retry_entry_ai_submit_authority_before_block	kiwoom_utils.get_tick_history_ka10003	au10001|ka10003	static_only
call	src/engine/sniper_state_handlers.py	44909	_probe_residual_account_guard_fields	kiwoom_orders.get_deposit	au10001|kt00001	static_only
call	src/engine/sniper_state_handlers.py	81517	_reconcile_pending_entry_orders	kiwoom_orders.send_sell_order_market	au10001|kt10001	static_only
call	src/engine/sniper_state_handlers.py	78498	_cancel_pending_entry_orders	kiwoom_orders.send_cancel_order	au10001|kt10003	static_only
call	src/engine/sniper_state_handlers.py	31931	_worker	kiwoom_utils.get_stock_orderbook_ka10004	au10001|ka10004	static_only
call	src/engine/sniper_state_handlers.py	59593	_worker	kiwoom_utils.get_minute_candles_ka10080	au10001|ka10080	static_only
call	src/engine/sniper_state_handlers.py	63080	_handle_watching_strategy_branch	kiwoom_utils.get_tick_history_ka10003	au10001|ka10003	static_only
call	src/engine/sniper_state_handlers.py	85518	_run_vote_review	kiwoom_utils.get_tick_history_ka10003	au10001|ka10003	static_only
call	src/engine/sniper_state_handlers.py	64941	_handle_watching_strategy_branch	kiwoom_utils.build_realtime_analysis_context	au10001|ka10003|ka10046|ka10059|ka10080|ka10081|ka90008	static_only
call	src/trading/samsung_midday_one_share/gateway.py	394	entry_liquidity_snapshot	kiwoom_utils.get_stock_orderbook_ka10004	au10001|ka10004	static_only
call	src/trading/samsung_midday_one_share/gateway.py	416	entry_execution_velocity_snapshot	kiwoom_utils.get_tick_history_ka10003	au10001|ka10003	static_only
call	src/trading/low_price_two_leg/gateway.py	496	entry_liquidity_snapshot	kiwoom_utils.get_stock_orderbook_ka10004	au10001|ka10004	static_only
call	src/trading/low_price_two_leg/gateway.py	518	entry_execution_velocity_snapshot	kiwoom_utils.get_tick_history_ka10003	au10001|ka10003	static_only
call	src/engine/sniper_strength_shadow_feedback.py	251	evaluate_shadow_candidates	kiwoom_utils.get_kiwoom_token	au10001	static_only
call	src/engine/sniper_strength_shadow_feedback.py	274	evaluate_shadow_candidates	kiwoom_utils.get_minute_candles_ka10080	au10001|ka10080	static_only
call	src/engine/signal_radar.py	104	find_supernova_targets	kiwoom_utils.scan_volume_spike_ka10023	au10001|ka10023	static_only
call	src/engine/signal_radar.py	123	find_supernova_targets	kiwoom_utils.check_program_buying_ka90008	au10001|ka90008	static_only
call	src/engine/signal_radar.py	124	find_supernova_targets	kiwoom_utils.check_execution_strength_ka10046	au10001|ka10046	static_only
call	src/engine/signal_radar.py	448	get_market_regime	kiwoom_utils.fetch_kiwoom_api_continuous	au10001	static_only
call	src/engine/scalping/initial_quantity_following_bars.py	357	main	kiwoom_utils.get_kiwoom_token	au10001	static_only
call	src/engine/scalping/initial_quantity_following_bars.py	360	fetch	kiwoom_utils.get_minute_candles_ka10080_with_meta	au10001|ka10080	static_only
reference	src/engine/scalping/zero_base_probe.py	440	run_zero_base_probe	kiwoom_utils.get_tick_history_ka10003	au10001|ka10003	static_only
call	src/engine/scalping/ai_decision_quality.py	4204	fetch	kiwoom_utils.get_minute_candles_ka10080_with_meta	au10001|ka10080	static_only
call	src/engine/scalping/ai_input_external_validation.py	1400	build_live_report	kiwoom_utils.get_kiwoom_token	au10001	static_only
call	src/engine/scalping/ai_input_external_validation.py	1423	_route_minutes	kiwoom_utils.get_minute_candles_ka10080_with_meta	au10001|ka10080	static_only
call	src/engine/scalping/ai_input_external_validation.py	1437	build_live_report	kiwoom_utils.get_daily_data_ka10005_df	au10001|ka10005	static_only
call	src/engine/automation/owner_retirement_transition.py	349	main	kiwoom_utils.get_kiwoom_token	au10001	static_only
call	src/engine/sniper_sync.py	270	_refresh_kiwoom_token	kiwoom_utils.get_kiwoom_token	au10001	static_only
call	src/engine/sniper_sync.py	1457	sync_balance_with_db	kiwoom_orders.get_my_inventory	au10001|kt00018	static_only
call	src/engine/sniper_sync.py	2103	sync_state_with_broker	kiwoom_utils.get_account_balance_kt00005	au10001|kt00005	static_only
call	src/engine/sniper_sync.py	1469	sync_balance_with_db	kiwoom_orders.get_my_inventory	au10001|kt00018	static_only
call	src/engine/sniper_sync.py	1486	sync_balance_with_db	kiwoom_utils.get_unfilled_order_snapshot_ka10075_with_meta	au10001|ka10075	static_only
call	src/engine/sniper_sync.py	2340	refresh_broker_account_snapshot_read_only	kiwoom_utils.get_account_balance_kt00005	au10001|kt00005	static_only
call	src/engine/sniper_sync.py	2369	refresh_broker_account_snapshot_read_only	kiwoom_utils.get_unfilled_order_snapshot_ka10075_with_meta	au10001|ka10075	static_only
call	src/engine/sniper_sync.py	2491	periodic_account_sync	kiwoom_utils.get_account_balance_kt00005	au10001|kt00005	static_only
call	src/engine/sniper_sync.py	2597	periodic_account_sync	kiwoom_utils.get_unfilled_order_snapshot_ka10075_with_meta	au10001|ka10075	static_only
call	src/engine/sniper_sync.py	739	_recover_missing_broker_holdings	kiwoom_utils.get_account_execution_snapshot_kt00008	au10001|kt00008	static_only
call	src/engine/sniper_sync.py	2111	sync_state_with_broker	kiwoom_utils.get_account_balance_kt00005	au10001|kt00005	static_only
call	src/engine/sniper_sync.py	761	_recover_missing_broker_holdings	kiwoom_utils.get_order_reference_snapshot_2nd_pass	au10001|ka10076|kt00007	static_only
call	src/engine/sniper_sync.py	2511	periodic_account_sync	kiwoom_utils.get_account_balance_kt00005	au10001|kt00005	static_only
call	src/engine/sniper_sync.py	2562	_sell_execution_snapshot	kiwoom_utils.get_order_reference_snapshot_kt00007_with_meta	au10001|kt00007	static_only
call	src/engine/scalping/entry_candle_context.py	362	fetch_entry_candles_with_meta	kiwoom_utils.get_minute_candles_ka10080_with_meta	au10001|ka10080	static_only
call	src/engine/scalping/initial_quantity_policy.py	2772	fetch	kiwoom_utils.get_minute_candles_ka10080_with_meta	au10001|ka10080	static_only
call	src/engine/scalping/initial_quantity_policy.py	2767	fetch	kiwoom_utils.get_kiwoom_token	au10001	static_only
call	src/engine/scalping/holding_decision_context.py	480	_bounded_rest_signed_tape	kiwoom_utils.get_recent_signed_trades_ka10084	au10001|ka10084	static_only
call	src/engine/kiwoom_websocket.py	3050	_refresh_ws_token	kiwoom_utils.get_kiwoom_token	au10001	static_only
call	src/engine/scalping/ai_action_outcome_calibration.py	4783	fetcher	kiwoom_utils.get_minute_candles_ka10080_with_meta	au10001|ka10080	static_only
call	src/engine/scalping/multi_timeframe_context.py	447	_previous_day_source	kiwoom_utils.get_daily_data_ka10005_df	au10001|ka10005	static_only
call	src/engine/scalping/multi_timeframe_context.py	513	_index_context_source	kiwoom_utils.get_index_minute_candles_ka20005_with_meta	au10001|ka20005	static_only
call	src/engine/market_panic_breadth_collector.py	1238	fetch_kiwoom_market_breadth	kiwoom_utils.fetch_kiwoom_api_continuous	au10001	static_only
call	src/engine/market_panic_breadth_collector.py	1369	build_market_panic_breadth_report	get_kiwoom_token	au10001	static_only
call	src/engine/ipo_listing_day_runner.py	1084	main	kiwoom_utils.get_kiwoom_token	au10001	static_only
call	src/engine/ipo_listing_day_runner.py	821	_send_entry_order	kiwoom_orders.send_buy_order	au10001|kt10000	static_only
call	src/engine/ipo_listing_day_runner.py	925	_send_exit_order	kiwoom_orders.send_smart_sell_order	au10001|kt10001	static_only
call	src/engine/institutional_flow_context.py	254	resolve_institutional_flow_context	kiwoom_utils.get_investor_flow_summary_ka10059	au10001|ka10059	static_only
call	src/engine/institutional_flow_context.py	257	resolve_institutional_flow_context	kiwoom_utils.get_investor_period_total_ka10061	au10001|ka10061	static_only
call	src/engine/institutional_flow_context.py	263	resolve_institutional_flow_context	kiwoom_utils.get_intraday_investor_chart_ka10064	au10001|ka10064	static_only
call	src/engine/institutional_flow_context.py	266	resolve_institutional_flow_context	kiwoom_utils.get_intraday_investor_chart_ka10064	au10001|ka10064	static_only
call	src/engine/institutional_flow_context.py	309	build_institutional_flow_context_report	kiwoom_utils.get_kiwoom_token	au10001	static_only
call	src/engine/sniper_condition_handlers.py	473	_is_3min_ma20_broken	kiwoom_utils.get_minute_candles_ka10080	au10001|ka10080	static_only
call	src/engine/sniper_condition_handlers.py	676	handle_condition_matched	kiwoom_utils.get_basic_info_ka10001	au10001|ka10001	static_only
call	src/engine/sniper_condition_handlers.py	358	_get_latest_price	kiwoom_utils.get_minute_candles_ka10080	au10001|ka10080	static_only
call	src/engine/sniper_condition_handlers.py	378	_get_latest_open_and_vwap	kiwoom_utils.get_minute_candles_ka10080	au10001|ka10080	static_only
call	src/engine/sniper_missed_entry_counterfactual.py	264	_fetch_minute_candles_with_meta	kiwoom_utils.get_minute_candles_ka10080_with_meta	au10001|ka10080	static_only
call	src/engine/sniper_missed_entry_counterfactual.py	269	_fetch_minute_candles_with_meta	kiwoom_utils.get_minute_candles_ka10080	au10001|ka10080	static_only
call	src/engine/sniper_missed_entry_counterfactual.py	3491	build_missed_entry_counterfactual_report	kiwoom_utils.get_kiwoom_token	au10001	static_only
call	src/engine/scalping/ai_market_snapshot.py	377	enrich_investor_source	kiwoom_utils.get_investor_daily_ka10059_df	au10001|ka10059	static_only
call	src/engine/scalping/ai_market_snapshot.py	381	enrich_investor_source	kiwoom_utils.get_investor_flow_summary_ka10059	au10001|ka10059	static_only
call	src/engine/scalping/initial_quantity_terminal.py	153	read_initial_buy_leg_open	client.get_unfilled_order_snapshot_ka10075_with_meta	au10001|ka10075	static_only
call	src/engine/scalping/initial_quantity_terminal.py	187	read_initial_buy_leg_terminal_discover	client.get_order_reference_snapshot_kt00007_with_meta	au10001|kt00007	static_only
call	src/engine/scalping/initial_quantity_terminal.py	191	read_initial_buy_leg_terminal_discover	client.get_unfilled_order_snapshot_ka10075_with_meta	au10001|ka10075	static_only
call	src/engine/scalping/initial_quantity_terminal.py	362	read_initial_buy_leg_terminal	client.get_order_reference_snapshot_kt00007_with_meta	au10001|kt00007	static_only
call	src/engine/scalping/initial_quantity_terminal.py	366	read_initial_buy_leg_terminal	client.get_unfilled_order_snapshot_ka10075_with_meta	au10001|ka10075	static_only
