Date,Code,XGB_Prob,LGBM_Prob,Bull_XGB_Prob,Bull_LGBM_Prob,Stacking_Prob,Actual_Target
2026-02-13,000080,0.4733,0.2062,0.0943,0.2131,0.3267,0
2026-02-13,000100,0.4901,0.2416,0.7405,0.4947,0.5593,0
2026-02-13,000210,0.5072,0.2566,0.4172,0.4695,0.4734,0
2026-02-13,000240,0.5079,0.2629,0.4613,0.3205,0.4527,1
2026-02-13,000270,0.5085,0.2487,0.6944,0.4937,0.5504,1
2026-02-13,000370,0.5064,0.263,0.4576,0.3405,0.456,0
2026-02-13,000390,0.5097,0.2651,0.5458,0.6241,0.5434,1
2026-02-13,000400,0.5075,0.2566,0.3844,0.4294,0.4559,1
2026-02-13,000490,0.509,0.2651,0.4456,0.2435,0.4321,0
2026-02-13,000500,0.5055,0.2572,0.6544,0.6958,0.5856,0
2026-02-13,000540,0.5061,0.2623,0.5436,0.428,0.498,0
2026-02-13,000660,0.5106,0.2598,0.2871,0.592,0.4677,1
2026-02-13,000680,0.4971,0.2449,0.5545,0.532,0.5205,0
2026-02-13,000720,0.509,0.2645,0.5322,0.6452,0.5444,1
2026-02-13,000810,0.5056,0.2605,0.7228,0.5909,0.5806,1
2026-02-13,000880,0.5124,0.2543,0.56,0.5761,0.5351,1
2026-02-13,000990,0.513,0.2575,0.4382,0.5287,0.4931,0
2026-02-13,001040,0.5118,0.264,0.4865,0.5888,0.5201,0
2026-02-13,001120,0.5073,0.2617,0.2334,0.3294,0.396,1
2026-02-13,001200,0.5061,0.2574,0.5283,0.3499,0.4757,1
2026-02-13,001230,0.5063,0.2596,0.3042,0.4257,0.4346,1
2026-02-13,001340,0.5087,0.2624,0.6,0.5572,0.5421,1
2026-02-13,001390,0.5111,0.2621,0.5939,0.542,0.5374,0
2026-02-13,001430,0.5077,0.2645,0.6236,0.4874,0.5329,0
2026-02-13,001440,0.5097,0.2653,0.573,0.5914,0.5433,1
2026-02-13,001450,0.508,0.2622,0.534,0.5708,0.5278,0
2026-02-13,001500,0.5062,0.259,0.505,0.4386,0.4898,1
2026-02-13,001510,0.5058,0.2519,0.3375,0.4376,0.4447,1
2026-02-13,001740,0.5065,0.2571,0.5569,0.5266,0.5229,0
2026-02-13,001790,0.479,0.2252,0.2566,0.252,0.3768,1
2026-02-13,001800,0.5091,0.2587,0.5222,0.5941,0.5295,0
2026-02-13,001820,0.512,0.2631,0.473,0.6149,0.5223,1
2026-02-13,002310,0.5077,0.2614,0.5099,0.4712,0.499,1
2026-02-13,002350,0.5106,0.265,0.5359,0.5459,0.5234,1
2026-02-13,002790,0.5072,0.2618,0.4676,0.5434,0.5041,0
2026-02-13,002900,0.5061,0.2589,0.5242,0.403,0.4868,0
2026-02-13,003000,0.502,0.2563,0.3957,0.4818,0.4699,1
2026-02-13,003160,0.509,0.2637,0.5553,0.6692,0.5556,0
2026-02-13,003280,0.499,0.243,0.4312,0.4221,0.4634,1
2026-02-13,003470,0.5061,0.2574,0.5445,0.453,0.5031,0
2026-02-13,003490,0.4993,0.2495,0.5185,0.6292,0.5338,1
2026-02-13,003520,0.4756,0.2049,0.1188,0.1646,0.3228,1
2026-02-13,003530,0.5061,0.2544,0.5315,0.5581,0.5228,1
2026-02-13,003540,0.5072,0.2501,0.479,0.4802,0.491,1
2026-02-13,003550,0.5033,0.253,0.3321,0.6455,0.4896,0
2026-02-13,003620,0.5088,0.2607,0.4099,0.5068,0.4807,1
2026-02-13,003670,0.5122,0.2642,0.5956,0.5731,0.5452,0
2026-02-13,003690,0.5067,0.2611,0.4884,0.4263,0.483,1
2026-02-13,003720,0.5079,0.265,0.4784,0.5276,0.5039,0
2026-02-13,003850,0.5009,0.2638,0.5335,0.5499,0.5224,1
2026-02-13,004000,0.5054,0.254,0.6412,0.5397,0.5472,0
2026-02-13,004020,0.5052,0.2613,0.5628,0.6305,0.5482,1
2026-02-13,004310,0.505,0.2578,0.3979,0.4768,0.47,0
2026-02-13,004560,0.5102,0.2635,0.6045,0.4352,0.5163,0
2026-02-13,004990,0.5029,0.255,0.6045,0.5186,0.5328,0
2026-02-13,005010,0.4954,0.2377,0.525,0.3586,0.4725,1
2026-02-13,005070,0.5102,0.2638,0.5599,0.5104,0.5215,1
2026-02-13,005090,0.5072,0.2506,0.1431,0.2898,0.3637,1
2026-02-13,005380,0.5142,0.2522,0.585,0.4723,0.5182,1
2026-02-13,005385,0.5084,0.2601,0.6161,0.4368,0.519,1
2026-02-13,005387,0.5075,0.2575,0.5342,0.5167,0.5149,1
2026-02-13,005420,0.5107,0.2631,0.6093,0.6027,0.555,1
2026-02-13,005440,0.5068,0.2516,0.4482,0.446,0.4755,1
2026-02-13,005490,0.5025,0.2535,0.6903,0.6639,0.5869,0
2026-02-13,005680,0.5066,0.2639,0.4458,0.5892,0.5089,1
2026-02-13,005690,0.5087,0.2645,0.4395,0.5436,0.4973,1
2026-02-13,005830,0.5106,0.2642,0.5919,0.5664,0.5425,1
2026-02-13,005850,0.5121,0.2628,0.6269,0.5586,0.5499,1
2026-02-13,005880,0.5103,0.2502,0.4341,0.4173,0.4656,1
2026-02-13,005930,0.5065,0.2615,0.7425,0.6625,0.6014,1
2026-02-13,005935,0.5074,0.2565,0.6192,0.5903,0.5534,1
2026-02-13,005940,0.5072,0.2581,0.4876,0.4766,0.4937,0
2026-02-13,005945,0.5073,0.2583,0.4464,0.534,0.4959,0
2026-02-13,006110,0.5072,0.2637,0.6634,0.6128,0.5709,1
2026-02-13,006120,0.506,0.2593,0.5809,0.5233,0.5287,1
2026-02-13,006220,0.5118,0.2654,0.6571,0.6461,0.5773,1
2026-02-13,006260,0.5089,0.2646,0.5542,0.7092,0.5643,0
2026-02-13,006340,0.5023,0.2478,0.367,0.7948,0.5314,1
2026-02-13,006360,0.5058,0.2634,0.4467,0.4189,0.4707,1
2026-02-13,006400,0.5137,0.2596,0.6536,0.6211,0.5703,1
2026-02-13,006650,0.509,0.2622,0.353,0.3224,0.4252,1
2026-02-13,006800,0.5072,0.2511,0.1066,0.4337,0.3851,1
2026-02-13,006805,0.5068,0.2511,0.5298,0.6106,0.5337,1
2026-02-13,00680K,0.5068,0.2511,0.5078,0.4698,0.4964,0
2026-02-13,007070,0.5068,0.2615,0.6673,0.5709,0.5623,0
2026-02-13,007340,0.5068,0.2621,0.5584,0.5928,0.5389,0
2026-02-13,007660,0.5095,0.2567,0.4623,0.5864,0.5118,0
2026-02-13,007810,0.5042,0.264,0.3551,0.532,0.472,0
2026-02-13,008060,0.5016,0.2535,0.6765,0.4702,0.5404,1
2026-02-13,008770,0.5008,0.252,0.5189,0.5395,0.5144,0
2026-02-13,008930,0.509,0.259,0.5488,0.5292,0.522,0
2026-02-13,009150,0.5121,0.264,0.6526,0.6479,0.5764,1
2026-02-13,009160,0.4939,0.2422,0.5574,0.452,0.5025,0
2026-02-13,009290,0.4925,0.2496,0.438,0.6055,0.5066,1
2026-02-13,009410,0.4992,0.2495,0.6268,0.5899,0.5533,1
2026-02-13,009420,0.5081,0.2613,0.4308,0.5657,0.4994,0
2026-02-13,009470,0.5105,0.2549,0.5935,0.6412,0.5582,0
2026-02-13,009540,0.504,0.2614,0.5817,0.6188,0.5503,1
2026-02-13,009830,0.5087,0.2651,0.2969,0.6596,0.486,1
2026-02-13,009900,0.4906,0.2255,0.6295,0.4496,0.5179,0
2026-02-13,010060,0.5115,0.264,0.537,0.6036,0.5366,0
2026-02-13,010120,0.5137,0.264,0.5807,0.679,0.565,1
2026-02-13,010140,0.5029,0.2547,0.6353,0.2801,0.4873,1
2026-02-13,010690,0.5085,0.265,0.4293,0.3056,0.4415,0
2026-02-13,010780,0.4999,0.2636,0.4614,0.4866,0.4891,1
2026-02-13,010820,0.5055,0.2558,0.5603,0.4885,0.5149,0
2026-02-13,010950,0.5074,0.2525,0.5059,0.5205,0.5076,1
2026-02-13,011070,0.509,0.2591,0.6186,0.5191,0.538,1
2026-02-13,011170,0.5119,0.2631,0.6606,0.5813,0.5637,0
2026-02-13,011200,0.5033,0.2553,0.5942,0.4516,0.5152,0
2026-02-13,011210,0.5113,0.2495,0.5447,0.4776,0.5081,1
2026-02-13,011500,0.5122,0.2643,0.4726,0.63,0.5258,0
2026-02-13,011690,0.5061,0.2539,0.4418,0.5222,0.4912,0
2026-02-13,011780,0.5051,0.2548,0.6467,0.6541,0.5741,1
2026-02-13,011790,0.5093,0.2519,0.4753,0.5729,0.5114,0
2026-02-13,011930,0.509,0.2569,0.4469,0.4426,0.4755,0
2026-02-13,012030,0.5065,0.2591,0.6357,0.4683,0.5308,1
2026-02-13,0120G0,0.5087,0.2659,0.4938,0.6552,0.5368,0
2026-02-13,012330,0.5109,0.2532,0.5562,0.6544,0.5512,0
2026-02-13,012450,0.5116,0.2644,0.8648,0.7804,0.657,0
2026-02-13,012510,0.5058,0.2616,0.498,0.4242,0.4851,1
2026-02-13,012630,0.5068,0.2581,0.5541,0.6002,0.5388,0
2026-02-13,015760,0.5088,0.2621,0.4187,0.5981,0.5037,1
2026-02-13,015860,0.5065,0.2573,0.5727,0.4389,0.5074,1
2026-02-13,016360,0.5072,0.2588,0.4935,0.4099,0.4804,1
2026-02-13,016380,0.504,0.2455,0.3993,0.3828,0.4474,1
2026-02-13,016610,0.5061,0.2607,0.5198,0.6216,0.535,0
2026-02-13,017670,0.5072,0.2578,0.4394,0.4872,0.4834,0
2026-02-13,017800,0.5085,0.263,0.4471,0.536,0.4974,1
2026-02-13,017860,0.4989,0.2451,0.626,0.3498,0.4986,0
2026-02-13,017960,0.5055,0.2594,0.6177,0.6021,0.5558,1
2026-02-13,018260,0.4924,0.2451,0.4647,0.4334,0.4743,0
2026-02-13,018880,0.5068,0.2611,0.4932,0.4569,0.4912,1
2026-02-13,020000,0.5067,0.2618,0.6644,0.5611,0.5594,0
2026-02-13,020150,0.5123,0.2643,0.5751,0.5716,0.5395,1
2026-02-13,021240,0.5072,0.2586,0.5827,0.5646,0.5385,0
2026-02-13,022100,0.5128,0.2608,0.4209,0.6139,0.5082,0
2026-02-13,024110,0.5039,0.2613,0.2728,0.3246,0.4045,1
2026-02-13,025860,0.5048,0.2564,0.3784,0.5264,0.4757,1
2026-02-13,026890,0.5066,0.2627,0.4803,0.5407,0.5069,1
2026-02-13,027410,0.4964,0.2475,0.2129,0.3897,0.4005,0
2026-02-13,028050,0.5069,0.2568,0.5612,0.5237,0.5234,1
2026-02-13,028100,0.5001,0.253,0.5809,0.5321,0.529,1
2026-02-13,028260,0.5132,0.265,0.6135,0.6387,0.5646,0
2026-02-13,028670,0.5051,0.2586,0.6031,0.507,0.5307,1
2026-02-13,029780,0.5044,0.2616,0.2751,0.567,0.4585,1
2026-02-13,030000,0.4957,0.2426,0.1677,0.2945,0.3682,0
2026-02-13,030200,0.506,0.2608,0.3306,0.4582,0.4488,1
2026-02-13,030210,0.5055,0.2578,0.5743,0.4827,0.5176,0
2026-02-13,030610,0.506,0.258,0.5452,0.4162,0.4951,1
2026-02-13,031430,0.5106,0.2631,0.5585,0.595,0.54,0
2026-02-13,032350,0.5085,0.2634,0.5804,0.5799,0.5422,0
2026-02-13,032640,0.5041,0.2602,0.4215,0.4654,0.4738,0
2026-02-13,032830,0.5049,0.2645,0.633,0.5998,0.56,0
2026-02-13,033240,0.5078,0.2653,0.4129,0.5857,0.4998,0
2026-02-13,033530,0.5087,0.2615,0.6447,0.6313,0.57,1
2026-02-13,033780,0.5054,0.2617,0.4083,0.5446,0.4885,0
2026-02-13,034020,0.5073,0.2519,0.6104,0.6177,0.5565,1
2026-02-13,034220,0.5011,0.261,0.5527,0.5464,0.5262,1
2026-02-13,034230,0.5109,0.2631,0.5305,0.5239,0.5169,0
2026-02-13,034730,0.5075,0.2599,0.5181,0.6407,0.5388,1
2026-02-13,034830,0.4978,0.2537,0.3096,0.4103,0.4308,1
2026-02-13,035250,0.4956,0.2424,0.0828,0.2842,0.3456,0
2026-02-13,035420,0.5064,0.264,0.5431,0.6012,0.537,0
2026-02-13,035510,0.503,0.2449,0.6074,0.4238,0.5108,0
2026-02-13,035720,0.5007,0.254,0.4842,0.6185,0.5233,0
2026-02-13,036460,0.4954,0.2461,0.5617,0.55,0.5264,1
2026-02-13,037270,0.5091,0.2552,0.6204,0.6611,0.5694,0
2026-02-13,039490,0.5072,0.2534,0.4661,0.5038,0.4935,0
2026-02-13,042660,0.5069,0.2529,0.5469,0.5393,0.5225,1
2026-02-13,042700,0.5127,0.264,0.5942,0.4298,0.5128,0
2026-02-13,044450,0.5078,0.2577,0.5125,0.4611,0.4968,1
2026-02-13,047040,0.51,0.2641,0.4705,0.383,0.4695,1
2026-02-13,047050,0.5119,0.257,0.4738,0.498,0.4953,1
2026-02-13,047810,0.5074,0.2565,0.5096,0.6007,0.5272,0
2026-02-13,051600,0.5014,0.247,0.5156,0.5807,0.5221,1
2026-02-13,051910,0.5065,0.264,0.4878,0.604,0.5232,1
2026-02-13,052690,0.5089,0.2632,0.5267,0.576,0.5273,1
2026-02-13,053690,0.5071,0.2466,0.5692,0.5759,0.5356,1
2026-02-13,055550,0.5091,0.2591,0.494,0.3036,0.457,0
2026-02-13,062040,0.513,0.2629,0.665,0.6579,0.5818,1
2026-02-13,064350,0.5074,0.254,0.539,0.4797,0.5073,1
2026-02-13,064400,0.5109,0.2461,0.463,0.5104,0.4934,0
2026-02-13,066570,0.5127,0.2631,0.5807,0.4391,0.5112,1
2026-02-13,066970,0.5107,0.2547,0.7116,0.5414,0.5666,0
2026-02-13,068270,0.5046,0.2635,0.6928,0.6615,0.5887,0
2026-02-13,069260,0.5031,0.2587,0.5505,0.5679,0.5303,0
2026-02-13,071050,0.5072,0.2626,0.3964,0.5957,0.4972,1
2026-02-13,071970,0.5077,0.2626,0.5873,0.6245,0.5537,1
2026-02-13,073240,0.5109,0.2574,0.3732,0.601,0.492,0
2026-02-13,075580,0.5062,0.257,0.6154,0.5122,0.5349,1
2026-02-13,077970,0.5076,0.2633,0.5933,0.5962,0.5491,1
2026-02-13,078520,0.5106,0.2635,0.6021,0.5514,0.5418,0
2026-02-13,078930,0.5061,0.2621,0.3717,0.5809,0.4872,1
2026-02-13,079160,0.496,0.2371,0.4326,0.4156,0.4611,0
2026-02-13,079550,0.5061,0.2645,0.5588,0.5832,0.5372,0
2026-02-13,081660,0.5056,0.2617,0.357,0.5195,0.4695,0
2026-02-13,082640,0.5034,0.2572,0.5837,0.5254,0.5293,1
2026-02-13,082740,0.5119,0.2578,0.5344,0.6499,0.5453,1
2026-02-13,084680,0.504,0.2479,0.6045,0.4274,0.5114,0
2026-02-13,085620,0.5084,0.2567,0.6152,0.7309,0.5835,0
2026-02-13,086280,0.5122,0.2631,0.6586,0.5692,0.5605,1
2026-02-13,086790,0.5079,0.2638,0.4502,0.4769,0.4849,0
2026-02-13,088350,0.5061,0.2491,0.4319,0.3947,0.4593,1
2026-02-13,088980,0.4693,0.2306,0.0084,0.1838,0.3044,0
2026-02-13,089590,0.5045,0.259,0.6845,0.3945,0.5268,0
2026-02-13,090430,0.5076,0.2623,0.6028,0.5052,0.531,0
2026-02-13,090460,0.5125,0.2624,0.479,0.3999,0.4756,0
2026-02-13,091810,0.5063,0.2369,0.5063,0.3135,0.4587,0
2026-02-13,092200,0.5076,0.2651,0.6329,0.6225,0.5654,0
2026-02-13,092220,0.5133,0.2518,0.4105,0.3581,0.4468,1
2026-02-13,092790,0.5058,0.2566,0.5781,0.6601,0.5581,1
2026-02-13,093370,0.5098,0.2492,0.6182,0.4789,0.5275,1
2026-02-13,094800,0.5006,0.2566,0.4514,0.4569,0.4788,1
2026-02-13,096770,0.5065,0.2583,0.6062,0.5995,0.5522,1
2026-02-13,097230,0.5053,0.2574,0.6071,0.5539,0.5421,1
2026-02-13,100090,0.5049,0.2596,0.5252,0.594,0.5299,1
2026-02-13,100840,0.5068,0.2593,0.5247,0.4949,0.5077,0
2026-02-13,103140,0.5091,0.2584,0.616,0.4593,0.5238,0
2026-02-13,103590,0.5127,0.2653,0.6535,0.6046,0.5674,1
2026-02-13,105560,0.5065,0.2638,0.6584,0.3685,0.5151,0
2026-02-13,105840,0.5054,0.2566,0.6126,0.6118,0.5562,0
2026-02-13,112610,0.5075,0.2622,0.622,0.6072,0.5588,1
2026-02-13,114090,0.4936,0.2501,0.6429,0.6554,0.5714,0
2026-02-13,117580,0.4775,0.219,0.2072,0.1852,0.3498,1
2026-02-13,120110,0.5086,0.2629,0.5527,0.547,0.5275,0
2026-02-13,123890,0.5015,0.2556,0.2985,0.4616,0.4399,0
2026-02-13,126560,0.4984,0.2558,0.3481,0.5155,0.4645,0
2026-02-13,126720,0.5025,0.2547,0.617,0.5528,0.5436,1
2026-02-13,128820,0.5069,0.2655,0.7273,0.3596,0.5314,0
2026-02-13,130660,0.5072,0.2511,0.3086,0.486,0.4479,1
2026-02-13,136490,0.5068,0.2634,0.5457,0.5172,0.5189,0
2026-02-13,138040,0.5074,0.2637,0.4287,0.5557,0.4969,0
2026-02-13,138930,0.5053,0.2519,0.5696,0.2897,0.4721,0
2026-02-13,139130,0.5058,0.253,0.5597,0.2628,0.4637,0
2026-02-13,139480,0.5115,0.2651,0.616,0.5549,0.5465,0
2026-02-13,161390,0.5121,0.2627,0.4187,0.4884,0.4796,1
2026-02-13,161890,0.4984,0.2621,0.3908,0.5096,0.4753,0
2026-02-13,175330,0.5073,0.2542,0.5255,0.4673,0.501,0
2026-02-13,178920,0.5092,0.2635,0.562,0.4918,0.5177,0
2026-02-13,180640,0.5068,0.2593,0.6083,0.6589,0.5661,1
2026-02-13,192650,0.5107,0.2646,0.5694,0.4972,0.5212,0
2026-02-13,195870,0.5121,0.2643,0.5925,0.4689,0.5211,0
2026-02-13,204320,0.5091,0.2625,0.7138,0.6432,0.5905,1
2026-02-13,214320,0.4925,0.2426,0.1382,0.3003,0.3619,0
2026-02-13,217590,0.5053,0.2574,0.5464,0.357,0.482,0
2026-02-13,229640,0.5081,0.2617,0.433,0.6787,0.5254,0
2026-02-13,241560,0.5117,0.263,0.661,0.5621,0.5595,0
2026-02-13,248070,0.5076,0.2631,0.5583,0.4363,0.5041,0
2026-02-13,249420,0.5061,0.2448,0.5801,0.5401,0.5301,1
2026-02-13,251270,0.5049,0.2544,0.5254,0.599,0.5303,0
2026-02-13,259960,0.5065,0.263,0.6436,0.6611,0.5762,0
2026-02-13,267250,0.5122,0.2631,0.6604,0.5207,0.5502,1
2026-02-13,267260,0.5138,0.2555,0.5769,0.6008,0.5453,1
2026-02-13,267270,0.5112,0.2656,0.3379,0.6418,0.4932,1
2026-02-13,272210,0.513,0.2638,0.495,0.619,0.5292,1
2026-02-13,272450,0.501,0.2485,0.3843,0.4745,0.464,0
2026-02-13,278470,0.5128,0.2642,0.6512,0.5598,0.5568,1
2026-02-13,281820,0.5086,0.2587,0.401,0.6368,0.5072,1
2026-02-13,293940,0.4943,0.2293,0.0194,0.0706,0.2879,0
2026-02-13,294870,0.5058,0.2611,0.5211,0.4905,0.5059,0
2026-02-13,302440,0.4926,0.24,0.295,0.3855,0.4189,0
2026-02-13,316140,0.506,0.2653,0.4665,0.4771,0.4893,1
2026-02-13,322000,0.5087,0.2651,0.7026,0.4664,0.549,0
2026-02-13,323410,0.513,0.2635,0.4821,0.4679,0.4919,1
2026-02-13,326030,0.5017,0.2532,0.5632,0.5211,0.5222,1
2026-02-13,329180,0.5057,0.2625,0.6416,0.5387,0.5485,1
2026-02-13,330590,0.4925,0.2315,0.1653,0.1363,0.3334,0
2026-02-13,336260,0.5106,0.2612,0.6107,0.4502,0.521,0
2026-02-13,336370,0.5109,0.263,0.5923,0.5002,0.5277,0
2026-02-13,348950,0.5062,0.2642,0.2878,0.7116,0.4949,0
2026-02-13,352820,0.5014,0.2538,0.5875,0.6341,0.5538,0
2026-02-13,353200,0.513,0.2638,0.6036,0.554,0.543,1
2026-02-13,357120,0.4705,0.2335,0.0043,0.0414,0.2776,0
2026-02-13,361610,0.5039,0.2622,0.5995,0.5732,0.5449,1
2026-02-13,365550,0.4705,0.2262,0.0266,0.0503,0.283,0
2026-02-13,373220,0.5069,0.2532,0.6564,0.6629,0.5785,0
2026-02-13,375500,0.5099,0.2646,0.5894,0.5505,0.5383,0
2026-02-13,377190,0.4748,0.2271,0.44,0.1766,0.4063,0
2026-02-13,377300,0.513,0.2646,0.55,0.4962,0.5162,1
2026-02-13,383800,0.5,0.2544,0.3094,0.5191,0.4552,1
2026-02-13,395400,0.484,0.2391,0.4548,0.5136,0.4877,0
2026-02-13,402340,0.5141,0.2659,0.5481,0.5638,0.5312,0
2026-02-13,404990,0.4916,0.241,0.1478,0.2883,0.3614,0
2026-02-13,415640,0.477,0.2062,0.0687,0.0941,0.2983,0
2026-02-13,417310,0.4826,0.2289,0.2878,0.1896,0.3722,0
2026-02-13,432320,0.4893,0.2521,0.5321,0.4956,0.5066,0
2026-02-13,439260,0.5076,0.2599,0.6135,0.5887,0.5521,1
2026-02-13,443060,0.5059,0.26,0.5335,0.4108,0.4911,1
2026-02-13,450080,0.5127,0.2657,0.6023,0.5734,0.5473,1
2026-02-13,451800,0.4993,0.2469,0.2697,0.3538,0.4073,0
2026-02-13,452260,0.505,0.2574,0.3643,0.4022,0.4445,1
2026-02-13,454910,0.5132,0.2518,0.4967,0.3982,0.4783,0
2026-02-13,456040,0.4983,0.2649,0.454,0.3119,0.4481,0
2026-02-13,457190,0.513,0.2634,0.5647,0.5645,0.5352,0
2026-02-13,460860,0.4942,0.2353,0.3982,0.3416,0.4352,1
2026-02-13,475150,0.5068,0.2545,0.402,0.4827,0.4721,0
2026-02-13,489790,0.509,0.2625,0.4574,0.5267,0.4979,0
2026-02-13,900140,0.4992,0.2439,0.4857,0.4504,0.4842,0
2026-02-19,000080,0.4721,0.2133,0.0766,0.2667,0.3341,0
2026-02-19,000100,0.5002,0.2407,0.7034,0.6138,0.5771,0
2026-02-19,000210,0.5075,0.2649,0.3433,0.5022,0.4627,1
2026-02-19,000240,0.5064,0.2634,0.3903,0.5262,0.4801,1
2026-02-19,000270,0.5048,0.2601,0.7162,0.6632,0.5945,0
2026-02-19,000370,0.5098,0.265,0.5542,0.5678,0.533,1
2026-02-19,000390,0.5068,0.2634,0.5911,0.5288,0.5334,0
2026-02-19,000400,0.5045,0.257,0.437,0.5203,0.4898,1
2026-02-19,000490,0.5105,0.265,0.5361,0.5599,0.5266,0
2026-02-19,000500,0.5055,0.2561,0.6116,0.6279,0.5595,1
2026-02-19,000540,0.5064,0.2626,0.5576,0.4296,0.5021,1
2026-02-19,000660,0.5077,0.2582,0.3521,0.5755,0.4805,1
2026-02-19,000680,0.5064,0.2412,0.5208,0.3456,0.4703,0
2026-02-19,000720,0.5072,0.2564,0.5058,0.565,0.5181,1
2026-02-19,000810,0.5028,0.2625,0.7144,0.5625,0.5722,0
2026-02-19,000880,0.5073,0.2515,0.514,0.6952,0.5486,1
2026-02-19,000990,0.513,0.2592,0.5484,0.571,0.5317,0
2026-02-19,001040,0.5121,0.2628,0.5789,0.5756,0.5412,0
2026-02-19,001120,0.5076,0.2618,0.146,0.3122,0.3707,0
2026-02-19,001200,0.5061,0.2508,0.2988,0.3179,0.4083,0
2026-02-19,001230,0.5058,0.2579,0.3965,0.414,0.4557,1
2026-02-19,001340,0.5061,0.262,0.5228,0.5224,0.5137,0
2026-02-19,001390,0.509,0.257,0.5985,0.548,0.5389,0
2026-02-19,001430,0.5077,0.2645,0.5743,0.4482,0.5112,0
2026-02-19,001440,0.5064,0.2621,0.4402,0.5589,0.5003,1
2026-02-19,001450,0.5087,0.2634,0.3456,0.5812,0.481,1
2026-02-19,001500,0.5061,0.2516,0.4988,0.3945,0.4771,0
2026-02-19,001510,0.505,0.2609,0.2567,0.2924,0.3935,0
2026-02-19,001740,0.5075,0.2637,0.5498,0.5623,0.5302,1
2026-02-19,001790,0.4828,0.2222,0.2041,0.0551,0.324,0
2026-02-19,001800,0.5086,0.2578,0.4995,0.4732,0.4962,0
2026-02-19,001820,0.5072,0.2648,0.4295,0.5333,0.4923,1
2026-02-19,002310,0.5061,0.2666,0.4609,0.3688,0.4637,0
2026-02-19,002350,0.5079,0.2599,0.5279,0.5052,0.5111,1
2026-02-19,002790,0.5072,0.2617,0.5542,0.5176,0.521,0
2026-02-19,002900,0.5111,0.265,0.6161,0.549,0.5451,0
2026-02-19,003000,0.5061,0.2577,0.5411,0.3219,0.4728,0
2026-02-19,003160,0.5087,0.2618,0.4205,0.6312,0.5116,0
2026-02-19,003280,0.5064,0.2583,0.2783,0.4822,0.4402,0
2026-02-19,003470,0.5061,0.2578,0.4261,0.4899,0.4804,0
2026-02-19,003490,0.501,0.2437,0.4685,0.3868,0.4656,1
2026-02-19,003520,0.4776,0.2293,0.2376,0.437,0.4121,1
2026-02-19,003530,0.5061,0.2532,0.2213,0.4646,0.4209,0
2026-02-19,003540,0.5072,0.2595,0.5387,0.5886,0.5325,0
2026-02-19,003550,0.5033,0.2506,0.4612,0.6067,0.5144,1
2026-02-19,003620,0.5061,0.2583,0.6319,0.4769,0.5315,0
2026-02-19,003670,0.5074,0.2617,0.7108,0.5918,0.5782,0
2026-02-19,003690,0.5067,0.2555,0.269,0.1892,0.3741,1
2026-02-19,003720,0.5061,0.2616,0.368,0.2295,0.4083,0
2026-02-19,003850,0.5055,0.2592,0.5553,0.5332,0.5242,0
2026-02-19,004000,0.5002,0.2457,0.5917,0.4517,0.5127,1
2026-02-19,004020,0.5022,0.2593,0.6913,0.6381,0.5823,1
2026-02-19,004310,0.5064,0.2651,0.4702,0.4295,0.4796,0
2026-02-19,004560,0.5112,0.2635,0.5863,0.6251,0.5541,1
2026-02-19,004990,0.5046,0.2638,0.4408,0.5391,0.4961,1
2026-02-19,005010,0.5043,0.2505,0.5814,0.4932,0.5206,0
2026-02-19,005070,0.5064,0.2607,0.4291,0.5944,0.5052,1
2026-02-19,005090,0.5072,0.2509,0.4529,0.3063,0.4455,0
2026-02-19,005380,0.5069,0.2627,0.5137,0.5086,0.5084,1
2026-02-19,005385,0.5069,0.2633,0.641,0.5694,0.5554,1
2026-02-19,005387,0.5069,0.2633,0.6042,0.5275,0.5365,1
2026-02-19,005420,0.5056,0.2584,0.5812,0.4932,0.5219,1
2026-02-19,005440,0.5075,0.2632,0.4787,0.3777,0.47,0
2026-02-19,005490,0.5035,0.246,0.7667,0.692,0.6112,0
2026-02-19,005680,0.5012,0.2581,0.6254,0.4907,0.5323,1
2026-02-19,005690,0.5061,0.2628,0.5442,0.3964,0.4912,1
2026-02-19,005830,0.5084,0.2572,0.6007,0.6351,0.5588,1
2026-02-19,005850,0.5079,0.2632,0.4905,0.578,0.5181,1
2026-02-19,005880,0.505,0.2596,0.397,0.4512,0.4643,0
2026-02-19,005930,0.5053,0.2554,0.7341,0.6622,0.5982,1
2026-02-19,005935,0.5072,0.2519,0.6029,0.5868,0.5477,1
2026-02-19,005940,0.5072,0.2509,0.3154,0.3076,0.4104,0
2026-02-19,005945,0.5045,0.2591,0.5093,0.4703,0.4979,0
2026-02-19,006110,0.5068,0.2578,0.4374,0.5726,0.502,1
2026-02-19,006120,0.5058,0.2587,0.5568,0.5831,0.5357,1
2026-02-19,006220,0.5075,0.2618,0.477,0.6844,0.5382,1
2026-02-19,006260,0.5079,0.2629,0.5098,0.626,0.5339,1
2026-02-19,006340,0.504,0.2405,0.2358,0.6837,0.4711,1
2026-02-19,006360,0.5058,0.2559,0.4982,0.5433,0.511,1
2026-02-19,006400,0.5072,0.2596,0.4654,0.4598,0.4844,0
2026-02-19,006650,0.5058,0.2633,0.525,0.6213,0.5366,0
2026-02-19,006800,0.5072,0.2628,0.1073,0.3849,0.3766,0
2026-02-19,006805,0.5072,0.2538,0.4759,0.6338,0.5253,0
2026-02-19,00680K,0.5072,0.25,0.3724,0.6638,0.5043,0
2026-02-19,007070,0.5058,0.2598,0.5865,0.6072,0.549,1
2026-02-19,007340,0.512,0.2653,0.5529,0.4737,0.5119,0
2026-02-19,007660,0.5102,0.257,0.655,0.5863,0.5622,1
2026-02-19,007810,0.5064,0.2653,0.4786,0.5486,0.5085,1
2026-02-19,008060,0.5024,0.2564,0.5168,0.459,0.4966,1
2026-02-19,008770,0.4963,0.2534,0.4286,0.5551,0.4939,0
2026-02-19,008930,0.5072,0.2612,0.477,0.5845,0.5157,0
2026-02-19,009150,0.5072,0.2597,0.4825,0.763,0.5568,1
2026-02-19,009160,0.4939,0.2459,0.5308,0.4073,0.486,0
2026-02-19,009290,0.5037,0.2577,0.4016,0.3973,0.453,0
2026-02-19,009410,0.4983,0.2464,0.5466,0.4733,0.5056,1
2026-02-19,009420,0.5068,0.2616,0.3552,0.5979,0.4867,1
2026-02-19,009470,0.5056,0.264,0.4962,0.4618,0.4934,1
2026-02-19,009540,0.5075,0.2639,0.5339,0.5843,0.531,1
2026-02-19,009830,0.5072,0.2543,0.4086,0.2221,0.416,0
2026-02-19,009900,0.4906,0.2384,0.6216,0.4801,0.5247,0
2026-02-19,010060,0.5068,0.2638,0.4662,0.5513,0.5057,0
2026-02-19,010120,0.5084,0.257,0.563,0.5805,0.5368,1
2026-02-19,010140,0.5063,0.2473,0.5779,0.5339,0.5285,0
2026-02-19,010690,0.5061,0.2602,0.5119,0.3131,0.4636,1
2026-02-19,010780,0.5014,0.2634,0.6011,0.5216,0.5337,1
2026-02-19,010820,0.5061,0.2632,0.5682,0.4609,0.512,1
2026-02-19,010950,0.5078,0.2604,0.5034,0.5615,0.5174,0
2026-02-19,011070,0.5096,0.2602,0.5616,0.4098,0.4988,1
2026-02-19,011170,0.5076,0.2616,0.4327,0.5313,0.4922,1
2026-02-19,011200,0.5042,0.2486,0.1854,0.4335,0.4041,0
2026-02-19,011210,0.5061,0.2493,0.477,0.588,0.5145,0
2026-02-19,011500,0.5083,0.2627,0.3779,0.6278,0.4998,0
2026-02-19,011690,0.5061,0.2513,0.4412,0.5091,0.4877,0
2026-02-19,011780,0.5023,0.2521,0.6745,0.626,0.5743,1
2026-02-19,011790,0.5064,0.2532,0.6168,0.6706,0.5699,0
2026-02-19,011930,0.5071,0.2619,0.3962,0.4586,0.4663,0
2026-02-19,012030,0.5077,0.2596,0.5936,0.5434,0.5368,1
2026-02-19,0120G0,0.5106,0.2659,0.5128,0.62,0.5341,0
2026-02-19,012330,0.5073,0.2513,0.6133,0.6528,0.5649,0
2026-02-19,012450,0.5078,0.2637,0.3353,0.4445,0.4477,0
2026-02-19,012510,0.5062,0.2582,0.3896,0.5318,0.4803,1
2026-02-19,012630,0.5071,0.2626,0.5312,0.5109,0.5136,1
2026-02-19,015760,0.5069,0.258,0.4117,0.5406,0.4881,0
2026-02-19,015860,0.5055,0.2585,0.5114,0.3819,0.4786,1
2026-02-19,016360,0.5072,0.2576,0.5066,0.3548,0.4713,0
2026-02-19,016380,0.5037,0.2386,0.2971,0.3078,0.4036,1
2026-02-19,016610,0.5061,0.2509,0.4677,0.5849,0.5116,0
2026-02-19,017670,0.5109,0.2653,0.4434,0.514,0.4921,0
2026-02-19,017800,0.5046,0.2544,0.3672,0.53,0.4732,0
2026-02-19,017860,0.4984,0.2418,0.5757,0.3964,0.4953,0
2026-02-19,017960,0.5063,0.2536,0.6061,0.5852,0.5483,1
2026-02-19,018260,0.4918,0.2327,0.5799,0.5787,0.5351,0
2026-02-19,018880,0.5061,0.2537,0.381,0.359,0.4388,0
2026-02-19,020000,0.5038,0.2623,0.6656,0.5999,0.568,1
2026-02-19,020150,0.508,0.2638,0.5037,0.6123,0.5294,0
2026-02-19,021240,0.5121,0.2624,0.6039,0.5656,0.5454,0
2026-02-19,022100,0.5069,0.2466,0.5002,0.5087,0.5024,0
2026-02-19,024110,0.5036,0.2566,0.2818,0.3316,0.4075,0
2026-02-19,025860,0.5021,0.2572,0.3553,0.4928,0.462,0
2026-02-19,026890,0.5048,0.2571,0.5609,0.4831,0.514,1
2026-02-19,027410,0.4972,0.2402,0.3383,0.4421,0.4431,0
2026-02-19,028050,0.5075,0.2618,0.525,0.5212,0.5142,0
2026-02-19,028100,0.5008,0.2496,0.6087,0.4602,0.5198,0
2026-02-19,028260,0.5073,0.263,0.6137,0.5708,0.5486,1
2026-02-19,028670,0.5056,0.2583,0.4963,0.4414,0.4879,0
2026-02-19,029780,0.5053,0.2586,0.2846,0.427,0.4296,1
2026-02-19,030000,0.4923,0.2435,0.1921,0.4193,0.4006,1
2026-02-19,030200,0.506,0.259,0.2131,0.5066,0.4289,1
2026-02-19,030210,0.5061,0.2574,0.3799,0.3811,0.444,0
2026-02-19,030610,0.5068,0.2515,0.4525,0.3906,0.4642,0
2026-02-19,031430,0.5072,0.2608,0.5288,0.5561,0.5228,0
2026-02-19,032350,0.5114,0.2657,0.581,0.4839,0.5216,0
2026-02-19,032640,0.5018,0.2533,0.4441,0.4162,0.4674,0
2026-02-19,032830,0.5075,0.2645,0.6389,0.5709,0.5555,1
2026-02-19,033240,0.5072,0.2637,0.2901,0.546,0.4584,0
2026-02-19,033530,0.5058,0.2545,0.6342,0.6168,0.5627,0
2026-02-19,033780,0.5054,0.2618,0.4431,0.5091,0.4897,0
2026-02-19,034020,0.5078,0.248,0.6759,0.5709,0.5625,1
2026-02-19,034220,0.5055,0.2592,0.6235,0.642,0.5662,1
2026-02-19,034230,0.5123,0.2637,0.5379,0.6162,0.5397,0
2026-02-19,034730,0.5075,0.2596,0.4593,0.6425,0.5238,1
2026-02-19,034830,0.4997,0.2522,0.2214,0.3681,0.3991,1
2026-02-19,035250,0.5007,0.2308,0.066,0.1414,0.3124,0
2026-02-19,035420,0.5035,0.2465,0.6239,0.478,0.5276,0
2026-02-19,035510,0.5034,0.249,0.5753,0.2534,0.4648,0
2026-02-19,035720,0.4995,0.2411,0.4733,0.5147,0.495,0
2026-02-19,036460,0.4955,0.2449,0.4576,0.6497,0.5213,1
2026-02-19,037270,0.5059,0.246,0.5999,0.3225,0.4866,0
2026-02-19,039490,0.5072,0.2534,0.4857,0.3564,0.4655,0
2026-02-19,042660,0.5061,0.2584,0.6635,0.4137,0.5257,1
2026-02-19,042700,0.5098,0.2631,0.5909,0.5402,0.5362,1
2026-02-19,044450,0.5069,0.258,0.3925,0.3557,0.4418,0
2026-02-19,047040,0.5061,0.2622,0.293,0.2354,0.3907,0
2026-02-19,047050,0.5074,0.241,0.4338,0.5386,0.4909,1
2026-02-19,047810,0.5084,0.2545,0.6023,0.6384,0.5595,0
2026-02-19,051600,0.5072,0.2591,0.5113,0.6206,0.5324,1
2026-02-19,051910,0.5044,0.2606,0.4134,0.6021,0.5025,1
2026-02-19,052690,0.5068,0.2555,0.4844,0.6148,0.5235,1
2026-02-19,053690,0.504,0.2564,0.5235,0.598,0.5298,0
2026-02-19,055550,0.5096,0.2638,0.4687,0.4898,0.4929,0
2026-02-19,062040,0.5073,0.2614,0.5424,0.6041,0.5372,1
2026-02-19,064350,0.5045,0.2594,0.4978,0.588,0.5213,0
2026-02-19,064400,0.5065,0.2468,0.3701,0.5023,0.4669,0
2026-02-19,066570,0.508,0.2599,0.4614,0.5437,0.5023,1
2026-02-19,066970,0.5063,0.2621,0.5883,0.6555,0.5606,0
2026-02-19,068270,0.5047,0.2574,0.6733,0.6236,0.5746,0
2026-02-19,069260,0.5017,0.2548,0.597,0.3175,0.4855,0
2026-02-19,071050,0.5072,0.2605,0.3006,0.6226,0.4778,0
2026-02-19,071970,0.5053,0.2479,0.5196,0.6024,0.5286,1
2026-02-19,073240,0.5079,0.2625,0.3793,0.5324,0.4786,0
2026-02-19,075580,0.5084,0.2574,0.5893,0.6521,0.5596,0
2026-02-19,077970,0.507,0.2561,0.5372,0.5203,0.5162,0
2026-02-19,078520,0.5069,0.2612,0.485,0.5843,0.5177,0
2026-02-19,078930,0.5075,0.2583,0.4067,0.5468,0.4883,0
2026-02-19,079160,0.4941,0.2248,0.5185,0.3945,0.4767,0
2026-02-19,079550,0.5061,0.2598,0.4995,0.5429,0.5119,1
2026-02-19,081660,0.5065,0.2624,0.454,0.5389,0.4995,0
2026-02-19,082640,0.5034,0.2565,0.5514,0.5549,0.5274,1
2026-02-19,082740,0.507,0.2478,0.5134,0.6031,0.5273,0
2026-02-19,084680,0.5044,0.2535,0.5641,0.5104,0.5204,0
2026-02-19,085620,0.5058,0.2616,0.5614,0.5022,0.5193,1
2026-02-19,086280,0.5062,0.2517,0.6205,0.5419,0.5421,1
2026-02-19,086790,0.506,0.2641,0.4762,0.5127,0.4996,0
2026-02-19,088350,0.5061,0.2629,0.3905,0.312,0.4323,1
2026-02-19,088980,0.4697,0.232,0.0111,0.1215,0.2934,0
2026-02-19,089590,0.5057,0.2623,0.609,0.5143,0.5345,1
2026-02-19,090430,0.5076,0.2588,0.6076,0.4618,0.5221,0
2026-02-19,090460,0.5125,0.2651,0.4875,0.5841,0.5196,0
2026-02-19,091810,0.5094,0.2528,0.4861,0.4872,0.4952,0
2026-02-19,092200,0.5087,0.2656,0.611,0.5471,0.5432,1
2026-02-19,092220,0.5101,0.2553,0.4754,0.5615,0.5095,1
2026-02-19,092790,0.5059,0.2567,0.607,0.5998,0.5522,0
2026-02-19,093370,0.5058,0.2551,0.6717,0.5423,0.556,0
2026-02-19,094800,0.5053,0.2554,0.4793,0.5104,0.4985,1
2026-02-19,096770,0.5055,0.2535,0.6636,0.6784,0.5836,1
2026-02-19,097230,0.5081,0.2567,0.5845,0.512,0.527,0
2026-02-19,100090,0.5072,0.2578,0.6255,0.5634,0.5492,0
2026-02-19,100840,0.5072,0.2637,0.399,0.673,0.5155,0
2026-02-19,103140,0.5085,0.2434,0.5782,0.4151,0.5016,0
2026-02-19,103590,0.509,0.2628,0.5421,0.6184,0.5408,1
2026-02-19,105560,0.5061,0.2628,0.6687,0.4003,0.5247,0
2026-02-19,105840,0.5058,0.2509,0.5137,0.6482,0.5378,1
2026-02-19,112610,0.5068,0.2605,0.5437,0.4284,0.4979,0
2026-02-19,114090,0.4928,0.2455,0.5909,0.4506,0.5113,0
2026-02-19,117580,0.4789,0.2396,0.186,0.2369,0.3584,0
2026-02-19,120110,0.5084,0.2617,0.3789,0.5177,0.4752,0
2026-02-19,123890,0.5019,0.2464,0.2796,0.3057,0.3997,1
2026-02-19,126560,0.5016,0.2573,0.3759,0.4709,0.4624,0
2026-02-19,126720,0.5042,0.2452,0.5419,0.566,0.5257,1
2026-02-19,128820,0.5075,0.264,0.7087,0.566,0.5723,1
2026-02-19,130660,0.5072,0.2634,0.5369,0.4957,0.5118,1
2026-02-19,136490,0.5068,0.2574,0.561,0.5439,0.5279,0
2026-02-19,138040,0.5074,0.2641,0.4683,0.566,0.5097,0
2026-02-19,138930,0.5057,0.2618,0.3613,0.3281,0.4281,0
2026-02-19,139130,0.5089,0.2653,0.407,0.231,0.4194,0
2026-02-19,139480,0.5086,0.2623,0.611,0.5944,0.5532,0
2026-02-19,161390,0.5079,0.2609,0.3577,0.5142,0.4686,1
2026-02-19,161890,0.4994,0.2587,0.2809,0.5071,0.4457,0
2026-02-19,175330,0.507,0.2637,0.4303,0.5545,0.497,0
2026-02-19,178920,0.5079,0.2621,0.5346,0.5352,0.5199,0
2026-02-19,180640,0.5018,0.2605,0.5952,0.7765,0.5882,1
2026-02-19,192650,0.5076,0.2546,0.5237,0.4294,0.4921,0
2026-02-19,195870,0.5076,0.2605,0.3754,0.722,0.5198,0
2026-02-19,204320,0.5059,0.2617,0.6027,0.5705,0.5453,0
2026-02-19,214320,0.4914,0.2423,0.1033,0.3257,0.3585,0
2026-02-19,217590,0.5082,0.2612,0.4985,0.6781,0.5424,0
2026-02-19,229640,0.5087,0.2562,0.5294,0.576,0.5269,1
2026-02-19,241560,0.5075,0.2611,0.5594,0.5936,0.5393,0
2026-02-19,248070,0.5053,0.2631,0.4691,0.4882,0.492,1
2026-02-19,249420,0.5048,0.2475,0.6074,0.5897,0.5485,1
2026-02-19,251270,0.498,0.2562,0.5259,0.6045,0.5311,0
2026-02-19,259960,0.5046,0.2602,0.6234,0.608,0.5587,0
2026-02-19,267250,0.5074,0.261,0.6837,0.5657,0.5653,1
2026-02-19,267260,0.5085,0.255,0.6346,0.6463,0.5697,1
2026-02-19,267270,0.5075,0.2631,0.4371,0.6308,0.5159,0
2026-02-19,272210,0.5068,0.2582,0.4314,0.4657,0.4765,0
2026-02-19,272450,0.5005,0.2472,0.3733,0.4312,0.4512,0
2026-02-19,278470,0.5096,0.2614,0.5689,0.473,0.5151,1
2026-02-19,281820,0.5064,0.2597,0.3851,0.5907,0.4926,1
2026-02-19,293940,0.4749,0.2486,0.0966,0.3126,0.3533,0
2026-02-19,294870,0.506,0.2615,0.6517,0.5423,0.5518,0
2026-02-19,302440,0.4922,0.2409,0.4731,0.5087,0.4927,0
2026-02-19,316140,0.506,0.2617,0.3425,0.383,0.4354,0
2026-02-19,322000,0.5072,0.2515,0.3396,0.2636,0.4071,0
2026-02-19,323410,0.5079,0.2615,0.5184,0.6049,0.5312,1
2026-02-19,326030,0.5005,0.2434,0.5347,0.4792,0.5036,1
2026-02-19,329180,0.5087,0.2681,0.5001,0.4434,0.4913,1
2026-02-19,330590,0.4955,0.2346,0.1486,0.0371,0.3108,0
2026-02-19,336260,0.5053,0.2594,0.6076,0.5598,0.5438,0
2026-02-19,336370,0.5061,0.2616,0.5141,0.3981,0.4835,0
2026-02-19,348950,0.5045,0.2659,0.3717,0.5508,0.4809,0
2026-02-19,352820,0.5034,0.2446,0.6803,0.6338,0.5765,0
2026-02-19,353200,0.508,0.2638,0.3177,0.5235,0.4607,0
2026-02-19,357120,0.4657,0.2109,0.004,0.0117,0.269,0
2026-02-19,361610,0.5014,0.2528,0.5815,0.5431,0.5318,0
2026-02-19,365550,0.4705,0.2074,0.025,0.0067,0.2725,0
2026-02-19,373220,0.4993,0.2451,0.6287,0.4438,0.5205,0
2026-02-19,375500,0.5089,0.2617,0.4268,0.6011,0.5065,1
2026-02-19,377190,0.4751,0.2285,0.2956,0.1777,0.3708,0
2026-02-19,377300,0.5065,0.2575,0.3718,0.489,0.466,1
2026-02-19,383800,0.4996,0.2355,0.2917,0.2768,0.3946,1
2026-02-19,395400,0.484,0.2199,0.4446,0.3808,0.4524,0
2026-02-19,402340,0.5087,0.2634,0.4711,0.5004,0.4957,0
2026-02-19,404990,0.4978,0.2436,0.2709,0.2389,0.3823,0
2026-02-19,415640,0.4733,0.2062,0.0485,0.0119,0.2785,0
2026-02-19,417310,0.4826,0.2244,0.4207,0.5369,0.4816,0
2026-02-19,432320,0.4935,0.2509,0.2958,0.4297,0.4305,0
2026-02-19,439260,0.5076,0.2584,0.5731,0.5576,0.5344,1
2026-02-19,443060,0.5053,0.2628,0.5849,0.5779,0.5424,1
2026-02-19,450080,0.5065,0.2638,0.4108,0.5453,0.4898,0
2026-02-19,451800,0.4993,0.2433,0.4586,0.4107,0.4681,1
2026-02-19,452260,0.505,0.2564,0.2353,0.3442,0.3986,1
2026-02-19,454910,0.5102,0.263,0.2496,0.4719,0.4317,1
2026-02-19,456040,0.4998,0.2615,0.3754,0.5891,0.4892,0
2026-02-19,457190,0.5083,0.2581,0.3847,0.5756,0.4891,0
2026-02-19,460860,0.5004,0.2319,0.3973,0.3324,0.4332,1
2026-02-19,475150,0.5082,0.2653,0.5217,0.5603,0.5227,0
2026-02-19,489790,0.5081,0.2625,0.4385,0.6123,0.5121,1
2026-02-19,900140,0.4961,0.2457,0.413,0.4828,0.4723,0
2026-02-20,000080,0.4721,0.2062,0.1358,0.3609,0.3665,0
2026-02-20,000100,0.497,0.2448,0.7764,0.5068,0.5725,0
2026-02-20,000210,0.5072,0.2624,0.3936,0.5002,0.475,1
2026-02-20,000240,0.5068,0.2567,0.1581,0.388,0.3889,0
2026-02-20,000270,0.5057,0.2536,0.7081,0.5823,0.574,0
2026-02-20,000370,0.5061,0.2516,0.1897,0.3287,0.3833,0
2026-02-20,000390,0.5076,0.2635,0.4694,0.4681,0.4879,0
2026-02-20,000400,0.5029,0.2542,0.549,0.4828,0.5101,0
2026-02-20,000490,0.5111,0.259,0.526,0.576,0.5267,1
2026-02-20,000500,0.5055,0.2531,0.632,0.6162,0.5617,1
2026-02-20,000540,0.5061,0.251,0.3253,0.455,0.4452,0
2026-02-20,000660,0.5061,0.2633,0.3452,0.6275,0.4909,0
2026-02-20,000680,0.4981,0.2386,0.537,0.5393,0.5167,0
2026-02-20,000720,0.5072,0.2597,0.4645,0.7094,0.5401,1
2026-02-20,000810,0.5072,0.2596,0.7796,0.5585,0.5881,0
2026-02-20,000880,0.5074,0.2462,0.5393,0.6395,0.542,0
2026-02-20,000990,0.5077,0.2625,0.2615,0.5094,0.4427,0
2026-02-20,001040,0.509,0.2628,0.5833,0.601,0.5476,0
2026-02-20,001120,0.5073,0.2582,0.4574,0.538,0.4996,0
2026-02-20,001200,0.5071,0.2641,0.3717,0.4189,0.4514,0
2026-02-20,001230,0.5054,0.26,0.4645,0.4878,0.4903,0
2026-02-20,001340,0.5065,0.2625,0.5162,0.5527,0.5189,0
2026-02-20,001390,0.5072,0.252,0.6476,0.4924,0.5383,0
2026-02-20,001430,0.5077,0.2619,0.5184,0.4076,0.487,0
2026-02-20,001440,0.5075,0.2637,0.418,0.5754,0.4986,1
2026-02-20,001450,0.5033,0.2504,0.4332,0.5373,0.4915,0
2026-02-20,001500,0.5065,0.2627,0.3772,0.2787,0.4216,0
2026-02-20,001510,0.505,0.251,0.1633,0.3121,0.3731,0
2026-02-20,001740,0.5065,0.2612,0.4869,0.4683,0.4921,0
2026-02-20,001790,0.4821,0.225,0.1945,0.2287,0.3571,0
2026-02-20,001800,0.5072,0.2574,0.4759,0.5538,0.5079,0
2026-02-20,001820,0.5072,0.2618,0.5331,0.5574,0.5244,1
2026-02-20,002310,0.5074,0.2653,0.4113,0.4167,0.4615,0
2026-02-20,002350,0.509,0.2585,0.5198,0.5226,0.5128,0
2026-02-20,002790,0.5083,0.2638,0.4176,0.5319,0.4888,0
2026-02-20,002900,0.5079,0.2611,0.6327,0.6186,0.5639,0
2026-02-20,003000,0.5064,0.2605,0.4461,0.4874,0.4855,0
2026-02-20,003160,0.5098,0.263,0.5369,0.5348,0.5208,0
2026-02-20,003280,0.4998,0.2557,0.1936,0.3926,0.3979,1
2026-02-20,003470,0.5062,0.2638,0.3957,0.459,0.4664,0
2026-02-20,003490,0.5002,0.2393,0.465,0.3574,0.4574,1
2026-02-20,003520,0.4756,0.2234,0.0905,0.2105,0.3279,1
2026-02-20,003530,0.5072,0.2645,0.3144,0.5355,0.4625,0
2026-02-20,003540,0.5072,0.2618,0.3504,0.3651,0.4336,0
2026-02-20,003550,0.504,0.2401,0.4828,0.5883,0.5144,0
2026-02-20,003620,0.5086,0.2582,0.4655,0.4518,0.4825,0
2026-02-20,003670,0.5081,0.2623,0.6768,0.5466,0.5596,0
2026-02-20,003690,0.5071,0.263,0.3068,0.3572,0.4208,0
2026-02-20,003720,0.5061,0.2613,0.3917,0.3061,0.431,0
2026-02-20,003850,0.5096,0.2552,0.408,0.3595,0.4465,0
2026-02-20,004000,0.4983,0.2501,0.6298,0.5924,0.5546,0
2026-02-20,004020,0.5054,0.2597,0.5622,0.5546,0.5309,0
2026-02-20,004310,0.5108,0.2651,0.5404,0.5893,0.5344,0
2026-02-20,004560,0.5068,0.2511,0.4753,0.5827,0.5132,1
2026-02-20,004990,0.5024,0.2618,0.4614,0.5182,0.4962,0
2026-02-20,005010,0.5012,0.2504,0.5635,0.4558,0.5071,0
2026-02-20,005070,0.5093,0.2623,0.5221,0.5984,0.531,0
2026-02-20,005090,0.5079,0.2637,0.4692,0.5259,0.5009,0
2026-02-20,005380,0.5099,0.2517,0.6477,0.4992,0.5401,0
2026-02-20,005385,0.5073,0.2574,0.6581,0.611,0.5682,1
2026-02-20,005387,0.5073,0.2593,0.594,0.4984,0.5267,1
2026-02-20,005420,0.5103,0.2552,0.6243,0.4363,0.5205,0
2026-02-20,005440,0.5078,0.2632,0.4039,0.2572,0.4239,0
2026-02-20,005490,0.5039,0.2524,0.6828,0.6241,0.5763,0
2026-02-20,005680,0.5016,0.2529,0.5892,0.369,0.4948,1
2026-02-20,005690,0.5074,0.2572,0.5526,0.1707,0.4422,1
2026-02-20,005830,0.5072,0.2626,0.5469,0.4404,0.5019,0
2026-02-20,005850,0.5072,0.2615,0.3781,0.4351,0.4563,0
2026-02-20,005880,0.5083,0.2624,0.4206,0.5435,0.492,0
2026-02-20,005930,0.5065,0.2476,0.7493,0.3796,0.5389,1
2026-02-20,005935,0.5066,0.2597,0.6326,0.5227,0.5422,1
2026-02-20,005940,0.5072,0.2509,0.3752,0.3005,0.4241,0
2026-02-20,005945,0.5065,0.2596,0.4529,0.3781,0.4627,0
2026-02-20,006110,0.5068,0.2586,0.5087,0.588,0.5243,0
2026-02-20,006120,0.5089,0.259,0.6083,0.42,0.513,0
2026-02-20,006220,0.5068,0.2511,0.451,0.5824,0.5068,0
2026-02-20,006260,0.5075,0.2622,0.5117,0.6453,0.5386,0
2026-02-20,006340,0.5069,0.2583,0.1372,0.6476,0.4404,1
2026-02-20,006360,0.5058,0.2616,0.5127,0.6117,0.531,0
2026-02-20,006400,0.5118,0.2658,0.5489,0.6512,0.5506,0
2026-02-20,006650,0.4999,0.2628,0.5666,0.6414,0.5512,0
2026-02-20,006800,0.5079,0.2637,0.2066,0.5624,0.4405,0
2026-02-20,006805,0.5076,0.2645,0.497,0.6552,0.5373,0
2026-02-20,00680K,0.5086,0.2653,0.4083,0.6342,0.5096,0
2026-02-20,007070,0.5058,0.2531,0.6322,0.525,0.5415,1
2026-02-20,007340,0.509,0.2617,0.5103,0.6316,0.5352,0
2026-02-20,007660,0.5115,0.2645,0.6213,0.6178,0.5617,1
2026-02-20,007810,0.5048,0.2638,0.3584,0.4355,0.4513,0
2026-02-20,008060,0.5031,0.2476,0.5325,0.541,0.5179,1
2026-02-20,008770,0.4963,0.2626,0.3653,0.6267,0.4948,0
2026-02-20,008930,0.5116,0.2631,0.519,0.562,0.5225,1
2026-02-20,009150,0.5072,0.2574,0.5139,0.6198,0.5327,1
2026-02-20,009160,0.4939,0.2315,0.4001,0.3782,0.4432,0
2026-02-20,009290,0.5061,0.2485,0.3187,0.4851,0.4498,0
2026-02-20,009410,0.4983,0.2571,0.4995,0.5246,0.5064,1
2026-02-20,009420,0.5126,0.2554,0.4692,0.5606,0.508,1
2026-02-20,009470,0.5053,0.2517,0.274,0.4024,0.4204,1
2026-02-20,009540,0.5082,0.2612,0.6445,0.5249,0.5462,1
2026-02-20,009830,0.508,0.2653,0.5756,0.5826,0.5418,0
2026-02-20,009900,0.4941,0.2302,0.5743,0.2677,0.4637,0
2026-02-20,010060,0.5115,0.2649,0.5762,0.6299,0.5528,0
2026-02-20,010120,0.5075,0.261,0.5607,0.4506,0.5076,1
2026-02-20,010140,0.5046,0.2583,0.5652,0.5437,0.5289,0
2026-02-20,010690,0.5061,0.2601,0.3611,0.5146,0.4693,0
2026-02-20,010780,0.5018,0.2634,0.5989,0.5448,0.5384,0
2026-02-20,010820,0.5061,0.2516,0.3462,0.3186,0.4206,0
2026-02-20,010950,0.5068,0.2582,0.526,0.5412,0.5183,0
2026-02-20,011070,0.507,0.261,0.5504,0.476,0.5105,1
2026-02-20,011170,0.5072,0.2625,0.3981,0.6171,0.5025,0
2026-02-20,011200,0.5065,0.2521,0.2494,0.467,0.4285,0
2026-02-20,011210,0.5061,0.2444,0.4919,0.6286,0.5267,0
2026-02-20,011500,0.513,0.2653,0.6688,0.6463,0.5805,0
2026-02-20,011690,0.5058,0.2651,0.4194,0.5527,0.4938,1
2026-02-20,011780,0.5023,0.2477,0.7004,0.504,0.5533,0
2026-02-20,011790,0.5088,0.2472,0.5549,0.5141,0.5183,0
2026-02-20,011930,0.509,0.2535,0.4274,0.6747,0.5219,0
2026-02-20,012030,0.5073,0.2587,0.4675,0.4062,0.4728,1
2026-02-20,0120G0,0.5106,0.265,0.4833,0.5924,0.5201,0
2026-02-20,012330,0.5069,0.2443,0.6127,0.5261,0.5355,1
2026-02-20,012450,0.5069,0.2592,0.4512,0.3941,0.4658,0
2026-02-20,012510,0.5089,0.2585,0.5022,0.4338,0.4882,0
2026-02-20,012630,0.5075,0.2621,0.5347,0.5287,0.5185,0
2026-02-20,015760,0.5062,0.2605,0.4283,0.5315,0.4908,0
2026-02-20,015860,0.5061,0.2548,0.496,0.4541,0.4902,1
2026-02-20,016360,0.5072,0.2637,0.5252,0.5473,0.5203,0
2026-02-20,016380,0.5041,0.2554,0.3322,0.5466,0.4679,0
2026-02-20,016610,0.5071,0.2521,0.5115,0.5745,0.5211,0
2026-02-20,017670,0.51,0.2575,0.4393,0.5296,0.4932,0
2026-02-20,017800,0.5073,0.259,0.3794,0.5332,0.4782,0
2026-02-20,017860,0.4998,0.2433,0.6329,0.4817,0.5298,0
2026-02-20,017960,0.506,0.2475,0.6028,0.5127,0.5303,0
2026-02-20,018260,0.4901,0.2396,0.5764,0.5586,0.5305,0
2026-02-20,018880,0.5083,0.265,0.3692,0.4453,0.4569,0
2026-02-20,020000,0.5038,0.2612,0.5769,0.5637,0.5368,1
2026-02-20,020150,0.5081,0.264,0.497,0.6147,0.5282,0
2026-02-20,021240,0.5121,0.2616,0.6053,0.5367,0.5392,0
2026-02-20,022100,0.5124,0.2458,0.5094,0.4908,0.5014,0
2026-02-20,024110,0.5048,0.2631,0.2194,0.2929,0.3846,0
2026-02-20,025860,0.5006,0.2498,0.3266,0.3809,0.4284,0
2026-02-20,026890,0.5057,0.2568,0.5931,0.3422,0.4909,0
2026-02-20,027410,0.4985,0.2454,0.4102,0.493,0.4741,0
2026-02-20,028050,0.5073,0.2568,0.5332,0.532,0.518,0
2026-02-20,028100,0.5007,0.2419,0.5975,0.2925,0.4779,0
2026-02-20,028260,0.5072,0.2555,0.6199,0.4672,0.5259,0
2026-02-20,028670,0.5094,0.2637,0.4922,0.5368,0.5096,0
2026-02-20,029780,0.5054,0.2628,0.1736,0.4167,0.3997,0
2026-02-20,030000,0.4938,0.2464,0.2015,0.3901,0.3973,0
2026-02-20,030200,0.5051,0.2618,0.1996,0.4348,0.41,0
2026-02-20,030210,0.5062,0.2638,0.2709,0.4386,0.4295,0
2026-02-20,030610,0.5068,0.2506,0.3479,0.3362,0.4249,0
2026-02-20,031430,0.5102,0.2504,0.542,0.4149,0.4933,0
2026-02-20,032350,0.5114,0.2634,0.626,0.5809,0.5546,0
2026-02-20,032640,0.5014,0.2515,0.5034,0.3806,0.4746,0
2026-02-20,032830,0.5072,0.2584,0.6521,0.5124,0.5449,0
2026-02-20,033240,0.508,0.2653,0.3342,0.4986,0.4597,0
2026-02-20,033530,0.5047,0.2496,0.6216,0.5636,0.5467,0
2026-02-20,033780,0.5054,0.261,0.3938,0.5614,0.4884,0
2026-02-20,034020,0.5075,0.2609,0.6613,0.5904,0.565,0
2026-02-20,034220,0.5078,0.2592,0.4841,0.3889,0.4734,1
2026-02-20,034230,0.5079,0.2603,0.5539,0.4573,0.5072,0
2026-02-20,034730,0.5072,0.262,0.6814,0.5347,0.558,0
2026-02-20,034830,0.5003,0.2549,0.2716,0.2559,0.388,1
2026-02-20,035250,0.5007,0.252,0.0653,0.4645,0.3807,0
2026-02-20,035420,0.5027,0.2543,0.6248,0.5773,0.5511,0
2026-02-20,035510,0.503,0.2501,0.5438,0.5605,0.5256,0
2026-02-20,035720,0.4972,0.2455,0.484,0.5106,0.4973,0
2026-02-20,036460,0.4971,0.2519,0.5943,0.6006,0.5473,0
2026-02-20,037270,0.5091,0.2422,0.5998,0.3541,0.4934,0
2026-02-20,039490,0.5079,0.2641,0.4716,0.484,0.4922,0
2026-02-20,042660,0.5072,0.2589,0.6421,0.698,0.5834,0
2026-02-20,042700,0.51,0.2564,0.5835,0.3479,0.4901,1
2026-02-20,044450,0.5067,0.263,0.3829,0.4456,0.4601,0
2026-02-20,047040,0.5073,0.265,0.308,0.4264,0.4367,0
2026-02-20,047050,0.5072,0.255,0.4257,0.466,0.4746,0
2026-02-20,047810,0.5073,0.2514,0.6594,0.7174,0.5909,0
2026-02-20,051600,0.5038,0.2589,0.3958,0.6018,0.4975,0
2026-02-20,051910,0.5053,0.2626,0.3508,0.6193,0.4904,1
2026-02-20,052690,0.5072,0.257,0.5767,0.726,0.5725,0
2026-02-20,053690,0.504,0.2569,0.5779,0.5327,0.5294,0
2026-02-20,055550,0.5072,0.2557,0.467,0.6135,0.5187,0
2026-02-20,062040,0.5073,0.2602,0.5522,0.6563,0.5512,1
2026-02-20,064350,0.506,0.259,0.6695,0.5868,0.5659,0
2026-02-20,064400,0.5065,0.2555,0.4319,0.5719,0.5,0
2026-02-20,066570,0.5087,0.2625,0.5059,0.4903,0.5025,1
2026-02-20,066970,0.5087,0.2635,0.693,0.6205,0.5803,0
2026-02-20,068270,0.5012,0.2536,0.718,0.5596,0.571,0
2026-02-20,069260,0.5006,0.2452,0.5331,0.4851,0.5048,0
2026-02-20,071050,0.5072,0.2628,0.478,0.6148,0.523,0
2026-02-20,071970,0.5082,0.2585,0.5689,0.6278,0.5491,0
2026-02-20,073240,0.5079,0.2609,0.5743,0.5281,0.5286,0
2026-02-20,075580,0.5084,0.2561,0.5208,0.5178,0.5115,0
2026-02-20,077970,0.5089,0.2618,0.5088,0.4017,0.4833,0
2026-02-20,078520,0.5106,0.2634,0.5879,0.5123,0.5293,0
2026-02-20,078930,0.5075,0.2553,0.3156,0.4489,0.4422,0
2026-02-20,079160,0.4952,0.2359,0.5092,0.4566,0.49,0
2026-02-20,079550,0.5089,0.2582,0.4594,0.5218,0.4967,1
2026-02-20,081660,0.5066,0.2637,0.5259,0.5578,0.5228,0
2026-02-20,082640,0.5061,0.2584,0.4668,0.3967,0.4702,0
2026-02-20,082740,0.5063,0.255,0.55,0.5973,0.5366,0
2026-02-20,084680,0.5066,0.2538,0.6436,0.5429,0.5487,0
2026-02-20,085620,0.5064,0.2584,0.4888,0.4034,0.4776,0
2026-02-20,086280,0.5061,0.2614,0.648,0.5474,0.552,0
2026-02-20,086790,0.5049,0.2605,0.5076,0.5298,0.511,0
2026-02-20,088350,0.5061,0.2489,0.2273,0.4467,0.4179,0
2026-02-20,088980,0.4814,0.2359,0.0069,0.377,0.344,0
2026-02-20,089590,0.5053,0.254,0.586,0.473,0.5179,1
2026-02-20,090430,0.5067,0.2653,0.5965,0.4693,0.5217,0
2026-02-20,090460,0.5125,0.2635,0.5543,0.5801,0.5359,0
2026-02-20,091810,0.5097,0.2513,0.5089,0.4949,0.5027,1
2026-02-20,092200,0.5083,0.2633,0.6496,0.5906,0.5625,1
2026-02-20,092220,0.5053,0.2536,0.4368,0.508,0.4865,1
2026-02-20,092790,0.5059,0.2559,0.3753,0.321,0.4293,0
2026-02-20,093370,0.5065,0.2436,0.6211,0.4366,0.5174,0
2026-02-20,094800,0.5054,0.2614,0.2571,0.1609,0.3659,0
2026-02-20,096770,0.5052,0.2553,0.7606,0.4436,0.5571,1
2026-02-20,097230,0.5063,0.2583,0.56,0.6123,0.5431,0
2026-02-20,100090,0.5048,0.2609,0.5781,0.6012,0.5455,1
2026-02-20,100840,0.5079,0.2599,0.3553,0.6309,0.494,0
2026-02-20,103140,0.5058,0.2582,0.4552,0.582,0.5088,0
2026-02-20,103590,0.509,0.2583,0.4213,0.7307,0.5336,1
2026-02-20,105560,0.5041,0.259,0.6782,0.3637,0.5182,0
2026-02-20,105840,0.5069,0.2566,0.5611,0.6403,0.5494,0
2026-02-20,112610,0.511,0.2638,0.462,0.4365,0.4793,0
2026-02-20,114090,0.4917,0.2328,0.5729,0.3261,0.4766,0
2026-02-20,117580,0.4941,0.2471,0.2536,0.4408,0.4216,1
2026-02-20,120110,0.5115,0.2593,0.5157,0.5506,0.5184,0
2026-02-20,123890,0.5024,0.2589,0.3497,0.3198,0.4225,1
2026-02-20,126560,0.5011,0.243,0.3307,0.398,0.4322,0
2026-02-20,126720,0.507,0.258,0.528,0.493,0.508,0
2026-02-20,128820,0.5057,0.2499,0.5558,0.7471,0.5705,1
2026-02-20,130660,0.5072,0.2613,0.434,0.4085,0.4649,0
2026-02-20,136490,0.5073,0.2577,0.5327,0.5468,0.5213,0
2026-02-20,138040,0.5066,0.2582,0.4345,0.3535,0.4522,0
2026-02-20,138930,0.5053,0.2618,0.3575,0.2819,0.417,0
2026-02-20,139130,0.5059,0.2619,0.3515,0.2667,0.4122,0
2026-02-20,139480,0.5093,0.2631,0.6308,0.5538,0.5495,0
2026-02-20,161390,0.5071,0.2629,0.3696,0.569,0.4842,0
2026-02-20,161890,0.5036,0.2402,0.3121,0.4226,0.4327,0
2026-02-20,175330,0.5071,0.2621,0.5505,0.5555,0.5285,0
2026-02-20,178920,0.5119,0.2593,0.635,0.4055,0.5172,0
2026-02-20,180640,0.5025,0.2615,0.5293,0.7152,0.558,1
2026-02-20,192650,0.5078,0.2608,0.5477,0.5501,0.5265,0
2026-02-20,195870,0.5121,0.2656,0.2856,0.4857,0.4447,1
2026-02-20,204320,0.5068,0.2563,0.6122,0.5631,0.5454,0
2026-02-20,214320,0.4925,0.2388,0.1145,0.371,0.3704,0
2026-02-20,217590,0.5058,0.2571,0.5355,0.645,0.5437,0
2026-02-20,229640,0.5085,0.2608,0.4365,0.529,0.4927,0
2026-02-20,241560,0.5076,0.259,0.5885,0.6069,0.5495,0
2026-02-20,248070,0.5064,0.2606,0.451,0.4562,0.4799,1
2026-02-20,249420,0.5063,0.2518,0.6109,0.6613,0.5662,1
2026-02-20,251270,0.5005,0.2585,0.3532,0.5396,0.4719,0
2026-02-20,259960,0.5039,0.2558,0.626,0.6868,0.576,0
2026-02-20,267250,0.5072,0.2591,0.699,0.5842,0.5731,0
2026-02-20,267260,0.5068,0.2621,0.6279,0.3997,0.5139,1
2026-02-20,267270,0.5087,0.2619,0.4418,0.6651,0.5248,0
2026-02-20,272210,0.5072,0.252,0.3638,0.6642,0.5024,0
2026-02-20,272450,0.499,0.2304,0.2724,0.3222,0.3987,1
2026-02-20,278470,0.5076,0.2565,0.5139,0.6519,0.5397,0
2026-02-20,281820,0.5094,0.2593,0.4982,0.619,0.5289,0
2026-02-20,293940,0.4745,0.2276,0.0898,0.1069,0.308,0
2026-02-20,294870,0.5054,0.2595,0.5309,0.4361,0.496,0
2026-02-20,302440,0.4906,0.2343,0.4091,0.4483,0.4612,0
2026-02-20,316140,0.5024,0.2545,0.3371,0.3142,0.4174,0
2026-02-20,322000,0.5085,0.2653,0.6176,0.557,0.5471,0
2026-02-20,323410,0.5084,0.2637,0.4861,0.5459,0.5099,0
2026-02-20,326030,0.5001,0.2406,0.4846,0.4882,0.492,1
2026-02-20,329180,0.5081,0.2641,0.4718,0.6892,0.5383,0
2026-02-20,330590,0.4869,0.2425,0.1746,0.2551,0.3607,0
2026-02-20,336260,0.5064,0.2602,0.6279,0.6265,0.5641,0
2026-02-20,336370,0.5111,0.2595,0.5942,0.5473,0.5382,0
2026-02-20,348950,0.5035,0.2599,0.3787,0.6259,0.4985,0
2026-02-20,352820,0.504,0.254,0.5908,0.6141,0.5505,0
2026-02-20,353200,0.513,0.2628,0.5348,0.6254,0.5409,1
2026-02-20,357120,0.4685,0.226,0.008,0.0405,0.2771,0
2026-02-20,361610,0.503,0.2459,0.5561,0.5254,0.5203,1
2026-02-20,365550,0.4705,0.2177,0.0662,0.014,0.2838,0
2026-02-20,373220,0.4989,0.2443,0.6119,0.5233,0.5337,1
2026-02-20,375500,0.5087,0.2624,0.4441,0.5232,0.4936,0
2026-02-20,377190,0.4748,0.2263,0.1763,0.0959,0.3253,0
2026-02-20,377300,0.5072,0.2578,0.4467,0.5297,0.4949,0
2026-02-20,383800,0.4986,0.2554,0.3747,0.408,0.4474,0
2026-02-20,395400,0.4837,0.2176,0.4046,0.3956,0.4449,0
2026-02-20,402340,0.5068,0.2641,0.4659,0.4672,0.4868,0
2026-02-20,404990,0.4961,0.2463,0.1035,0.2265,0.3394,0
2026-02-20,415640,0.4733,0.2062,0.0824,0.0436,0.2915,0
2026-02-20,417310,0.4802,0.217,0.413,0.2312,0.4104,1
2026-02-20,432320,0.4882,0.2578,0.3611,0.544,0.4734,0
2026-02-20,439260,0.5074,0.2532,0.4837,0.4316,0.4819,1
2026-02-20,443060,0.5048,0.2519,0.6411,0.5189,0.5422,0
2026-02-20,450080,0.5128,0.2627,0.5958,0.6311,0.558,0
2026-02-20,451800,0.4993,0.2398,0.3528,0.4246,0.4431,1
2026-02-20,452260,0.505,0.2491,0.2553,0.2233,0.3767,0
2026-02-20,454910,0.5129,0.2582,0.5454,0.5114,0.5174,1
2026-02-20,456040,0.5094,0.2536,0.3798,0.5213,0.4751,0
2026-02-20,457190,0.5127,0.2634,0.5453,0.4798,0.5111,0
2026-02-20,460860,0.502,0.2511,0.362,0.4491,0.453,0
2026-02-20,475150,0.5072,0.2621,0.5684,0.5518,0.5324,0
2026-02-20,489790,0.5094,0.2627,0.4282,0.5779,0.5019,1
2026-02-20,900140,0.4954,0.2325,0.4655,0.431,0.4724,1
2026-02-23,000080,0.4745,0.2103,0.1216,0.1761,0.3264,0
2026-02-23,000100,0.5016,0.24,0.7356,0.5546,0.5724,0
2026-02-23,000210,0.5087,0.2621,0.3049,0.5008,0.4521,1
2026-02-23,000240,0.5119,0.2653,0.264,0.567,0.4571,0
2026-02-23,000270,0.5053,0.2617,0.7322,0.6053,0.5863,1
2026-02-23,000370,0.5077,0.254,0.3115,0.4943,0.451,0
2026-02-23,000390,0.5071,0.2632,0.5548,0.4656,0.5097,0
2026-02-23,000400,0.5061,0.25,0.239,0.556,0.4451,0
2026-02-23,000490,0.5079,0.2478,0.5422,0.381,0.4851,1
2026-02-23,000500,0.5072,0.26,0.48,0.4888,0.4947,0
2026-02-23,000540,0.5061,0.2485,0.2193,0.3324,0.3911,0
2026-02-23,000660,0.5068,0.2625,0.2959,0.6459,0.4821,1
2026-02-23,000680,0.4988,0.2478,0.5002,0.491,0.4977,0
2026-02-23,000720,0.5072,0.261,0.5358,0.6767,0.5516,1
2026-02-23,000810,0.5144,0.2654,0.4994,0.4543,0.4938,0
2026-02-23,000880,0.5117,0.2645,0.4928,0.7157,0.5502,1
2026-02-23,000990,0.5077,0.2625,0.2856,0.4909,0.4449,0
2026-02-23,001040,0.5121,0.2643,0.5827,0.6057,0.5491,0
2026-02-23,001120,0.5052,0.2578,0.2075,0.4235,0.409,0
2026-02-23,001200,0.5088,0.2641,0.4385,0.2547,0.4325,0
2026-02-23,001230,0.5049,0.2551,0.3893,0.3248,0.4335,0
2026-02-23,001340,0.5106,0.2624,0.6143,0.5984,0.5552,1
2026-02-23,001390,0.511,0.259,0.6155,0.5117,0.5357,0
2026-02-23,001430,0.5123,0.2634,0.7455,0.5773,0.5847,1
2026-02-23,001440,0.5072,0.2578,0.4161,0.616,0.5062,0
2026-02-23,001450,0.5066,0.2536,0.5399,0.6406,0.5435,0
2026-02-23,001500,0.5091,0.2651,0.3796,0.1844,0.4023,0
2026-02-23,001510,0.503,0.2618,0.533,0.5134,0.514,0
2026-02-23,001740,0.5106,0.2621,0.577,0.5294,0.5301,1
2026-02-23,001790,0.4921,0.243,0.3147,0.2859,0.4026,0
2026-02-23,001800,0.5075,0.2558,0.4437,0.5186,0.4913,0
2026-02-23,001820,0.5072,0.2537,0.4384,0.6512,0.5194,0
2026-02-23,002310,0.5061,0.2632,0.4486,0.4005,0.4671,0
2026-02-23,002350,0.5079,0.2627,0.5228,0.5185,0.5132,0
2026-02-23,002790,0.5053,0.2583,0.4462,0.5566,0.5006,0
2026-02-23,002900,0.509,0.2629,0.6324,0.5737,0.5543,1
2026-02-23,003000,0.5065,0.2647,0.5218,0.5373,0.5173,0
2026-02-23,003160,0.513,0.2655,0.5788,0.6792,0.5647,1
2026-02-23,003280,0.5046,0.2587,0.2681,0.4467,0.4296,0
2026-02-23,003470,0.5087,0.264,0.5587,0.5746,0.5355,0
2026-02-23,003490,0.5034,0.2567,0.5448,0.4236,0.4962,1
2026-02-23,003520,0.5004,0.2638,0.2776,0.3804,0.4178,1
2026-02-23,003530,0.5104,0.2651,0.4243,0.4374,0.4698,0
2026-02-23,003540,0.5095,0.2645,0.5667,0.516,0.5246,0
2026-02-23,003550,0.4979,0.2473,0.5653,0.521,0.5213,1
2026-02-23,003620,0.5109,0.263,0.436,0.5445,0.4966,0
2026-02-23,003670,0.5109,0.2586,0.7068,0.5929,0.5773,1
2026-02-23,003690,0.5051,0.259,0.3101,0.3638,0.4223,0
2026-02-23,003720,0.5084,0.2645,0.6452,0.5905,0.5615,0
2026-02-23,003850,0.5103,0.2552,0.6008,0.4898,0.5263,0
2026-02-23,004000,0.4967,0.2444,0.6438,0.5891,0.5564,0
2026-02-23,004020,0.5114,0.2653,0.4643,0.5965,0.5162,1
2026-02-23,004310,0.5075,0.2646,0.4959,0.5785,0.5198,0
2026-02-23,004560,0.5072,0.2619,0.4464,0.4802,0.4843,0
2026-02-23,004990,0.5009,0.2578,0.3983,0.3956,0.4515,0
2026-02-23,005010,0.5027,0.2564,0.4908,0.3712,0.4701,0
2026-02-23,005070,0.5074,0.2557,0.4588,0.5012,0.4913,1
2026-02-23,005090,0.5073,0.2532,0.3493,0.4953,0.4609,0
2026-02-23,005380,0.5062,0.2517,0.6229,0.5525,0.5451,0
2026-02-23,005385,0.5078,0.2543,0.5934,0.5625,0.5402,1
2026-02-23,005387,0.5078,0.2543,0.6699,0.5579,0.5591,1
2026-02-23,005420,0.5059,0.2548,0.6106,0.5422,0.54,0
2026-02-23,005440,0.5068,0.2629,0.3464,0.3694,0.4337,0
2026-02-23,005490,0.5062,0.2628,0.7156,0.6194,0.5854,1
2026-02-23,005680,0.5055,0.2568,0.6114,0.4817,0.527,0
2026-02-23,005690,0.5061,0.2604,0.4043,0.513,0.4803,0
2026-02-23,005830,0.5072,0.2533,0.5383,0.3961,0.4882,0
2026-02-23,005850,0.5079,0.2633,0.3482,0.5632,0.4775,1
2026-02-23,005880,0.5109,0.2608,0.4454,0.5789,0.5065,0
2026-02-23,005930,0.5065,0.2622,0.7024,0.5743,0.5721,1
2026-02-23,005935,0.5066,0.2625,0.5834,0.5194,0.5291,1
2026-02-23,005940,0.5083,0.2653,0.6613,0.5466,0.5561,0
2026-02-23,005945,0.5123,0.2653,0.525,0.6154,0.5364,0
2026-02-23,006110,0.5082,0.2649,0.5838,0.5007,0.5255,0
2026-02-23,006120,0.5062,0.2615,0.588,0.5691,0.5412,0
2026-02-23,006220,0.5071,0.2637,0.4428,0.5664,0.503,0
2026-02-23,006260,0.5072,0.2616,0.5774,0.651,0.5568,1
2026-02-23,006340,0.505,0.2512,0.089,0.4215,0.3779,0
2026-02-23,006360,0.5062,0.2634,0.5045,0.5276,0.5103,1
2026-02-23,006400,0.512,0.2586,0.661,0.6626,0.581,1
2026-02-23,006650,0.5018,0.2587,0.4217,0.5907,0.5015,1
2026-02-23,006800,0.5067,0.2651,0.27,0.583,0.4616,0
2026-02-23,006805,0.5096,0.2645,0.5775,0.5476,0.5345,0
2026-02-23,00680K,0.512,0.2645,0.5395,0.5296,0.5208,0
2026-02-23,007070,0.5061,0.2525,0.5448,0.4851,0.5097,0
2026-02-23,007340,0.509,0.2626,0.5808,0.5412,0.5336,0
2026-02-23,007660,0.5092,0.2607,0.3998,0.3536,0.4439,1
2026-02-23,007810,0.5077,0.2647,0.4807,0.5154,0.5017,0
2026-02-23,008060,0.5068,0.2568,0.4465,0.4828,0.4841,1
2026-02-23,008770,0.496,0.2452,0.4669,0.3862,0.4647,0
2026-02-23,008930,0.5072,0.2562,0.5699,0.5126,0.5231,0
2026-02-23,009150,0.5072,0.2501,0.5132,0.7413,0.5584,0
2026-02-23,009160,0.493,0.2327,0.3818,0.4092,0.4454,0
2026-02-23,009290,0.5061,0.2497,0.2077,0.3099,0.3835,0
2026-02-23,009410,0.5009,0.2533,0.4688,0.5391,0.5013,1
2026-02-23,009420,0.5072,0.2581,0.4713,0.486,0.4916,0
2026-02-23,009470,0.5055,0.2578,0.1424,0.5802,0.4267,0
2026-02-23,009540,0.505,0.2595,0.6062,0.5738,0.5465,0
2026-02-23,009830,0.5087,0.2651,0.3181,0.6259,0.4841,0
2026-02-23,009900,0.492,0.2461,0.3682,0.5204,0.4686,1
2026-02-23,010060,0.5115,0.2663,0.5758,0.6599,0.5596,0
2026-02-23,010120,0.5072,0.2638,0.6464,0.6628,0.5775,1
2026-02-23,010140,0.503,0.2511,0.5474,0.5619,0.527,0
2026-02-23,010690,0.5061,0.2625,0.4678,0.4838,0.4907,0
2026-02-23,010780,0.5098,0.2653,0.4196,0.5734,0.4991,1
2026-02-23,010820,0.5061,0.2495,0.1747,0.2454,0.3619,0
2026-02-23,010950,0.5118,0.2603,0.5183,0.4446,0.4955,0
2026-02-23,011070,0.5089,0.2584,0.5745,0.4151,0.503,1
2026-02-23,011170,0.5079,0.2628,0.336,0.5348,0.4679,1
2026-02-23,011200,0.5045,0.255,0.2294,0.4933,0.4294,0
2026-02-23,011210,0.5061,0.2521,0.4696,0.5886,0.5131,1
2026-02-23,011500,0.5135,0.2642,0.5535,0.6052,0.5415,1
2026-02-23,011690,0.5061,0.2613,0.3968,0.5173,0.4794,0
2026-02-23,011780,0.5023,0.2524,0.7057,0.6157,0.5801,1
2026-02-23,011790,0.5047,0.2514,0.6125,0.428,0.5143,1
2026-02-23,011930,0.5104,0.2625,0.6722,0.7254,0.5979,1
2026-02-23,012030,0.5069,0.2567,0.3352,0.4251,0.4422,0
2026-02-23,0120G0,0.5068,0.2628,0.3417,0.5081,0.4632,0
2026-02-23,012330,0.502,0.2492,0.6554,0.6033,0.5639,1
2026-02-23,012450,0.5089,0.2608,0.5567,0.5278,0.524,0
2026-02-23,012510,0.5083,0.2493,0.4469,0.0608,0.3902,0
2026-02-23,012630,0.5068,0.2634,0.5139,0.5251,0.5123,1
2026-02-23,015760,0.5076,0.2525,0.4597,0.616,0.5169,0
2026-02-23,015860,0.5061,0.2603,0.4965,0.4297,0.4857,0
2026-02-23,016360,0.5109,0.2653,0.5357,0.535,0.521,1
2026-02-23,016380,0.5054,0.2616,0.4141,0.5758,0.497,0
2026-02-23,016610,0.5108,0.2653,0.4756,0.6193,0.5242,1
2026-02-23,017670,0.51,0.2638,0.509,0.5378,0.5143,0
2026-02-23,017800,0.5073,0.2568,0.5218,0.5887,0.5277,0
2026-02-23,017860,0.4994,0.2553,0.5161,0.656,0.5401,1
2026-02-23,017960,0.5068,0.256,0.5294,0.4216,0.492,1
2026-02-23,018260,0.4926,0.2376,0.7,0.5577,0.5625,1
2026-02-23,018880,0.509,0.2641,0.4638,0.5729,0.5102,0
2026-02-23,020000,0.5025,0.2581,0.5897,0.602,0.548,1
2026-02-23,020150,0.5091,0.2653,0.5538,0.5865,0.5371,1
2026-02-23,021240,0.5089,0.2632,0.4545,0.5875,0.5109,0
2026-02-23,022100,0.5114,0.2568,0.5279,0.6319,0.5394,1
2026-02-23,024110,0.5103,0.2653,0.3549,0.6411,0.4973,0
2026-02-23,025860,0.5006,0.2523,0.3874,0.432,0.4558,0
2026-02-23,026890,0.5061,0.2573,0.5325,0.4319,0.4952,0
2026-02-23,027410,0.4991,0.2461,0.4943,0.5061,0.4993,0
2026-02-23,028050,0.5073,0.2637,0.6096,0.5624,0.5458,1
2026-02-23,028100,0.5032,0.2549,0.5874,0.6389,0.5552,0
2026-02-23,028260,0.508,0.2633,0.6287,0.6052,0.5603,1
2026-02-23,028670,0.5109,0.2614,0.5745,0.5414,0.532,1
2026-02-23,029780,0.5094,0.2653,0.283,0.4425,0.4341,0
2026-02-23,030000,0.4962,0.2397,0.1945,0.3277,0.3815,0
2026-02-23,030200,0.5074,0.2598,0.3941,0.369,0.4455,0
2026-02-23,030210,0.5095,0.2631,0.5977,0.5581,0.5419,0
2026-02-23,030610,0.5108,0.2653,0.4796,0.3933,0.4745,1
2026-02-23,031430,0.5059,0.2605,0.5061,0.5186,0.5082,0
2026-02-23,032350,0.507,0.2626,0.6174,0.5785,0.5512,0
2026-02-23,032640,0.5028,0.2617,0.5109,0.4279,0.4889,0
2026-02-23,032830,0.5072,0.2558,0.6265,0.6762,0.5741,0
2026-02-23,033240,0.5101,0.2653,0.3921,0.5031,0.4761,1
2026-02-23,033530,0.507,0.257,0.608,0.4775,0.5253,0
2026-02-23,033780,0.5049,0.2577,0.5536,0.5667,0.5309,0
2026-02-23,034020,0.5117,0.2626,0.691,0.6452,0.5854,0
2026-02-23,034220,0.5065,0.2551,0.5803,0.4753,0.5172,0
2026-02-23,034230,0.5079,0.2621,0.6009,0.5521,0.541,0
2026-02-23,034730,0.5097,0.2659,0.5451,0.6775,0.5552,1
2026-02-23,034830,0.5006,0.2601,0.2323,0.2294,0.3735,1
2026-02-23,035250,0.4991,0.2449,0.089,0.3948,0.3707,0
2026-02-23,035420,0.5027,0.2559,0.6498,0.664,0.5769,0
2026-02-23,035510,0.5008,0.2485,0.5927,0.4748,0.5187,0
2026-02-23,035720,0.4962,0.2395,0.5134,0.3576,0.4696,1
2026-02-23,036460,0.4996,0.2546,0.5525,0.4581,0.5052,0
2026-02-23,037270,0.5059,0.2449,0.5634,0.5599,0.5301,0
2026-02-23,039490,0.5131,0.2659,0.5038,0.643,0.5372,0
2026-02-23,042660,0.5108,0.2622,0.6126,0.5883,0.5525,0
2026-02-23,042700,0.509,0.2623,0.6218,0.5284,0.5414,0
2026-02-23,044450,0.5088,0.2634,0.5219,0.4612,0.5003,0
2026-02-23,047040,0.5076,0.265,0.4465,0.454,0.479,1
2026-02-23,047050,0.5118,0.2628,0.4948,0.496,0.5013,1
2026-02-23,047810,0.5124,0.2498,0.7012,0.6774,0.5932,1
2026-02-23,051600,0.5067,0.2602,0.3736,0.5755,0.4863,0
2026-02-23,051910,0.508,0.258,0.3637,0.5826,0.4851,1
2026-02-23,052690,0.509,0.2659,0.5765,0.4337,0.5088,0
2026-02-23,053690,0.5069,0.2622,0.6165,0.6083,0.5575,1
2026-02-23,055550,0.5042,0.257,0.5586,0.6412,0.5487,0
2026-02-23,062040,0.5074,0.2611,0.597,0.6136,0.5535,1
2026-02-23,064350,0.5067,0.2622,0.6729,0.6893,0.5898,0
2026-02-23,064400,0.5065,0.2512,0.3822,0.6229,0.4978,1
2026-02-23,066570,0.5072,0.2583,0.5796,0.4711,0.5167,0
2026-02-23,066970,0.5073,0.2655,0.6575,0.6037,0.5677,1
2026-02-23,068270,0.5008,0.2512,0.7544,0.6312,0.5955,0
2026-02-23,069260,0.5,0.2436,0.5281,0.4749,0.5009,0
2026-02-23,071050,0.5106,0.2659,0.3792,0.6024,0.4952,0
2026-02-23,071970,0.5055,0.2601,0.4651,0.6749,0.5324,0
2026-02-23,073240,0.5079,0.2609,0.5614,0.5949,0.5401,0
2026-02-23,075580,0.5064,0.2622,0.5617,0.6037,0.5422,0
2026-02-23,077970,0.5081,0.2638,0.5421,0.5987,0.5364,0
2026-02-23,078520,0.5079,0.2599,0.5588,0.5291,0.5246,0
2026-02-23,078930,0.5121,0.2608,0.412,0.5381,0.4887,0
2026-02-23,079160,0.4951,0.2395,0.5143,0.5478,0.5124,0
2026-02-23,079550,0.5062,0.2632,0.4701,0.5597,0.5085,1
2026-02-23,081660,0.5052,0.2612,0.3818,0.5339,0.4791,0
2026-02-23,082640,0.5104,0.2607,0.5497,0.6445,0.5484,0
2026-02-23,082740,0.5124,0.2574,0.5197,0.6169,0.5341,0
2026-02-23,084680,0.505,0.2469,0.5885,0.4174,0.5049,0
2026-02-23,085620,0.5061,0.2531,0.5332,0.6484,0.5433,0
2026-02-23,086280,0.509,0.2642,0.6819,0.691,0.593,1
2026-02-23,086790,0.5081,0.2638,0.4632,0.5418,0.5029,0
2026-02-23,088350,0.5023,0.254,0.4579,0.4311,0.4745,0
2026-02-23,088980,0.472,0.2269,0.0214,0.0551,0.283,0
2026-02-23,089590,0.5079,0.2606,0.6533,0.514,0.546,0
2026-02-23,090430,0.5057,0.2531,0.6135,0.3644,0.5006,0
2026-02-23,090460,0.5079,0.2617,0.5846,0.7219,0.5744,1
2026-02-23,091810,0.5053,0.2526,0.4823,0.5142,0.4997,0
2026-02-23,092200,0.5053,0.2622,0.6453,0.6756,0.5796,0
2026-02-23,092220,0.5091,0.2578,0.4131,0.3892,0.4548,1
2026-02-23,092790,0.5106,0.2637,0.4526,0.6066,0.515,0
2026-02-23,093370,0.5084,0.255,0.6439,0.602,0.5623,0
2026-02-23,094800,0.5078,0.2587,0.1693,0.1554,0.3436,1
2026-02-23,096770,0.5058,0.2578,0.7,0.6306,0.5831,1
2026-02-23,097230,0.5106,0.2649,0.5858,0.5906,0.5464,0
2026-02-23,100090,0.5047,0.2536,0.5593,0.5815,0.5351,1
2026-02-23,100840,0.5123,0.2653,0.5246,0.6624,0.5468,0
2026-02-23,103140,0.509,0.2627,0.5515,0.6084,0.541,0
2026-02-23,103590,0.5072,0.2605,0.3517,0.516,0.4673,1
2026-02-23,105560,0.5048,0.2632,0.6753,0.4072,0.5279,0
2026-02-23,105840,0.5077,0.2598,0.5365,0.5985,0.5342,0
2026-02-23,112610,0.5075,0.2623,0.5413,0.6702,0.5518,1
2026-02-23,114090,0.488,0.2423,0.5628,0.3871,0.4886,0
2026-02-23,117580,0.4982,0.2532,0.2537,0.5235,0.4413,0
2026-02-23,120110,0.51,0.2628,0.535,0.5903,0.5327,1
2026-02-23,123890,0.5018,0.2446,0.1964,0.3378,0.3854,1
2026-02-23,126560,0.4998,0.2397,0.2942,0.2893,0.3986,0
2026-02-23,126720,0.5047,0.2634,0.5595,0.4305,0.5028,0
2026-02-23,128820,0.5061,0.2512,0.5253,0.7095,0.5545,0
2026-02-23,130660,0.5079,0.2634,0.5337,0.4808,0.5077,0
2026-02-23,136490,0.5077,0.2588,0.5451,0.4645,0.5063,0
2026-02-23,138040,0.512,0.2653,0.4987,0.4309,0.4881,0
2026-02-23,138930,0.5057,0.2631,0.3067,0.25,0.3974,0
2026-02-23,139130,0.5085,0.2653,0.3853,0.4272,0.4572,0
2026-02-23,139480,0.5086,0.2619,0.4291,0.6945,0.5281,0
2026-02-23,161390,0.5121,0.2653,0.5373,0.5559,0.5263,1
2026-02-23,161890,0.5009,0.2615,0.2998,0.6167,0.4757,1
2026-02-23,175330,0.5113,0.2653,0.6415,0.5881,0.5605,0
2026-02-23,178920,0.5092,0.2653,0.6261,0.6569,0.5715,1
2026-02-23,180640,0.5057,0.2634,0.5108,0.7589,0.5636,1
2026-02-23,192650,0.5099,0.2642,0.6031,0.4888,0.528,0
2026-02-23,195870,0.5068,0.2617,0.4547,0.5089,0.4929,1
2026-02-23,204320,0.5053,0.2623,0.5931,0.6303,0.5561,1
2026-02-23,214320,0.4928,0.2468,0.1203,0.381,0.3751,0
2026-02-23,217590,0.5059,0.2637,0.6593,0.6655,0.5812,0
2026-02-23,229640,0.5077,0.2532,0.5193,0.6334,0.5365,1
2026-02-23,241560,0.5076,0.2606,0.5332,0.5762,0.5285,0
2026-02-23,248070,0.5083,0.256,0.4535,0.3523,0.4567,0
2026-02-23,249420,0.5072,0.254,0.5715,0.6804,0.5606,0
2026-02-23,251270,0.5021,0.2481,0.4062,0.4425,0.4626,0
2026-02-23,259960,0.5034,0.2503,0.6111,0.4695,0.5229,0
2026-02-23,267250,0.5079,0.2604,0.6806,0.689,0.5915,1
2026-02-23,267260,0.5072,0.262,0.6651,0.6274,0.5743,1
2026-02-23,267270,0.5123,0.2634,0.5519,0.6694,0.5551,0
2026-02-23,272210,0.5125,0.2653,0.5611,0.639,0.5511,0
2026-02-23,272450,0.5026,0.2528,0.4067,0.5105,0.4787,0
2026-02-23,278470,0.5066,0.2487,0.3859,0.5817,0.4891,1
2026-02-23,281820,0.5084,0.2591,0.3787,0.5532,0.4827,0
2026-02-23,293940,0.4745,0.2222,0.1093,0.0984,0.31,0
2026-02-23,294870,0.5058,0.2634,0.5743,0.5312,0.5294,1
2026-02-23,302440,0.4898,0.2401,0.3894,0.5502,0.4796,0
2026-02-23,316140,0.5085,0.2638,0.2826,0.3501,0.4134,0
2026-02-23,322000,0.5108,0.2641,0.4702,0.6738,0.5348,0
2026-02-23,323410,0.5097,0.2638,0.4293,0.5772,0.5022,0
2026-02-23,326030,0.5045,0.2549,0.5815,0.6059,0.5465,0
2026-02-23,329180,0.5062,0.2626,0.5037,0.5294,0.5104,0
2026-02-23,330590,0.4987,0.2543,0.2431,0.1846,0.3657,1
2026-02-23,336260,0.51,0.2618,0.6228,0.6076,0.5593,1
2026-02-23,336370,0.5109,0.2637,0.5849,0.5382,0.5344,0
2026-02-23,348950,0.4973,0.2444,0.4967,0.4919,0.4963,0
2026-02-23,352820,0.5013,0.2429,0.5267,0.6709,0.5445,0
2026-02-23,353200,0.508,0.2594,0.3992,0.5429,0.4857,1
2026-02-23,357120,0.4691,0.2232,0.0073,0.0133,0.2718,0
2026-02-23,361610,0.5041,0.256,0.5819,0.6235,0.5506,1
2026-02-23,365550,0.471,0.2083,0.0651,0.0146,0.2825,0
2026-02-23,373220,0.4997,0.2483,0.6172,0.5406,0.5397,1
2026-02-23,375500,0.5087,0.2633,0.4972,0.4836,0.4988,1
2026-02-23,377190,0.4748,0.2224,0.2282,0.1531,0.3485,0
2026-02-23,377300,0.5125,0.2643,0.6738,0.5912,0.5695,0
2026-02-23,383800,0.4991,0.2604,0.3422,0.4461,0.4483,0
2026-02-23,395400,0.4829,0.2214,0.3159,0.304,0.4026,0
2026-02-23,402340,0.5087,0.2641,0.5368,0.6317,0.5425,1
2026-02-23,404990,0.4983,0.2529,0.064,0.155,0.3172,1
2026-02-23,415640,0.4733,0.2112,0.0645,0.0289,0.2856,0
2026-02-23,417310,0.4831,0.2275,0.2925,0.1968,0.3747,1
2026-02-23,432320,0.5072,0.2516,0.4997,0.471,0.4947,1
2026-02-23,439260,0.5072,0.2589,0.4304,0.5355,0.4921,0
2026-02-23,443060,0.5023,0.2492,0.5517,0.5765,0.531,0
2026-02-23,450080,0.5124,0.265,0.6347,0.6558,0.5738,1
2026-02-23,451800,0.4993,0.2462,0.3549,0.0677,0.3675,0
2026-02-23,452260,0.5065,0.2633,0.4966,0.4228,0.4847,1
2026-02-23,454910,0.5066,0.2599,0.3563,0.4676,0.4575,1
2026-02-23,456040,0.4989,0.2631,0.491,0.5497,0.5108,1
2026-02-23,457190,0.5124,0.2646,0.5005,0.6139,0.5296,1
2026-02-23,460860,0.5035,0.2573,0.4693,0.531,0.5006,1
2026-02-23,475150,0.5102,0.2651,0.5953,0.5123,0.5314,0
2026-02-23,489790,0.5081,0.2637,0.3409,0.4918,0.4597,1
2026-02-23,900140,0.497,0.2373,0.3924,0.352,0.4367,1
2026-02-24,000080,0.472,0.2062,0.3527,0.2848,0.4042,0
2026-02-24,000100,0.4997,0.2429,0.4588,0.3314,0.4504,0
2026-02-24,000210,0.5072,0.2628,0.3557,0.5305,0.472,0
2026-02-24,000240,0.5127,0.2634,0.3543,0.5634,0.4797,0
2026-02-24,000270,0.5053,0.2609,0.7192,0.5727,0.5757,1
2026-02-24,000370,0.5084,0.2651,0.5453,0.4855,0.5121,0
2026-02-24,000390,0.5076,0.2651,0.6272,0.5468,0.5471,0
2026-02-24,000400,0.5083,0.2618,0.4107,0.5402,0.4885,0
2026-02-24,000490,0.5083,0.259,0.549,0.6437,0.5475,1
2026-02-24,000500,0.5078,0.2629,0.5475,0.6456,0.5481,0
2026-02-24,000540,0.503,0.2641,0.5666,0.4273,0.5038,0
2026-02-24,000660,0.5061,0.2633,0.4074,0.5353,0.4865,1
2026-02-24,000680,0.498,0.2292,0.5382,0.3145,0.4651,0
2026-02-24,000720,0.5076,0.2628,0.5949,0.7151,0.5757,1
2026-02-24,000810,0.5144,0.2663,0.6017,0.4505,0.52,0
2026-02-24,000880,0.5074,0.2589,0.5556,0.7442,0.5714,1
2026-02-24,000990,0.512,0.2628,0.4382,0.6404,0.5189,1
2026-02-24,001040,0.5083,0.2625,0.5817,0.6099,0.549,0
2026-02-24,001120,0.5052,0.2619,0.2262,0.5195,0.4355,0
2026-02-24,001200,0.509,0.265,0.5711,0.4112,0.5022,0
2026-02-24,001230,0.5084,0.2647,0.3899,0.4551,0.4645,1
2026-02-24,001340,0.5077,0.257,0.6189,0.4838,0.5297,0
2026-02-24,001390,0.5068,0.2584,0.6193,0.5324,0.5407,0
2026-02-24,001430,0.5077,0.2561,0.4938,0.465,0.4925,0
2026-02-24,001440,0.5086,0.2643,0.4916,0.5497,0.5123,0
2026-02-24,001450,0.5069,0.2653,0.4162,0.6666,0.5187,0
2026-02-24,001500,0.5111,0.264,0.5643,0.3789,0.4933,0
2026-02-24,001510,0.505,0.2604,0.3338,0.5702,0.4745,0
2026-02-24,001740,0.5061,0.2577,0.4236,0.4615,0.4734,0
2026-02-24,001790,0.4833,0.2241,0.158,0.1144,0.3254,0
2026-02-24,001800,0.5111,0.2624,0.6227,0.5257,0.5413,0
2026-02-24,001820,0.5072,0.2509,0.1371,0.2079,0.3454,0
2026-02-24,002310,0.5081,0.2651,0.4819,0.5459,0.509,0
2026-02-24,002350,0.5079,0.2611,0.5297,0.5491,0.5216,0
2026-02-24,002790,0.5083,0.2636,0.392,0.5498,0.4861,0
2026-02-24,002900,0.5076,0.2617,0.6133,0.5224,0.5376,0
2026-02-24,003000,0.5061,0.251,0.3959,0.2718,0.423,0
2026-02-24,003160,0.508,0.2623,0.5317,0.659,0.5469,0
2026-02-24,003280,0.5075,0.2632,0.2584,0.3457,0.4061,0
2026-02-24,003470,0.5087,0.264,0.5881,0.5241,0.5319,0
2026-02-24,003490,0.5035,0.2536,0.4393,0.3755,0.4573,1
2026-02-24,003520,0.4967,0.2481,0.2375,0.2621,0.3795,0
2026-02-24,003530,0.5111,0.2651,0.6054,0.4701,0.5247,0
2026-02-24,003540,0.5084,0.2637,0.4059,0.3839,0.4526,0
2026-02-24,003550,0.4976,0.2533,0.5434,0.5233,0.517,1
2026-02-24,003620,0.5105,0.2568,0.4338,0.4838,0.4814,1
2026-02-24,003670,0.5078,0.2548,0.7237,0.5694,0.5756,1
2026-02-24,003690,0.5051,0.263,0.253,0.1294,0.3586,0
2026-02-24,003720,0.5071,0.2632,0.6711,0.5102,0.5501,0
2026-02-24,003850,0.507,0.2622,0.5261,0.4544,0.4995,0
2026-02-24,004000,0.4973,0.2528,0.6289,0.551,0.5454,0
2026-02-24,004020,0.509,0.2559,0.4781,0.6051,0.52,1
2026-02-24,004310,0.5123,0.2655,0.4838,0.6152,0.5256,0
2026-02-24,004560,0.5102,0.2651,0.6193,0.5178,0.5389,0
2026-02-24,004990,0.508,0.2653,0.3043,0.5215,0.457,0
2026-02-24,005010,0.5032,0.2463,0.445,0.4508,0.4745,0
2026-02-24,005070,0.5074,0.2547,0.4612,0.5419,0.501,0
2026-02-24,005090,0.5072,0.2628,0.2248,0.229,0.3727,0
2026-02-24,005380,0.5076,0.2576,0.6662,0.5863,0.5649,1
2026-02-24,005385,0.5074,0.2619,0.6169,0.6406,0.5648,1
2026-02-24,005387,0.5074,0.2625,0.629,0.6327,0.5663,1
2026-02-24,005420,0.5063,0.2506,0.6018,0.6291,0.5565,0
2026-02-24,005440,0.5072,0.2496,0.3065,0.4513,0.4395,0
2026-02-24,005490,0.5036,0.2553,0.5681,0.5527,0.5311,1
2026-02-24,005680,0.5064,0.2542,0.5105,0.3141,0.4626,0
2026-02-24,005690,0.5104,0.2651,0.5971,0.5582,0.5422,0
2026-02-24,005830,0.5106,0.2659,0.5151,0.522,0.5128,0
2026-02-24,005850,0.5091,0.2624,0.4229,0.5273,0.489,1
2026-02-24,005880,0.5068,0.257,0.4468,0.5322,0.4953,0
2026-02-24,005930,0.5053,0.2623,0.6689,0.5474,0.5574,1
2026-02-24,005935,0.5053,0.2625,0.7362,0.415,0.5455,1
2026-02-24,005940,0.5122,0.2653,0.5058,0.4732,0.4995,0
2026-02-24,005945,0.5123,0.2653,0.6197,0.4548,0.5252,0
2026-02-24,006110,0.5068,0.2585,0.5046,0.4665,0.4959,0
2026-02-24,006120,0.5076,0.2624,0.5831,0.5315,0.5318,0
2026-02-24,006220,0.5123,0.2651,0.5492,0.5476,0.5275,0
2026-02-24,006260,0.5072,0.2626,0.5628,0.7257,0.5697,0
2026-02-24,006340,0.505,0.2486,0.0918,0.4109,0.3759,0
2026-02-24,006360,0.5058,0.2618,0.483,0.5485,0.5091,0
2026-02-24,006400,0.5075,0.2559,0.6645,0.7564,0.6013,1
2026-02-24,006650,0.5018,0.2568,0.4329,0.5742,0.5005,0
2026-02-24,006800,0.5087,0.2653,0.2757,0.3825,0.419,0
2026-02-24,006805,0.5098,0.2651,0.6692,0.6143,0.5732,0
2026-02-24,00680K,0.5122,0.2653,0.5317,0.6476,0.5453,0
2026-02-24,007070,0.5089,0.2522,0.5097,0.4688,0.4971,0
2026-02-24,007340,0.5123,0.2638,0.5814,0.5466,0.5355,0
2026-02-24,007660,0.5088,0.2596,0.4531,0.3446,0.4556,0
2026-02-24,007810,0.5077,0.2621,0.35,0.5282,0.4699,0
2026-02-24,008060,0.5073,0.2573,0.4733,0.4347,0.4805,1
2026-02-24,008770,0.4948,0.2461,0.5885,0.3354,0.4852,0
2026-02-24,008930,0.5068,0.2605,0.3738,0.3592,0.4381,0
2026-02-24,009150,0.5072,0.2613,0.5589,0.7845,0.5814,0
2026-02-24,009160,0.4939,0.2419,0.4606,0.5194,0.4922,0
2026-02-24,009290,0.5037,0.265,0.5916,0.1887,0.4571,0
2026-02-24,009410,0.5037,0.255,0.4689,0.547,0.5037,0
2026-02-24,009420,0.5079,0.2612,0.3303,0.427,0.4421,0
2026-02-24,009470,0.5102,0.2657,0.3962,0.3906,0.4521,0
2026-02-24,009540,0.5117,0.2644,0.5738,0.654,0.5575,0
2026-02-24,009830,0.508,0.2646,0.3447,0.5001,0.4627,1
2026-02-24,009900,0.4914,0.2198,0.5314,0.372,0.474,1
2026-02-24,010060,0.5079,0.2623,0.5041,0.596,0.5256,0
2026-02-24,010120,0.5072,0.2638,0.616,0.5329,0.5409,0
2026-02-24,010140,0.503,0.2466,0.5674,0.5474,0.5283,0
2026-02-24,010690,0.5064,0.2632,0.422,0.4909,0.4804,1
2026-02-24,010780,0.5014,0.2637,0.5137,0.539,0.5148,0
2026-02-24,010820,0.5064,0.263,0.2633,0.3321,0.4042,0
2026-02-24,010950,0.5098,0.257,0.5329,0.6605,0.547,0
2026-02-24,011070,0.5062,0.2627,0.5386,0.506,0.5143,1
2026-02-24,011170,0.5072,0.2575,0.334,0.6143,0.4842,0
2026-02-24,011200,0.5035,0.256,0.3652,0.4077,0.4456,0
2026-02-24,011210,0.5068,0.2506,0.4635,0.6372,0.5223,1
2026-02-24,011500,0.5067,0.2626,0.5542,0.4741,0.5113,0
2026-02-24,011690,0.5068,0.2623,0.4192,0.5032,0.4823,0
2026-02-24,011780,0.5034,0.247,0.721,0.676,0.5964,0
2026-02-24,011790,0.5055,0.2558,0.6005,0.675,0.567,0
2026-02-24,011930,0.5069,0.262,0.5729,0.6579,0.5572,0
2026-02-24,012030,0.5087,0.2626,0.4248,0.3244,0.4441,0
2026-02-24,0120G0,0.507,0.2655,0.3942,0.6401,0.5071,0
2026-02-24,012330,0.5017,0.2455,0.6385,0.5672,0.5509,1
2026-02-24,012450,0.5073,0.2626,0.5519,0.5409,0.5257,0
2026-02-24,012510,0.5079,0.2535,0.3956,0.0247,0.3705,0
2026-02-24,012630,0.5075,0.2637,0.4755,0.4656,0.489,1
2026-02-24,015760,0.5069,0.2526,0.4811,0.5988,0.5186,0
2026-02-24,015860,0.5092,0.265,0.5114,0.5022,0.507,0
2026-02-24,016360,0.5123,0.264,0.56,0.5458,0.5298,0
2026-02-24,016380,0.5032,0.2483,0.3544,0.3999,0.4398,0
2026-02-24,016610,0.5111,0.2634,0.603,0.524,0.5359,0
2026-02-24,017670,0.509,0.2615,0.3198,0.5281,0.4621,0
2026-02-24,017800,0.5069,0.2539,0.5532,0.613,0.5408,0
2026-02-24,017860,0.5043,0.2517,0.6322,0.5424,0.545,1
2026-02-24,017960,0.5075,0.2621,0.5271,0.4085,0.4895,0
2026-02-24,018260,0.4883,0.2356,0.6794,0.6115,0.5682,1
2026-02-24,018880,0.5079,0.265,0.482,0.6333,0.5286,1
2026-02-24,020000,0.5021,0.2505,0.5059,0.4149,0.4829,1
2026-02-24,020150,0.5081,0.2624,0.486,0.6268,0.5278,0
2026-02-24,021240,0.5117,0.2598,0.4584,0.4805,0.4877,0
2026-02-24,022100,0.507,0.2469,0.4579,0.5468,0.4999,0
2026-02-24,024110,0.508,0.2638,0.4731,0.4967,0.4954,0
2026-02-24,025860,0.5039,0.2619,0.4606,0.4877,0.4893,0
2026-02-24,026890,0.5097,0.2631,0.6329,0.4619,0.5296,0
2026-02-24,027410,0.4991,0.237,0.4473,0.2873,0.4367,0
2026-02-24,028050,0.5057,0.2621,0.4919,0.4861,0.4974,1
2026-02-24,028100,0.4998,0.2472,0.5744,0.3579,0.4873,0
2026-02-24,028260,0.5074,0.2597,0.5853,0.5104,0.5272,1
2026-02-24,028670,0.5073,0.2608,0.5469,0.4594,0.5059,0
2026-02-24,029780,0.5021,0.2653,0.3961,0.5488,0.4865,0
2026-02-24,030000,0.4995,0.2552,0.271,0.5063,0.4424,0
2026-02-24,030200,0.5074,0.2619,0.3881,0.5552,0.4859,0
2026-02-24,030210,0.5109,0.2632,0.6562,0.5277,0.5505,0
2026-02-24,030610,0.5115,0.2635,0.5992,0.5488,0.5405,0
2026-02-24,031430,0.5075,0.2478,0.5818,0.247,0.4653,1
2026-02-24,032350,0.51,0.2643,0.6463,0.5987,0.5638,0
2026-02-24,032640,0.5023,0.2598,0.5296,0.5098,0.5119,0
2026-02-24,032830,0.5108,0.2659,0.6026,0.6052,0.5542,1
2026-02-24,033240,0.5086,0.2626,0.3044,0.3902,0.4276,0
2026-02-24,033530,0.5052,0.2525,0.6094,0.6349,0.5599,0
2026-02-24,033780,0.5057,0.2581,0.614,0.4109,0.512,0
2026-02-24,034020,0.5095,0.2608,0.6934,0.6189,0.5797,1
2026-02-24,034220,0.5067,0.2615,0.5325,0.5207,0.5159,1
2026-02-24,034230,0.512,0.2634,0.6785,0.6612,0.5859,0
2026-02-24,034730,0.5072,0.2638,0.5607,0.52,0.5235,1
2026-02-24,034830,0.5037,0.2587,0.3177,0.4755,0.4487,0
2026-02-24,035250,0.4964,0.247,0.0866,0.3193,0.3544,0
2026-02-24,035420,0.4956,0.246,0.6365,0.363,0.504,1
2026-02-24,035510,0.5038,0.2534,0.4822,0.5024,0.497,0
2026-02-24,035720,0.4925,0.2406,0.5024,0.4621,0.4899,1
2026-02-24,036460,0.4973,0.2618,0.6081,0.5699,0.5456,0
2026-02-24,037270,0.5061,0.2477,0.5541,0.6089,0.5391,0
2026-02-24,039490,0.5139,0.2659,0.5935,0.6951,0.5721,0
2026-02-24,042660,0.5128,0.2542,0.6319,0.6263,0.5649,0
2026-02-24,042700,0.5068,0.2598,0.5879,0.5625,0.5395,1
2026-02-24,044450,0.5066,0.2611,0.4813,0.4831,0.4939,0
2026-02-24,047040,0.5061,0.261,0.3403,0.4856,0.4575,1
2026-02-24,047050,0.5075,0.2589,0.5627,0.526,0.5247,0
2026-02-24,047810,0.5072,0.2608,0.7058,0.7008,0.6004,1
2026-02-24,051600,0.5105,0.2618,0.4423,0.6348,0.5184,0
2026-02-24,051910,0.5048,0.2573,0.4489,0.5708,0.5043,1
2026-02-24,052690,0.5098,0.2656,0.5883,0.5082,0.5287,1
2026-02-24,053690,0.5064,0.2558,0.6295,0.4146,0.5166,0
2026-02-24,055550,0.5031,0.2653,0.5388,0.5577,0.526,0
2026-02-24,062040,0.5072,0.263,0.6516,0.5937,0.5635,0
2026-02-24,064350,0.5067,0.2619,0.6656,0.6124,0.571,1
2026-02-24,064400,0.508,0.2464,0.447,0.6219,0.514,1
2026-02-24,066570,0.5079,0.2641,0.5297,0.5075,0.5127,1
2026-02-24,066970,0.5062,0.2605,0.5348,0.4272,0.4953,0
2026-02-24,068270,0.5049,0.2561,0.6862,0.7452,0.6041,0
2026-02-24,069260,0.4994,0.2433,0.5149,0.4264,0.4864,0
2026-02-24,071050,0.5117,0.2659,0.5518,0.4895,0.5152,0
2026-02-24,071970,0.5066,0.2626,0.5978,0.6564,0.5634,0
2026-02-24,073240,0.5072,0.2523,0.4967,0.5323,0.5077,0
2026-02-24,075580,0.5066,0.2546,0.5992,0.6169,0.5538,0
2026-02-24,077970,0.5095,0.2657,0.644,0.7807,0.6031,0
2026-02-24,078520,0.509,0.263,0.5887,0.5401,0.5355,0
2026-02-24,078930,0.5089,0.2614,0.4377,0.5678,0.5018,0
2026-02-24,079160,0.4899,0.2221,0.5087,0.411,0.4769,0
2026-02-24,079550,0.5089,0.2633,0.3741,0.388,0.4452,0
2026-02-24,081660,0.5072,0.2638,0.5638,0.5229,0.525,0
2026-02-24,082640,0.5107,0.2646,0.5979,0.5476,0.54,1
2026-02-24,082740,0.5119,0.2519,0.5645,0.6163,0.5448,0
2026-02-24,084680,0.5058,0.2559,0.5648,0.5454,0.5289,1
2026-02-24,085620,0.5037,0.254,0.5778,0.6068,0.5455,0
2026-02-24,086280,0.508,0.2617,0.659,0.6965,0.5879,1
2026-02-24,086790,0.5074,0.2635,0.5049,0.5057,0.5057,0
2026-02-24,088350,0.5049,0.2641,0.5936,0.4195,0.5094,0
2026-02-24,088980,0.4686,0.219,0.0427,0.2298,0.3194,0
2026-02-24,089590,0.5069,0.2621,0.4639,0.4741,0.4875,0
2026-02-24,090430,0.5057,0.2534,0.6216,0.3416,0.4977,0
2026-02-24,090460,0.5079,0.2617,0.6574,0.6817,0.5842,0
2026-02-24,091810,0.5043,0.2381,0.4601,0.4133,0.4689,0
2026-02-24,092200,0.505,0.2629,0.6274,0.6061,0.5597,0
2026-02-24,092220,0.5076,0.2587,0.217,0.4141,0.4098,0
2026-02-24,092790,0.5106,0.2615,0.4989,0.5175,0.5068,0
2026-02-24,093370,0.5059,0.2463,0.6495,0.4524,0.5288,0
2026-02-24,094800,0.5072,0.2587,0.0751,0.2148,0.3333,1
2026-02-24,096770,0.505,0.2573,0.756,0.4614,0.5601,0
2026-02-24,097230,0.5106,0.2612,0.5928,0.5875,0.547,1
2026-02-24,100090,0.5002,0.2525,0.5078,0.3821,0.4761,0
2026-02-24,100840,0.51,0.2638,0.5417,0.6456,0.547,0
2026-02-24,103140,0.507,0.2556,0.4369,0.5794,0.5031,0
2026-02-24,103590,0.5079,0.2631,0.4211,0.5433,0.4921,0
2026-02-24,105560,0.5078,0.2638,0.6479,0.4176,0.5235,0
2026-02-24,105840,0.5128,0.2634,0.5696,0.6989,0.5663,0
2026-02-24,112610,0.5072,0.2587,0.4544,0.4978,0.4899,1
2026-02-24,114090,0.4884,0.2384,0.4684,0.3415,0.4532,0
2026-02-24,117580,0.4984,0.2466,0.2603,0.4649,0.4291,0
2026-02-24,120110,0.509,0.2637,0.3383,0.5699,0.4766,1
2026-02-24,123890,0.5043,0.2587,0.4338,0.297,0.4393,0
2026-02-24,126560,0.503,0.2486,0.2546,0.4999,0.4362,0
2026-02-24,126720,0.5069,0.2614,0.4205,0.6132,0.5073,0
2026-02-24,128820,0.5077,0.2657,0.5454,0.5513,0.5269,0
2026-02-24,130660,0.508,0.2651,0.6789,0.4545,0.5401,0
2026-02-24,136490,0.5077,0.2606,0.5749,0.4451,0.51,0
2026-02-24,138040,0.5123,0.2638,0.4018,0.3144,0.4366,0
2026-02-24,138930,0.508,0.2624,0.4537,0.4709,0.4843,0
2026-02-24,139130,0.5097,0.2646,0.3716,0.5023,0.4704,0
2026-02-24,139480,0.5115,0.2657,0.5983,0.6294,0.5585,0
2026-02-24,161390,0.5087,0.2609,0.3578,0.5231,0.4707,0
2026-02-24,161890,0.4989,0.2437,0.3048,0.4688,0.441,1
2026-02-24,175330,0.5115,0.2653,0.4671,0.6123,0.5205,0
2026-02-24,178920,0.5076,0.2628,0.6253,0.5387,0.5445,0
2026-02-24,180640,0.5018,0.2616,0.5542,0.7232,0.5662,0
2026-02-24,192650,0.5064,0.2598,0.6146,0.5689,0.5478,0
2026-02-24,195870,0.507,0.2597,0.6049,0.5839,0.5487,0
2026-02-24,204320,0.5048,0.2522,0.65,0.5751,0.5571,1
2026-02-24,214320,0.487,0.2352,0.111,0.1591,0.3253,0
2026-02-24,217590,0.505,0.261,0.6719,0.5225,0.5524,0
2026-02-24,229640,0.5077,0.2614,0.5412,0.6447,0.546,0
2026-02-24,241560,0.5076,0.2596,0.5442,0.5922,0.5348,0
2026-02-24,248070,0.508,0.2579,0.5221,0.421,0.4904,0
2026-02-24,249420,0.505,0.2543,0.5549,0.5856,0.535,0
2026-02-24,251270,0.5019,0.2525,0.3308,0.6494,0.4899,0
2026-02-24,259960,0.5041,0.2586,0.6822,0.4985,0.5493,0
2026-02-24,267250,0.5079,0.2641,0.6334,0.5438,0.548,0
2026-02-24,267260,0.5079,0.2616,0.6616,0.5014,0.5455,0
2026-02-24,267270,0.509,0.2561,0.5427,0.5856,0.5326,0
2026-02-24,272210,0.5098,0.264,0.5466,0.6258,0.5438,1
2026-02-24,272450,0.5032,0.2453,0.3274,0.4033,0.4332,0
2026-02-24,278470,0.5079,0.2564,0.5228,0.638,0.539,1
2026-02-24,281820,0.5084,0.2637,0.4427,0.5857,0.5075,0
2026-02-24,293940,0.4736,0.2135,0.0594,0.0318,0.2853,0
2026-02-24,294870,0.5054,0.2581,0.5933,0.6026,0.5494,0
2026-02-24,302440,0.4888,0.2418,0.5483,0.5461,0.5206,0
2026-02-24,316140,0.5088,0.2638,0.5734,0.5093,0.5247,0
2026-02-24,322000,0.5086,0.2625,0.3199,0.3356,0.4196,0
2026-02-24,323410,0.5084,0.2618,0.5722,0.5742,0.5385,0
2026-02-24,326030,0.5,0.25,0.4575,0.6033,0.5122,0
2026-02-24,329180,0.5119,0.2563,0.4822,0.679,0.538,0
2026-02-24,330590,0.4974,0.2383,0.1431,0.0644,0.3156,0
2026-02-24,336260,0.5058,0.2625,0.6449,0.5786,0.5582,1
2026-02-24,336370,0.5079,0.2599,0.5769,0.5592,0.536,0
2026-02-24,348950,0.4973,0.2518,0.4753,0.4933,0.4921,0
2026-02-24,352820,0.4949,0.2502,0.5196,0.4828,0.5008,0
2026-02-24,353200,0.5072,0.2588,0.3682,0.4331,0.4529,0
2026-02-24,357120,0.4679,0.2257,0.0043,0.012,0.2711,0
2026-02-24,361610,0.5041,0.2592,0.582,0.5718,0.5396,0
2026-02-24,365550,0.4705,0.2224,0.13,0.0509,0.3052,0
2026-02-24,373220,0.5014,0.2463,0.6519,0.6498,0.5727,1
2026-02-24,375500,0.5087,0.2597,0.5254,0.5342,0.517,1
2026-02-24,377190,0.4748,0.2284,0.3232,0.1934,0.3808,0
2026-02-24,377300,0.5073,0.2605,0.585,0.6322,0.5544,0
2026-02-24,383800,0.5057,0.2573,0.4019,0.4294,0.4604,0
2026-02-24,395400,0.4803,0.2161,0.2271,0.3555,0.3902,1
2026-02-24,402340,0.5072,0.2633,0.468,0.5025,0.4952,1
2026-02-24,404990,0.4988,0.2575,0.1583,0.242,0.3575,0
2026-02-24,415640,0.4721,0.21,0.0392,0.0352,0.2811,0
2026-02-24,417310,0.4826,0.2293,0.1599,0.1617,0.3358,0
2026-02-24,432320,0.5031,0.2428,0.3888,0.2408,0.4129,1
2026-02-24,439260,0.5072,0.2601,0.4676,0.5329,0.5014,0
2026-02-24,443060,0.501,0.263,0.4486,0.555,0.5011,0
2026-02-24,450080,0.5074,0.2601,0.406,0.6036,0.5012,1
2026-02-24,451800,0.4987,0.2601,0.3782,0.1259,0.3875,1
2026-02-24,452260,0.505,0.2612,0.3447,0.3404,0.4264,1
2026-02-24,454910,0.5054,0.2637,0.4037,0.4675,0.4703,1
2026-02-24,456040,0.5004,0.2617,0.3629,0.5827,0.4846,0
2026-02-24,457190,0.5076,0.2593,0.3417,0.4744,0.4553,1
2026-02-24,460860,0.5014,0.2436,0.4601,0.5642,0.5033,1
2026-02-24,475150,0.5068,0.2626,0.4287,0.5223,0.4892,0
2026-02-24,489790,0.5072,0.2605,0.4056,0.2526,0.4228,0
2026-02-24,900140,0.497,0.244,0.4338,0.4419,0.4685,1
